id,name,price,stock
1,Roasted Coffee Cappuccino Sticks,641.25,10
2,Sweet Tea Jasmine Pearls,484.49,14
3,Light Snack Trail Mix,138.99,18
4,Special Drink Sports Drink,172.99,22
5,Local Bakery Cinnamon Roll,164.5,26
6,Fresh Dairy Greek Yogurt,231.49,30
7,Classic Pantry Soy Sauce 1L,195.25,34
8,Original Frozen Frozen Pizza,116.49,38
9,Salted Produce Garlic Bulb,69.25,42
10,Spicy Meat Lamb Chops,187.99,46
11,Deluxe Bath Mouthwash,150.99,50
12,Imported Clean Floor Wax,413.0,54
13,Natural Office Highlighter,61.25,58
14,Organic Tech Earphones,1559.5,62
15,Premium Pet Cat Food 1kg,169.49,66
16,Roasted Coffee Espresso Beans,363.0,70
17,Sweet Tea Hibiscus Leaves,463.99,74
18,Light Snack Popcorn Bag,96.25,78
19,Special Drink Juice Box,174.49,82
20,Local Bakery Banana Bread,207.75,86
21,Roasted Coffee Cappuccino Sticks,644.5,30
22,Sweet Tea Jasmine Pearls,487.74,34
23,Light Snack Trail Mix,142.24,38
24,Special Drink Sports Drink,176.24,42
25,Local Bakery Cinnamon Roll,167.75,46
26,Fresh Dairy Greek Yogurt,234.74,50
27,Classic Pantry Soy Sauce 1L,198.5,54
28,Original Frozen Frozen Pizza,119.74,58
29,Salted Produce Garlic Bulb,72.5,62
30,Spicy Meat Lamb Chops,191.24,66
31,Deluxe Bath Mouthwash,154.24,70
32,Imported Clean Floor Wax,416.25,74
33,Natural Office Highlighter,64.5,78
34,Organic Tech Earphones,1562.75,82
35,Premium Pet Cat Food 1kg,172.74,86
36,Roasted Coffee Espresso Beans,366.25,90
37,Sweet Tea Hibiscus Leaves,467.24,94
38,Light Snack Popcorn Bag,99.5,98
39,Special Drink Juice Box,177.74,3
40,Local Bakery Banana Bread,211.0,7
41,Roasted Coffee Cappuccino Sticks,647.75,50
42,Sweet Tea Jasmine Pearls,490.99,54
43,Light Snack Trail Mix,145.49,58
44,Special Drink Sports Drink,179.49,62
45,Local Bakery Cinnamon Roll,171.0,66
46,Fresh Dairy Greek Yogurt,237.99,70
47,Classic Pantry Soy Sauce 1L,201.75,74
48,Original Frozen Frozen Pizza,122.99,78
49,Salted Produce Garlic Bulb,75.75,82
50,Spicy Meat Lamb Chops,194.49,86
51,Deluxe Bath Mouthwash,157.49,90
52,Imported Clean Floor Wax,419.5,94
53,Natural Office Highlighter,67.75,98
54,Organic Tech Earphones,1566.0,3
55,Premium Pet Cat Food 1kg,175.99,7
56,Roasted Coffee Espresso Beans,369.5,11
57,Sweet Tea Hibiscus Leaves,470.49,15
58,Light Snack Popcorn Bag,102.75,19
59,Special Drink Juice Box,180.99,23
60,Local Bakery Banana Bread,214.25,27
61,Roasted Coffee Cappuccino Sticks,651.0,70
62,Sweet Tea Jasmine Pearls,494.24,74
63,Light Snack Trail Mix,148.74,78
64,Special Drink Sports Drink,182.74,82
65,Local Bakery Cinnamon Roll,174.25,86
66,Fresh Dairy Greek Yogurt,241.24,90
67,Classic Pantry Soy Sauce 1L,205.0,94
68,Original Frozen Frozen Pizza,126.24,98
69,Salted Produce Garlic Bulb,79.0,3
70,Spicy Meat Lamb Chops,197.74,7
71,Deluxe Bath Mouthwash,160.74,11
72,Imported Clean Floor Wax,422.75,15
73,Natural Office Highlighter,71.0,19
74,Organic Tech Earphones,1569.25,23
75,Premium Pet Cat Food 1kg,179.24,27
76,Roasted Coffee Espresso Beans,372.75,31
77,Sweet Tea Hibiscus Leaves,473.74,35
78,Light Snack Popcorn Bag,106.0,39
79,Special Drink Juice Box,184.24,43
80,Local Bakery Banana Bread,217.5,47
81,Roasted Coffee Cappuccino Sticks,654.25,90
82,Sweet Tea Jasmine Pearls,497.49,94
83,Light Snack Trail Mix,151.99,98
84,Special Drink Sports Drink,185.99,3
85,Local Bakery Cinnamon Roll,177.5,7
86,Fresh Dairy Greek Yogurt,244.49,11
87,Classic Pantry Soy Sauce 1L,208.25,15
88,Original Frozen Frozen Pizza,129.49,19
89,Salted Produce Garlic Bulb,82.25,23
90,Spicy Meat Lamb Chops,200.99,27
91,Deluxe Bath Mouthwash,163.99,31
92,Imported Clean Floor Wax,426.0,35
93,Natural Office Highlighter,74.25,39
94,Organic Tech Earphones,1572.5,43
95,Premium Pet Cat Food 1kg,182.49,47
96,Roasted Coffee Espresso Beans,376.0,51
97,Sweet Tea Hibiscus Leaves,476.99,55
98,Light Snack Popcorn Bag,109.25,59
99,Special Drink Juice Box,187.49,63
100,Local Bakery Banana Bread,220.75,67
101,Roasted Coffee Cappuccino Sticks,657.5,11
102,Sweet Tea Jasmine Pearls,500.74,15
103,Light Snack Trail Mix,155.24,19
104,Special Drink Sports Drink,189.24,23
105,Local Bakery Cinnamon Roll,180.75,27
106,Fresh Dairy Greek Yogurt,247.74,31
107,Classic Pantry Soy Sauce 1L,211.5,35
108,Original Frozen Frozen Pizza,132.74,39
109,Salted Produce Garlic Bulb,85.5,43
110,Spicy Meat Lamb Chops,204.24,47
111,Deluxe Bath Mouthwash,167.24,51
112,Imported Clean Floor Wax,429.25,55
113,Natural Office Highlighter,77.5,59
114,Organic Tech Earphones,1575.75,63
115,Premium Pet Cat Food 1kg,185.74,67
116,Roasted Coffee Espresso Beans,379.25,71
117,Sweet Tea Hibiscus Leaves,480.24,75
118,Light Snack Popcorn Bag,112.5,79
119,Special Drink Juice Box,190.74,83
120,Local Bakery Banana Bread,224.0,87
121,Roasted Coffee Cappuccino Sticks,660.75,31
122,Sweet Tea Jasmine Pearls,503.99,35
123,Light Snack Trail Mix,158.49,39
124,Special Drink Sports Drink,192.49,43
125,Local Bakery Cinnamon Roll,184.0,47
126,Fresh Dairy Greek Yogurt,250.99,51
127,Classic Pantry Soy Sauce 1L,214.75,55
128,Original Frozen Frozen Pizza,135.99,59
129,Salted Produce Garlic Bulb,88.75,63
130,Spicy Meat Lamb Chops,207.49,67
131,Deluxe Bath Mouthwash,170.49,71
132,Imported Clean Floor Wax,432.5,75
133,Natural Office Highlighter,80.75,79
134,Organic Tech Earphones,1579.0,83
135,Premium Pet Cat Food 1kg,188.99,87
136,Roasted Coffee Espresso Beans,382.5,91
137,Sweet Tea Hibiscus Leaves,483.49,95
138,Light Snack Popcorn Bag,115.75,99
139,Special Drink Juice Box,193.99,4
140,Local Bakery Banana Bread,204.5,8
141,Roasted Coffee Cappuccino Sticks,641.25,51
142,Sweet Tea Jasmine Pearls,484.49,55
143,Light Snack Trail Mix,138.99,59
144,Special Drink Sports Drink,172.99,63
145,Local Bakery Cinnamon Roll,164.5,67
146,Fresh Dairy Greek Yogurt,231.49,71
147,Classic Pantry Soy Sauce 1L,195.25,75
148,Original Frozen Frozen Pizza,116.49,79
149,Salted Produce Garlic Bulb,69.25,83
150,Spicy Meat Lamb Chops,187.99,87
151,Deluxe Bath Mouthwash,150.99,91
152,Imported Clean Floor Wax,413.0,95
153,Natural Office Highlighter,61.25,99
154,Organic Tech Earphones,1559.5,4
155,Premium Pet Cat Food 1kg,169.49,8
156,Roasted Coffee Espresso Beans,363.0,12
157,Sweet Tea Hibiscus Leaves,463.99,16
158,Light Snack Popcorn Bag,96.25,20
159,Special Drink Juice Box,174.49,24
160,Local Bakery Banana Bread,207.75,28
161,Roasted Coffee Cappuccino Sticks,644.5,71
162,Sweet Tea Jasmine Pearls,487.74,75
163,Light Snack Trail Mix,142.24,79
164,Special Drink Sports Drink,176.24,83
165,Local Bakery Cinnamon Roll,167.75,87
166,Fresh Dairy Greek Yogurt,234.74,91
167,Classic Pantry Soy Sauce 1L,198.5,95
168,Original Frozen Frozen Pizza,119.74,99
169,Salted Produce Garlic Bulb,72.5,4
170,Spicy Meat Lamb Chops,191.24,8
171,Deluxe Bath Mouthwash,154.24,12
172,Imported Clean Floor Wax,416.25,16
173,Natural Office Highlighter,64.5,20
174,Organic Tech Earphones,1562.75,24
175,Premium Pet Cat Food 1kg,172.74,28
176,Roasted Coffee Espresso Beans,366.25,32
177,Sweet Tea Hibiscus Leaves,467.24,36
178,Light Snack Popcorn Bag,99.5,40
179,Special Drink Juice Box,177.74,44
180,Local Bakery Banana Bread,211.0,48
181,Roasted Coffee Cappuccino Sticks,647.75,91
182,Sweet Tea Jasmine Pearls,490.99,95
183,Light Snack Trail Mix,145.49,99
184,Special Drink Sports Drink,179.49,4
185,Local Bakery Cinnamon Roll,171.0,8
186,Fresh Dairy Greek Yogurt,237.99,12
187,Classic Pantry Soy Sauce 1L,201.75,16
188,Original Frozen Frozen Pizza,122.99,20
189,Salted Produce Garlic Bulb,75.75,24
190,Spicy Meat Lamb Chops,194.49,28
191,Deluxe Bath Mouthwash,157.49,32
192,Imported Clean Floor Wax,419.5,36
193,Natural Office Highlighter,67.75,40
194,Organic Tech Earphones,1566.0,44
195,Premium Pet Cat Food 1kg,175.99,48
196,Roasted Coffee Espresso Beans,369.5,52
197,Sweet Tea Hibiscus Leaves,470.49,56
198,Light Snack Popcorn Bag,102.75,60
199,Special Drink Juice Box,180.99,64
200,Local Bakery Banana Bread,214.25,68
201,Roasted Coffee Cappuccino Sticks,651.0,12
202,Sweet Tea Jasmine Pearls,494.24,16
203,Light Snack Trail Mix,148.74,20
204,Special Drink Sports Drink,182.74,24
205,Local Bakery Cinnamon Roll,174.25,28
206,Fresh Dairy Greek Yogurt,241.24,32
207,Classic Pantry Soy Sauce 1L,205.0,36
208,Original Frozen Frozen Pizza,126.24,40
209,Salted Produce Garlic Bulb,79.0,44
210,Spicy Meat Lamb Chops,197.74,48
211,Deluxe Bath Mouthwash,160.74,52
212,Imported Clean Floor Wax,422.75,56
213,Natural Office Highlighter,71.0,60
214,Organic Tech Earphones,1569.25,64
215,Premium Pet Cat Food 1kg,179.24,68
216,Roasted Coffee Espresso Beans,372.75,72
217,Sweet Tea Hibiscus Leaves,473.74,76
218,Light Snack Popcorn Bag,106.0,80
219,Special Drink Juice Box,184.24,84
220,Local Bakery Banana Bread,217.5,88
221,Roasted Coffee Cappuccino Sticks,654.25,32
222,Sweet Tea Jasmine Pearls,497.49,36
223,Light Snack Trail Mix,151.99,40
224,Special Drink Sports Drink,185.99,44
225,Local Bakery Cinnamon Roll,177.5,48
226,Fresh Dairy Greek Yogurt,244.49,52
227,Classic Pantry Soy Sauce 1L,208.25,56
228,Original Frozen Frozen Pizza,129.49,60
229,Salted Produce Garlic Bulb,82.25,64
230,Spicy Meat Lamb Chops,200.99,68
231,Deluxe Bath Mouthwash,163.99,72
232,Imported Clean Floor Wax,426.0,76
233,Natural Office Highlighter,74.25,80
234,Organic Tech Earphones,1572.5,84
235,Premium Pet Cat Food 1kg,182.49,88
236,Roasted Coffee Espresso Beans,376.0,92
237,Sweet Tea Hibiscus Leaves,476.99,96
238,Light Snack Popcorn Bag,109.25,1
239,Special Drink Juice Box,187.49,5
240,Local Bakery Banana Bread,220.75,9
241,Roasted Coffee Cappuccino Sticks,657.5,52
242,Sweet Tea Jasmine Pearls,500.74,56
243,Light Snack Trail Mix,155.24,60
244,Special Drink Sports Drink,189.24,64
245,Local Bakery Cinnamon Roll,180.75,68
246,Fresh Dairy Greek Yogurt,247.74,72
247,Classic Pantry Soy Sauce 1L,211.5,76
248,Original Frozen Frozen Pizza,132.74,80
249,Salted Produce Garlic Bulb,85.5,84
250,Spicy Meat Lamb Chops,204.24,88
251,Deluxe Bath Mouthwash,167.24,92
252,Imported Clean Floor Wax,429.25,96
253,Natural Office Highlighter,77.5,1
254,Organic Tech Earphones,1575.75,5
255,Premium Pet Cat Food 1kg,185.74,9
256,Roasted Coffee Espresso Beans,379.25,13
257,Sweet Tea Hibiscus Leaves,480.24,17
258,Light Snack Popcorn Bag,112.5,21
259,Special Drink Juice Box,190.74,25
260,Local Bakery Banana Bread,224.0,29
261,Roasted Coffee Cappuccino Sticks,660.75,72
262,Sweet Tea Jasmine Pearls,503.99,76
263,Light Snack Trail Mix,158.49,80
264,Special Drink Sports Drink,192.49,84
265,Local Bakery Cinnamon Roll,184.0,88
266,Fresh Dairy Greek Yogurt,250.99,92
267,Classic Pantry Soy Sauce 1L,214.75,96
268,Original Frozen Frozen Pizza,135.99,1
269,Salted Produce Garlic Bulb,88.75,5
270,Spicy Meat Lamb Chops,207.49,9
271,Deluxe Bath Mouthwash,170.49,13
272,Imported Clean Floor Wax,432.5,17
273,Natural Office Highlighter,80.75,21
274,Organic Tech Earphones,1579.0,25
275,Premium Pet Cat Food 1kg,188.99,29
276,Roasted Coffee Espresso Beans,382.5,33
277,Sweet Tea Hibiscus Leaves,483.49,37
278,Light Snack Popcorn Bag,115.75,41
279,Special Drink Juice Box,193.99,45
280,Local Bakery Banana Bread,204.5,49
281,Roasted Coffee Cappuccino Sticks,641.25,92
282,Sweet Tea Jasmine Pearls,484.49,96
283,Light Snack Trail Mix,138.99,1
284,Special Drink Sports Drink,172.99,5
285,Local Bakery Cinnamon Roll,164.5,9
286,Fresh Dairy Greek Yogurt,231.49,13
287,Classic Pantry Soy Sauce 1L,195.25,17
288,Original Frozen Frozen Pizza,116.49,21
289,Salted Produce Garlic Bulb,69.25,25
290,Spicy Meat Lamb Chops,187.99,29
291,Deluxe Bath Mouthwash,150.99,33
292,Imported Clean Floor Wax,413.0,37
293,Natural Office Highlighter,61.25,41
294,Organic Tech Earphones,1559.5,45
295,Premium Pet Cat Food 1kg,169.49,49
296,Roasted Coffee Espresso Beans,363.0,53
297,Sweet Tea Hibiscus Leaves,463.99,57
298,Light Snack Popcorn Bag,96.25,61
299,Special Drink Juice Box,174.49,65
300,Local Bakery Banana Bread,207.75,69
301,Roasted Coffee Cappuccino Sticks,644.5,13
302,Sweet Tea Jasmine Pearls,487.74,17
303,Light Snack Trail Mix,142.24,21
304,Special Drink Sports Drink,176.24,25
305,Local Bakery Cinnamon Roll,167.75,29
306,Fresh Dairy Greek Yogurt,234.74,33
307,Classic Pantry Soy Sauce 1L,198.5,37
308,Original Frozen Frozen Pizza,119.74,41
309,Salted Produce Garlic Bulb,72.5,45
310,Spicy Meat Lamb Chops,191.24,49
311,Deluxe Bath Mouthwash,154.24,53
312,Imported Clean Floor Wax,416.25,57
313,Natural Office Highlighter,64.5,61
314,Organic Tech Earphones,1562.75,65
315,Premium Pet Cat Food 1kg,172.74,69
316,Roasted Coffee Espresso Beans,366.25,73
317,Sweet Tea Hibiscus Leaves,467.24,77
318,Light Snack Popcorn Bag,99.5,81
319,Special Drink Juice Box,177.74,85
320,Local Bakery Banana Bread,211.0,89
321,Roasted Coffee Cappuccino Sticks,647.75,33
322,Sweet Tea Jasmine Pearls,490.99,37
323,Light Snack Trail Mix,145.49,41
324,Special Drink Sports Drink,179.49,45
325,Local Bakery Cinnamon Roll,171.0,49
326,Fresh Dairy Greek Yogurt,237.99,53
327,Classic Pantry Soy Sauce 1L,201.75,57
328,Original Frozen Frozen Pizza,122.99,61
329,Salted Produce Garlic Bulb,75.75,65
330,Spicy Meat Lamb Chops,194.49,69
331,Deluxe Bath Mouthwash,157.49,73
332,Imported Clean Floor Wax,419.5,77
333,Natural Office Highlighter,67.75,81
334,Organic Tech Earphones,1566.0,85
335,Premium Pet Cat Food 1kg,175.99,89
336,Roasted Coffee Espresso Beans,369.5,93
337,Sweet Tea Hibiscus Leaves,470.49,97
338,Light Snack Popcorn Bag,102.75,2
339,Special Drink Juice Box,180.99,6
340,Local Bakery Banana Bread,214.25,10
341,Roasted Coffee Cappuccino Sticks,651.0,53
342,Sweet Tea Jasmine Pearls,494.24,57
343,Light Snack Trail Mix,148.74,61
344,Special Drink Sports Drink,182.74,65
345,Local Bakery Cinnamon Roll,174.25,69
346,Fresh Dairy Greek Yogurt,241.24,73
347,Classic Pantry Soy Sauce 1L,205.0,77
348,Original Frozen Frozen Pizza,126.24,81
349,Salted Produce Garlic Bulb,79.0,85
350,Spicy Meat Lamb Chops,197.74,89
351,Deluxe Bath Mouthwash,160.74,93
352,Imported Clean Floor Wax,422.75,97
353,Natural Office Highlighter,71.0,2
354,Organic Tech Earphones,1569.25,6
355,Premium Pet Cat Food 1kg,179.24,10
356,Roasted Coffee Espresso Beans,372.75,14
357,Sweet Tea Hibiscus Leaves,473.74,18
358,Light Snack Popcorn Bag,106.0,22
359,Special Drink Juice Box,184.24,26
360,Local Bakery Banana Bread,217.5,30
361,Roasted Coffee Cappuccino Sticks,654.25,73
362,Sweet Tea Jasmine Pearls,497.49,77
363,Light Snack Trail Mix,151.99,81
364,Special Drink Sports Drink,185.99,85
365,Local Bakery Cinnamon Roll,177.5,89
366,Fresh Dairy Greek Yogurt,244.49,93
367,Classic Pantry Soy Sauce 1L,208.25,97
368,Original Frozen Frozen Pizza,129.49,2
369,Salted Produce Garlic Bulb,82.25,6
370,Spicy Meat Lamb Chops,200.99,10
371,Deluxe Bath Mouthwash,163.99,14
372,Imported Clean Floor Wax,426.0,18
373,Natural Office Highlighter,74.25,22
374,Organic Tech Earphones,1572.5,26
375,Premium Pet Cat Food 1kg,182.49,30
376,Roasted Coffee Espresso Beans,376.0,34
377,Sweet Tea Hibiscus Leaves,476.99,38
378,Light Snack Popcorn Bag,109.25,42
379,Special Drink Juice Box,187.49,46
380,Local Bakery Banana Bread,220.75,50
381,Roasted Coffee Cappuccino Sticks,657.5,93
382,Sweet Tea Jasmine Pearls,500.74,97
383,Light Snack Trail Mix,155.24,2
384,Special Drink Sports Drink,189.24,6
385,Local Bakery Cinnamon Roll,180.75,10
386,Fresh Dairy Greek Yogurt,247.74,14
387,Classic Pantry Soy Sauce 1L,211.5,18
388,Original Frozen Frozen Pizza,132.74,22
389,Salted Produce Garlic Bulb,85.5,26
390,Spicy Meat Lamb Chops,204.24,30
391,Deluxe Bath Mouthwash,167.24,34
392,Imported Clean Floor Wax,429.25,38
393,Natural Office Highlighter,77.5,42
394,Organic Tech Earphones,1575.75,46
395,Premium Pet Cat Food 1kg,185.74,50
396,Roasted Coffee Espresso Beans,379.25,54
397,Sweet Tea Hibiscus Leaves,480.24,58
398,Light Snack Popcorn Bag,112.5,62
399,Special Drink Juice Box,190.74,66
400,Local Bakery Banana Bread,224.0,70
401,Roasted Coffee Cappuccino Sticks,660.75,14
402,Sweet Tea Jasmine Pearls,503.99,18
403,Light Snack Trail Mix,158.49,22
404,Special Drink Sports Drink,192.49,26
405,Local Bakery Cinnamon Roll,184.0,30
406,Fresh Dairy Greek Yogurt,250.99,34
407,Classic Pantry Soy Sauce 1L,214.75,38
408,Original Frozen Frozen Pizza,135.99,42
409,Salted Produce Garlic Bulb,88.75,46
410,Spicy Meat Lamb Chops,207.49,50
411,Deluxe Bath Mouthwash,170.49,54
412,Imported Clean Floor Wax,432.5,58
413,Natural Office Highlighter,80.75,62
414,Organic Tech Earphones,1579.0,66
415,Premium Pet Cat Food 1kg,188.99,70
416,Roasted Coffee Espresso Beans,382.5,74
417,Sweet Tea Hibiscus Leaves,483.49,78
418,Light Snack Popcorn Bag,115.75,82
419,Special Drink Juice Box,193.99,86
420,Local Bakery Banana Bread,204.5,90
421,Roasted Coffee Cappuccino Sticks,641.25,34
422,Sweet Tea Jasmine Pearls,484.49,38
423,Light Snack Trail Mix,138.99,42
424,Special Drink Sports Drink,172.99,46
425,Local Bakery Cinnamon Roll,164.5,50
426,Fresh Dairy Greek Yogurt,231.49,54
427,Classic Pantry Soy Sauce 1L,195.25,58
428,Original Frozen Frozen Pizza,116.49,62
429,Salted Produce Garlic Bulb,69.25,66
430,Spicy Meat Lamb Chops,187.99,70
431,Deluxe Bath Mouthwash,150.99,74
432,Imported Clean Floor Wax,413.0,78
433,Natural Office Highlighter,61.25,82
434,Organic Tech Earphones,1559.5,86
435,Premium Pet Cat Food 1kg,169.49,90
436,Roasted Coffee Espresso Beans,363.0,94
437,Sweet Tea Hibiscus Leaves,463.99,98
438,Light Snack Popcorn Bag,96.25,3
439,Special Drink Juice Box,174.49,7
440,Local Bakery Banana Bread,207.75,11
441,Roasted Coffee Cappuccino Sticks,644.5,54
442,Sweet Tea Jasmine Pearls,487.74,58
443,Light Snack Trail Mix,142.24,62
444,Special Drink Sports Drink,176.24,66
445,Local Bakery Cinnamon Roll,167.75,70
446,Fresh Dairy Greek Yogurt,234.74,74
447,Classic Pantry Soy Sauce 1L,198.5,78
448,Original Frozen Frozen Pizza,119.74,82
449,Salted Produce Garlic Bulb,72.5,86
450,Spicy Meat Lamb Chops,191.24,90
451,Deluxe Bath Mouthwash,154.24,94
452,Imported Clean Floor Wax,416.25,98
453,Natural Office Highlighter,64.5,3
454,Organic Tech Earphones,1562.75,7
455,Premium Pet Cat Food 1kg,172.74,11
456,Roasted Coffee Espresso Beans,366.25,15
457,Sweet Tea Hibiscus Leaves,467.24,19
458,Light Snack Popcorn Bag,99.5,23
459,Special Drink Juice Box,177.74,27
460,Local Bakery Banana Bread,211.0,31
461,Roasted Coffee Cappuccino Sticks,647.75,74
462,Sweet Tea Jasmine Pearls,490.99,78
463,Light Snack Trail Mix,145.49,82
464,Special Drink Sports Drink,179.49,86
465,Local Bakery Cinnamon Roll,171.0,90
466,Fresh Dairy Greek Yogurt,237.99,94
467,Classic Pantry Soy Sauce 1L,201.75,98
468,Original Frozen Frozen Pizza,122.99,3
469,Salted Produce Garlic Bulb,75.75,7
470,Spicy Meat Lamb Chops,194.49,11
471,Deluxe Bath Mouthwash,157.49,15
472,Imported Clean Floor Wax,419.5,19
473,Natural Office Highlighter,67.75,23
474,Organic Tech Earphones,1566.0,27
475,Premium Pet Cat Food 1kg,175.99,31
476,Roasted Coffee Espresso Beans,369.5,35
477,Sweet Tea Hibiscus Leaves,470.49,39
478,Light Snack Popcorn Bag,102.75,43
479,Special Drink Juice Box,180.99,47
480,Local Bakery Banana Bread,214.25,51
481,Roasted Coffee Cappuccino Sticks,651.0,94
482,Sweet Tea Jasmine Pearls,494.24,98
483,Light Snack Trail Mix,148.74,3
484,Special Drink Sports Drink,182.74,7
485,Local Bakery Cinnamon Roll,174.25,11
486,Fresh Dairy Greek Yogurt,241.24,15
487,Classic Pantry Soy Sauce 1L,205.0,19
488,Original Frozen Frozen Pizza,126.24,23
489,Salted Produce Garlic Bulb,79.0,27
490,Spicy Meat Lamb Chops,197.74,31
491,Deluxe Bath Mouthwash,160.74,35
492,Imported Clean Floor Wax,422.75,39
493,Natural Office Highlighter,71.0,43
494,Organic Tech Earphones,1569.25,47
495,Premium Pet Cat Food 1kg,179.24,51
496,Roasted Coffee Espresso Beans,372.75,55
497,Sweet Tea Hibiscus Leaves,473.74,59
498,Light Snack Popcorn Bag,106.0,63
499,Special Drink Juice Box,184.24,67
500,Local Bakery Banana Bread,217.5,71
501,Roasted Coffee Cappuccino Sticks,654.25,15
502,Sweet Tea Jasmine Pearls,497.49,19
503,Light Snack Trail Mix,151.99,23
504,Special Drink Sports Drink,185.99,27
505,Local Bakery Cinnamon Roll,177.5,31
506,Fresh Dairy Greek Yogurt,244.49,35
507,Classic Pantry Soy Sauce 1L,208.25,39
508,Original Frozen Frozen Pizza,129.49,43
509,Salted Produce Garlic Bulb,82.25,47
510,Spicy Meat Lamb Chops,200.99,51
511,Deluxe Bath Mouthwash,163.99,55
512,Imported Clean Floor Wax,426.0,59
513,Natural Office Highlighter,74.25,63
514,Organic Tech Earphones,1572.5,67
515,Premium Pet Cat Food 1kg,182.49,71
516,Roasted Coffee Espresso Beans,376.0,75
517,Sweet Tea Hibiscus Leaves,476.99,79
518,Light Snack Popcorn Bag,109.25,83
519,Special Drink Juice Box,187.49,87
520,Local Bakery Banana Bread,220.75,91
521,Roasted Coffee Cappuccino Sticks,657.5,35
522,Sweet Tea Jasmine Pearls,500.74,39
523,Light Snack Trail Mix,155.24,43
524,Special Drink Sports Drink,189.24,47
525,Local Bakery Cinnamon Roll,180.75,51
526,Fresh Dairy Greek Yogurt,247.74,55
527,Classic Pantry Soy Sauce 1L,211.5,59
528,Original Frozen Frozen Pizza,132.74,63
529,Salted Produce Garlic Bulb,85.5,67
530,Spicy Meat Lamb Chops,204.24,71
531,Deluxe Bath Mouthwash,167.24,75
532,Imported Clean Floor Wax,429.25,79
533,Natural Office Highlighter,77.5,83
534,Organic Tech Earphones,1575.75,87
535,Premium Pet Cat Food 1kg,185.74,91
536,Roasted Coffee Espresso Beans,379.25,95
537,Sweet Tea Hibiscus Leaves,480.24,99
538,Light Snack Popcorn Bag,112.5,4
539,Special Drink Juice Box,190.74,8
540,Local Bakery Banana Bread,224.0,12
541,Roasted Coffee Cappuccino Sticks,660.75,55
542,Sweet Tea Jasmine Pearls,503.99,59
543,Light Snack Trail Mix,158.49,63
544,Special Drink Sports Drink,192.49,67
545,Local Bakery Cinnamon Roll,184.0,71
546,Fresh Dairy Greek Yogurt,250.99,75
547,Classic Pantry Soy Sauce 1L,214.75,79
548,Original Frozen Frozen Pizza,135.99,83
549,Salted Produce Garlic Bulb,88.75,87
550,Spicy Meat Lamb Chops,207.49,91
551,Deluxe Bath Mouthwash,170.49,95
552,Imported Clean Floor Wax,432.5,99
553,Natural Office Highlighter,80.75,4
554,Organic Tech Earphones,1579.0,8
555,Premium Pet Cat Food 1kg,188.99,12
556,Roasted Coffee Espresso Beans,382.5,16
557,Sweet Tea Hibiscus Leaves,483.49,20
558,Light Snack Popcorn Bag,115.75,24
559,Special Drink Juice Box,193.99,28
560,Local Bakery Banana Bread,204.5,32
561,Roasted Coffee Cappuccino Sticks,641.25,75
562,Sweet Tea Jasmine Pearls,484.49,79
563,Light Snack Trail Mix,138.99,83
564,Special Drink Sports Drink,172.99,87
565,Local Bakery Cinnamon Roll,164.5,91
566,Fresh Dairy Greek Yogurt,231.49,95
567,Classic Pantry Soy Sauce 1L,195.25,99
568,Original Frozen Frozen Pizza,116.49,4
569,Salted Produce Garlic Bulb,69.25,8
570,Spicy Meat Lamb Chops,187.99,12
571,Deluxe Bath Mouthwash,150.99,16
572,Imported Clean Floor Wax,413.0,20
573,Natural Office Highlighter,61.25,24
574,Organic Tech Earphones,1559.5,28
575,Premium Pet Cat Food 1kg,169.49,32
576,Roasted Coffee Espresso Beans,363.0,36
577,Sweet Tea Hibiscus Leaves,463.99,40
578,Light Snack Popcorn Bag,96.25,44
579,Special Drink Juice Box,174.49,48
580,Local Bakery Banana Bread,207.75,52
581,Roasted Coffee Cappuccino Sticks,644.5,95
582,Sweet Tea Jasmine Pearls,487.74,99
583,Light Snack Trail Mix,142.24,4
584,Special Drink Sports Drink,176.24,8
585,Local Bakery Cinnamon Roll,167.75,12
586,Fresh Dairy Greek Yogurt,234.74,16
587,Classic Pantry Soy Sauce 1L,198.5,20
588,Original Frozen Frozen Pizza,119.74,24
589,Salted Produce Garlic Bulb,72.5,28
590,Spicy Meat Lamb Chops,191.24,32
591,Deluxe Bath Mouthwash,154.24,36
592,Imported Clean Floor Wax,416.25,40
593,Natural Office Highlighter,64.5,44
594,Organic Tech Earphones,1562.75,48
595,Premium Pet Cat Food 1kg,172.74,52
596,Roasted Coffee Espresso Beans,366.25,56
597,Sweet Tea Hibiscus Leaves,467.24,60
598,Light Snack Popcorn Bag,99.5,64
599,Special Drink Juice Box,177.74,68
600,Local Bakery Banana Bread,211.0,72
601,Roasted Coffee Cappuccino Sticks,647.75,16
602,Sweet Tea Jasmine Pearls,490.99,20
603,Light Snack Trail Mix,145.49,24
604,Special Drink Sports Drink,179.49,28
605,Local Bakery Cinnamon Roll,171.0,32
606,Fresh Dairy Greek Yogurt,237.99,36
607,Classic Pantry Soy Sauce 1L,201.75,40
608,Original Frozen Frozen Pizza,122.99,44
609,Salted Produce Garlic Bulb,75.75,48
610,Spicy Meat Lamb Chops,194.49,52
611,Deluxe Bath Mouthwash,157.49,56
612,Imported Clean Floor Wax,419.5,60
613,Natural Office Highlighter,67.75,64
614,Organic Tech Earphones,1566.0,68
615,Premium Pet Cat Food 1kg,175.99,72
616,Roasted Coffee Espresso Beans,369.5,76
617,Sweet Tea Hibiscus Leaves,470.49,80
618,Light Snack Popcorn Bag,102.75,84
619,Special Drink Juice Box,180.99,88
620,Local Bakery Banana Bread,214.25,92
621,Roasted Coffee Cappuccino Sticks,651.0,36
622,Sweet Tea Jasmine Pearls,494.24,40
623,Light Snack Trail Mix,148.74,44
624,Special Drink Sports Drink,182.74,48
625,Local Bakery Cinnamon Roll,174.25,52
626,Fresh Dairy Greek Yogurt,241.24,56
627,Classic Pantry Soy Sauce 1L,205.0,60
628,Original Frozen Frozen Pizza,126.24,64
629,Salted Produce Garlic Bulb,79.0,68
630,Spicy Meat Lamb Chops,197.74,72
631,Deluxe Bath Mouthwash,160.74,76
632,Imported Clean Floor Wax,422.75,80
633,Natural Office Highlighter,71.0,84
634,Organic Tech Earphones,1569.25,88
635,Premium Pet Cat Food 1kg,179.24,92
636,Roasted Coffee Espresso Beans,372.75,96
637,Sweet Tea Hibiscus Leaves,473.74,1
638,Light Snack Popcorn Bag,106.0,5
639,Special Drink Juice Box,184.24,9
640,Local Bakery Banana Bread,217.5,13
641,Roasted Coffee Cappuccino Sticks,654.25,56
642,Sweet Tea Jasmine Pearls,497.49,60
643,Light Snack Trail Mix,151.99,64
644,Special Drink Sports Drink,185.99,68
645,Local Bakery Cinnamon Roll,177.5,72
646,Fresh Dairy Greek Yogurt,244.49,76
647,Classic Pantry Soy Sauce 1L,208.25,80
648,Original Frozen Frozen Pizza,129.49,84
649,Salted Produce Garlic Bulb,82.25,88
650,Spicy Meat Lamb Chops,200.99,92
651,Deluxe Bath Mouthwash,163.99,96
652,Imported Clean Floor Wax,426.0,1
653,Natural Office Highlighter,74.25,5
654,Organic Tech Earphones,1572.5,9
655,Premium Pet Cat Food 1kg,182.49,13
656,Roasted Coffee Espresso Beans,376.0,17
657,Sweet Tea Hibiscus Leaves,476.99,21
658,Light Snack Popcorn Bag,109.25,25
659,Special Drink Juice Box,187.49,29
660,Local Bakery Banana Bread,220.75,33
661,Roasted Coffee Cappuccino Sticks,657.5,76
662,Sweet Tea Jasmine Pearls,500.74,80
663,Light Snack Trail Mix,155.24,84
664,Special Drink Sports Drink,189.24,88
665,Local Bakery Cinnamon Roll,180.75,92
666,Fresh Dairy Greek Yogurt,247.74,96
667,Classic Pantry Soy Sauce 1L,211.5,1
668,Original Frozen Frozen Pizza,132.74,5
669,Salted Produce Garlic Bulb,85.5,9
670,Spicy Meat Lamb Chops,204.24,13
671,Deluxe Bath Mouthwash,167.24,17
672,Imported Clean Floor Wax,429.25,21
673,Natural Office Highlighter,77.5,25
674,Organic Tech Earphones,1575.75,29
675,Premium Pet Cat Food 1kg,185.74,33
676,Roasted Coffee Espresso Beans,379.25,37
677,Sweet Tea Hibiscus Leaves,480.24,41
678,Light Snack Popcorn Bag,112.5,45
679,Special Drink Juice Box,190.74,49
680,Local Bakery Banana Bread,224.0,53
681,Roasted Coffee Cappuccino Sticks,660.75,96
682,Sweet Tea Jasmine Pearls,503.99,1
683,Light Snack Trail Mix,158.49,5
684,Special Drink Sports Drink,192.49,9
685,Local Bakery Cinnamon Roll,184.0,13
686,Fresh Dairy Greek Yogurt,250.99,17
687,Classic Pantry Soy Sauce 1L,214.75,21
688,Original Frozen Frozen Pizza,135.99,25
689,Salted Produce Garlic Bulb,88.75,29
690,Spicy Meat Lamb Chops,207.49,33
691,Deluxe Bath Mouthwash,170.49,37
692,Imported Clean Floor Wax,432.5,41
693,Natural Office Highlighter,80.75,45
694,Organic Tech Earphones,1579.0,49
695,Premium Pet Cat Food 1kg,188.99,53
696,Roasted Coffee Espresso Beans,382.5,57
697,Sweet Tea Hibiscus Leaves,483.49,61
698,Light Snack Popcorn Bag,115.75,65
699,Special Drink Juice Box,193.99,69
700,Local Bakery Banana Bread,204.5,73
701,Roasted Coffee Cappuccino Sticks,641.25,17
702,Sweet Tea Jasmine Pearls,484.49,21
703,Light Snack Trail Mix,138.99,25
704,Special Drink Sports Drink,172.99,29
705,Local Bakery Cinnamon Roll,164.5,33
706,Fresh Dairy Greek Yogurt,231.49,37
707,Classic Pantry Soy Sauce 1L,195.25,41
708,Original Frozen Frozen Pizza,116.49,45
709,Salted Produce Garlic Bulb,69.25,49
710,Spicy Meat Lamb Chops,187.99,53
711,Deluxe Bath Mouthwash,150.99,57
712,Imported Clean Floor Wax,413.0,61
713,Natural Office Highlighter,61.25,65
714,Organic Tech Earphones,1559.5,69
715,Premium Pet Cat Food 1kg,169.49,73
716,Roasted Coffee Espresso Beans,363.0,77
717,Sweet Tea Hibiscus Leaves,463.99,81
718,Light Snack Popcorn Bag,96.25,85
719,Special Drink Juice Box,174.49,89
720,Local Bakery Banana Bread,207.75,93
721,Roasted Coffee Cappuccino Sticks,644.5,37
722,Sweet Tea Jasmine Pearls,487.74,41
723,Light Snack Trail Mix,142.24,45
724,Special Drink Sports Drink,176.24,49
725,Local Bakery Cinnamon Roll,167.75,53
726,Fresh Dairy Greek Yogurt,234.74,57
727,Classic Pantry Soy Sauce 1L,198.5,61
728,Original Frozen Frozen Pizza,119.74,65
729,Salted Produce Garlic Bulb,72.5,69
730,Spicy Meat Lamb Chops,191.24,73
731,Deluxe Bath Mouthwash,154.24,77
732,Imported Clean Floor Wax,416.25,81
733,Natural Office Highlighter,64.5,85
734,Organic Tech Earphones,1562.75,89
735,Premium Pet Cat Food 1kg,172.74,93
736,Roasted Coffee Espresso Beans,366.25,97
737,Sweet Tea Hibiscus Leaves,467.24,2
738,Light Snack Popcorn Bag,99.5,6
739,Special Drink Juice Box,177.74,10
740,Local Bakery Banana Bread,211.0,14
741,Roasted Coffee Cappuccino Sticks,647.75,57
742,Sweet Tea Jasmine Pearls,490.99,61
743,Light Snack Trail Mix,145.49,65
744,Special Drink Sports Drink,179.49,69
745,Local Bakery Cinnamon Roll,171.0,73
746,Fresh Dairy Greek Yogurt,237.99,77
747,Classic Pantry Soy Sauce 1L,201.75,81
748,Original Frozen Frozen Pizza,122.99,85
749,Salted Produce Garlic Bulb,75.75,89
750,Spicy Meat Lamb Chops,194.49,93
751,Deluxe Bath Mouthwash,157.49,97
752,Imported Clean Floor Wax,419.5,2
753,Natural Office Highlighter,67.75,6
754,Organic Tech Earphones,1566.0,10
755,Premium Pet Cat Food 1kg,175.99,14
756,Roasted Coffee Espresso Beans,369.5,18
757,Sweet Tea Hibiscus Leaves,470.49,22
758,Light Snack Popcorn Bag,102.75,26
759,Special Drink Juice Box,180.99,30
760,Local Bakery Banana Bread,214.25,34
761,Roasted Coffee Cappuccino Sticks,651.0,77
762,Sweet Tea Jasmine Pearls,494.24,81
763,Light Snack Trail Mix,148.74,85
764,Special Drink Sports Drink,182.74,89
765,Local Bakery Cinnamon Roll,174.25,93
766,Fresh Dairy Greek Yogurt,241.24,97
767,Classic Pantry Soy Sauce 1L,205.0,2
768,Original Frozen Frozen Pizza,126.24,6
769,Salted Produce Garlic Bulb,79.0,10
770,Spicy Meat Lamb Chops,197.74,14
771,Deluxe Bath Mouthwash,160.74,18
772,Imported Clean Floor Wax,422.75,22
773,Natural Office Highlighter,71.0,26
774,Organic Tech Earphones,1569.25,30
775,Premium Pet Cat Food 1kg,179.24,34
776,Roasted Coffee Espresso Beans,372.75,38
777,Sweet Tea Hibiscus Leaves,473.74,42
778,Light Snack Popcorn Bag,106.0,46
779,Special Drink Juice Box,184.24,50
780,Local Bakery Banana Bread,217.5,54
781,Roasted Coffee Cappuccino Sticks,654.25,97
782,Sweet Tea Jasmine Pearls,497.49,2
783,Light Snack Trail Mix,151.99,6
784,Special Drink Sports Drink,185.99,10
785,Local Bakery Cinnamon Roll,177.5,14
786,Fresh Dairy Greek Yogurt,244.49,18
787,Classic Pantry Soy Sauce 1L,208.25,22
788,Original Frozen Frozen Pizza,129.49,26
789,Salted Produce Garlic Bulb,82.25,30
790,Spicy Meat Lamb Chops,200.99,34
791,Deluxe Bath Mouthwash,163.99,38
792,Imported Clean Floor Wax,426.0,42
793,Natural Office Highlighter,74.25,46
794,Organic Tech Earphones,1572.5,50
795,Premium Pet Cat Food 1kg,182.49,54
796,Roasted Coffee Espresso Beans,376.0,58
797,Sweet Tea Hibiscus Leaves,476.99,62
798,Light Snack Popcorn Bag,109.25,66
799,Special Drink Juice Box,187.49,70
800,Local Bakery Banana Bread,220.75,74
801,Roasted Coffee Cappuccino Sticks,657.5,18
802,Sweet Tea Jasmine Pearls,500.74,22
803,Light Snack Trail Mix,155.24,26
804,Special Drink Sports Drink,189.24,30
805,Local Bakery Cinnamon Roll,180.75,34
806,Fresh Dairy Greek Yogurt,247.74,38
807,Classic Pantry Soy Sauce 1L,211.5,42
808,Original Frozen Frozen Pizza,132.74,46
809,Salted Produce Garlic Bulb,85.5,50
810,Spicy Meat Lamb Chops,204.24,54
811,Deluxe Bath Mouthwash,167.24,58
812,Imported Clean Floor Wax,429.25,62
813,Natural Office Highlighter,77.5,66
814,Organic Tech Earphones,1575.75,70
815,Premium Pet Cat Food 1kg,185.74,74
816,Roasted Coffee Espresso Beans,379.25,78
817,Sweet Tea Hibiscus Leaves,480.24,82
818,Light Snack Popcorn Bag,112.5,86
819,Special Drink Juice Box,190.74,90
820,Local Bakery Banana Bread,224.0,94
821,Roasted Coffee Cappuccino Sticks,660.75,38
822,Sweet Tea Jasmine Pearls,503.99,42
823,Light Snack Trail Mix,158.49,46
824,Special Drink Sports Drink,192.49,50
825,Local Bakery Cinnamon Roll,184.0,54
826,Fresh Dairy Greek Yogurt,250.99,58
827,Classic Pantry Soy Sauce 1L,214.75,62
828,Original Frozen Frozen Pizza,135.99,66
829,Salted Produce Garlic Bulb,88.75,70
830,Spicy Meat Lamb Chops,207.49,74
831,Deluxe Bath Mouthwash,170.49,78
832,Imported Clean Floor Wax,432.5,82
833,Natural Office Highlighter,80.75,86
834,Organic Tech Earphones,1579.0,90
835,Premium Pet Cat Food 1kg,188.99,94
836,Roasted Coffee Espresso Beans,382.5,98
837,Sweet Tea Hibiscus Leaves,483.49,3
838,Light Snack Popcorn Bag,115.75,7
839,Special Drink Juice Box,193.99,11
840,Local Bakery Banana Bread,204.5,15
841,Roasted Coffee Cappuccino Sticks,641.25,58
842,Sweet Tea Jasmine Pearls,484.49,62
843,Light Snack Trail Mix,138.99,66
844,Special Drink Sports Drink,172.99,70
845,Local Bakery Cinnamon Roll,164.5,74
846,Fresh Dairy Greek Yogurt,231.49,78
847,Classic Pantry Soy Sauce 1L,195.25,82
848,Original Frozen Frozen Pizza,116.49,86
849,Salted Produce Garlic Bulb,69.25,90
850,Spicy Meat Lamb Chops,187.99,94
851,Deluxe Bath Mouthwash,150.99,98
852,Imported Clean Floor Wax,413.0,3
853,Natural Office Highlighter,61.25,7
854,Organic Tech Earphones,1559.5,11
855,Premium Pet Cat Food 1kg,169.49,15
856,Roasted Coffee Espresso Beans,363.0,19
857,Sweet Tea Hibiscus Leaves,463.99,23
858,Light Snack Popcorn Bag,96.25,27
859,Special Drink Juice Box,174.49,31
860,Local Bakery Banana Bread,207.75,35
861,Roasted Coffee Cappuccino Sticks,644.5,78
862,Sweet Tea Jasmine Pearls,487.74,82
863,Light Snack Trail Mix,142.24,86
864,Special Drink Sports Drink,176.24,90
865,Local Bakery Cinnamon Roll,167.75,94
866,Fresh Dairy Greek Yogurt,234.74,98
867,Classic Pantry Soy Sauce 1L,198.5,3
868,Original Frozen Frozen Pizza,119.74,7
869,Salted Produce Garlic Bulb,72.5,11
870,Spicy Meat Lamb Chops,191.24,15
871,Deluxe Bath Mouthwash,154.24,19
872,Imported Clean Floor Wax,416.25,23
873,Natural Office Highlighter,64.5,27
874,Organic Tech Earphones,1562.75,31
875,Premium Pet Cat Food 1kg,172.74,35
876,Roasted Coffee Espresso Beans,366.25,39
877,Sweet Tea Hibiscus Leaves,467.24,43
878,Light Snack Popcorn Bag,99.5,47
879,Special Drink Juice Box,177.74,51
880,Local Bakery Banana Bread,211.0,55
881,Roasted Coffee Cappuccino Sticks,647.75,98
882,Sweet Tea Jasmine Pearls,490.99,3
883,Light Snack Trail Mix,145.49,7
884,Special Drink Sports Drink,179.49,11
885,Local Bakery Cinnamon Roll,171.0,15
886,Fresh Dairy Greek Yogurt,237.99,19
887,Classic Pantry Soy Sauce 1L,201.75,23
888,Original Frozen Frozen Pizza,122.99,27
889,Salted Produce Garlic Bulb,75.75,31
890,Spicy Meat Lamb Chops,194.49,35
891,Deluxe Bath Mouthwash,157.49,39
892,Imported Clean Floor Wax,419.5,43
893,Natural Office Highlighter,67.75,47
894,Organic Tech Earphones,1566.0,51
895,Premium Pet Cat Food 1kg,175.99,55
896,Roasted Coffee Espresso Beans,369.5,59
897,Sweet Tea Hibiscus Leaves,470.49,63
898,Light Snack Popcorn Bag,102.75,67
899,Special Drink Juice Box,180.99,71
900,Local Bakery Banana Bread,214.25,75
901,Roasted Coffee Cappuccino Sticks,651.0,19
902,Sweet Tea Jasmine Pearls,494.24,23
903,Light Snack Trail Mix,148.74,27
904,Special Drink Sports Drink,182.74,31
905,Local Bakery Cinnamon Roll,174.25,35
906,Fresh Dairy Greek Yogurt,241.24,39
907,Classic Pantry Soy Sauce 1L,205.0,43
908,Original Frozen Frozen Pizza,126.24,47
909,Salted Produce Garlic Bulb,79.0,51
910,Spicy Meat Lamb Chops,197.74,55
911,Deluxe Bath Mouthwash,160.74,59
912,Imported Clean Floor Wax,422.75,63
913,Natural Office Highlighter,71.0,67
914,Organic Tech Earphones,1569.25,71
915,Premium Pet Cat Food 1kg,179.24,75
916,Roasted Coffee Espresso Beans,372.75,79
917,Sweet Tea Hibiscus Leaves,473.74,83
918,Light Snack Popcorn Bag,106.0,87
919,Special Drink Juice Box,184.24,91
920,Local Bakery Banana Bread,217.5,95
921,Roasted Coffee Cappuccino Sticks,654.25,39
922,Sweet Tea Jasmine Pearls,497.49,43
923,Light Snack Trail Mix,151.99,47
924,Special Drink Sports Drink,185.99,51
925,Local Bakery Cinnamon Roll,177.5,55
926,Fresh Dairy Greek Yogurt,244.49,59
927,Classic Pantry Soy Sauce 1L,208.25,63
928,Original Frozen Frozen Pizza,129.49,67
929,Salted Produce Garlic Bulb,82.25,71
930,Spicy Meat Lamb Chops,200.99,75
931,Deluxe Bath Mouthwash,163.99,79
932,Imported Clean Floor Wax,426.0,83
933,Natural Office Highlighter,74.25,87
934,Organic Tech Earphones,1572.5,91
935,Premium Pet Cat Food 1kg,182.49,95
936,Roasted Coffee Espresso Beans,376.0,99
937,Sweet Tea Hibiscus Leaves,476.99,4
938,Light Snack Popcorn Bag,109.25,8
939,Special Drink Juice Box,187.49,12
940,Local Bakery Banana Bread,220.75,16
941,Roasted Coffee Cappuccino Sticks,657.5,59
942,Sweet Tea Jasmine Pearls,500.74,63
943,Light Snack Trail Mix,155.24,67
944,Special Drink Sports Drink,189.24,71
945,Local Bakery Cinnamon Roll,180.75,75
946,Fresh Dairy Greek Yogurt,247.74,79
947,Classic Pantry Soy Sauce 1L,211.5,83
948,Original Frozen Frozen Pizza,132.74,87
949,Salted Produce Garlic Bulb,85.5,91
950,Spicy Meat Lamb Chops,204.24,95
951,Deluxe Bath Mouthwash,167.24,99
952,Imported Clean Floor Wax,429.25,4
953,Natural Office Highlighter,77.5,8
954,Organic Tech Earphones,1575.75,12
955,Premium Pet Cat Food 1kg,185.74,16
956,Roasted Coffee Espresso Beans,379.25,20
957,Sweet Tea Hibiscus Leaves,480.24,24
958,Light Snack Popcorn Bag,112.5,28
959,Special Drink Juice Box,190.74,32
960,Local Bakery Banana Bread,224.0,36
961,Roasted Coffee Cappuccino Sticks,660.75,79
962,Sweet Tea Jasmine Pearls,503.99,83
963,Light Snack Trail Mix,158.49,87
964,Special Drink Sports Drink,192.49,91
965,Local Bakery Cinnamon Roll,184.0,95
966,Fresh Dairy Greek Yogurt,250.99,99
967,Classic Pantry Soy Sauce 1L,214.75,4
968,Original Frozen Frozen Pizza,135.99,8
969,Salted Produce Garlic Bulb,88.75,12
970,Spicy Meat Lamb Chops,207.49,16
971,Deluxe Bath Mouthwash,170.49,20
972,Imported Clean Floor Wax,432.5,24
973,Natural Office Highlighter,80.75,28
974,Organic Tech Earphones,1579.0,32
975,Premium Pet Cat Food 1kg,188.99,36
976,Roasted Coffee Espresso Beans,382.5,40
977,Sweet Tea Hibiscus Leaves,483.49,44
978,Light Snack Popcorn Bag,115.75,48
979,Special Drink Juice Box,193.99,52
980,Local Bakery Banana Bread,204.5,56
981,Roasted Coffee Cappuccino Sticks,641.25,99
982,Sweet Tea Jasmine Pearls,484.49,4
983,Light Snack Trail Mix,138.99,8
984,Special Drink Sports Drink,172.99,12
985,Local Bakery Cinnamon Roll,164.5,16
986,Fresh Dairy Greek Yogurt,231.49,20
987,Classic Pantry Soy Sauce 1L,195.25,24
988,Original Frozen Frozen Pizza,116.49,28
989,Salted Produce Garlic Bulb,69.25,32
990,Spicy Meat Lamb Chops,187.99,36
991,Deluxe Bath Mouthwash,150.99,40
992,Imported Clean Floor Wax,413.0,44
993,Natural Office Highlighter,61.25,48
994,Organic Tech Earphones,1559.5,52
995,Premium Pet Cat Food 1kg,169.49,56
996,Roasted Coffee Espresso Beans,363.0,60
997,Sweet Tea Hibiscus Leaves,463.99,64
998,Light Snack Popcorn Bag,96.25,68
999,Special Drink Juice Box,174.49,72
1000,Local Bakery Banana Bread,207.75,76
1001,Roasted Coffee Cappuccino Sticks,644.5,20
1002,Sweet Tea Jasmine Pearls,487.74,24
1003,Light Snack Trail Mix,142.24,28
1004,Special Drink Sports Drink,176.24,32
1005,Local Bakery Cinnamon Roll,167.75,36
1006,Fresh Dairy Greek Yogurt,234.74,40
1007,Classic Pantry Soy Sauce 1L,198.5,44
1008,Original Frozen Frozen Pizza,119.74,48
1009,Salted Produce Garlic Bulb,72.5,52
1010,Spicy Meat Lamb Chops,191.24,56
1011,Deluxe Bath Mouthwash,154.24,60
1012,Imported Clean Floor Wax,416.25,64
1013,Natural Office Highlighter,64.5,68
1014,Organic Tech Earphones,1562.75,72
1015,Premium Pet Cat Food 1kg,172.74,76
1016,Roasted Coffee Espresso Beans,366.25,80
1017,Sweet Tea Hibiscus Leaves,467.24,84
1018,Light Snack Popcorn Bag,99.5,88
1019,Special Drink Juice Box,177.74,92
1020,Local Bakery Banana Bread,211.0,96
1021,Roasted Coffee Cappuccino Sticks,647.75,40
1022,Sweet Tea Jasmine Pearls,490.99,44
1023,Light Snack Trail Mix,145.49,48
1024,Special Drink Sports Drink,179.49,52
1025,Local Bakery Cinnamon Roll,171.0,56
1026,Fresh Dairy Greek Yogurt,237.99,60
1027,Classic Pantry Soy Sauce 1L,201.75,64
1028,Original Frozen Frozen Pizza,122.99,68
1029,Salted Produce Garlic Bulb,75.75,72
1030,Spicy Meat Lamb Chops,194.49,76
1031,Deluxe Bath Mouthwash,157.49,80
1032,Imported Clean Floor Wax,419.5,84
1033,Natural Office Highlighter,67.75,88
1034,Organic Tech Earphones,1566.0,92
1035,Premium Pet Cat Food 1kg,175.99,96
1036,Roasted Coffee Espresso Beans,369.5,1
1037,Sweet Tea Hibiscus Leaves,470.49,5
1038,Light Snack Popcorn Bag,102.75,9
1039,Special Drink Juice Box,180.99,13
1040,Local Bakery Banana Bread,214.25,17
1041,Roasted Coffee Cappuccino Sticks,651.0,60
1042,Sweet Tea Jasmine Pearls,494.24,64
1043,Light Snack Trail Mix,148.74,68
1044,Special Drink Sports Drink,182.74,72
1045,Local Bakery Cinnamon Roll,174.25,76
1046,Fresh Dairy Greek Yogurt,241.24,80
1047,Classic Pantry Soy Sauce 1L,205.0,84
1048,Original Frozen Frozen Pizza,126.24,88
1049,Salted Produce Garlic Bulb,79.0,92
1050,Spicy Meat Lamb Chops,197.74,96
1051,Deluxe Bath Mouthwash,160.74,1
1052,Imported Clean Floor Wax,422.75,5
1053,Natural Office Highlighter,71.0,9
1054,Organic Tech Earphones,1569.25,13
1055,Premium Pet Cat Food 1kg,179.24,17
1056,Roasted Coffee Espresso Beans,372.75,21
1057,Sweet Tea Hibiscus Leaves,473.74,25
1058,Light Snack Popcorn Bag,106.0,29
1059,Special Drink Juice Box,184.24,33
1060,Local Bakery Banana Bread,217.5,37
1061,Roasted Coffee Cappuccino Sticks,654.25,80
1062,Sweet Tea Jasmine Pearls,497.49,84
1063,Light Snack Trail Mix,151.99,88
1064,Special Drink Sports Drink,185.99,92
1065,Local Bakery Cinnamon Roll,177.5,96
1066,Fresh Dairy Greek Yogurt,244.49,1
1067,Classic Pantry Soy Sauce 1L,208.25,5
1068,Original Frozen Frozen Pizza,129.49,9
1069,Salted Produce Garlic Bulb,82.25,13
1070,Spicy Meat Lamb Chops,200.99,17
1071,Deluxe Bath Mouthwash,163.99,21
1072,Imported Clean Floor Wax,426.0,25
1073,Natural Office Highlighter,74.25,29
1074,Organic Tech Earphones,1572.5,33
1075,Premium Pet Cat Food 1kg,182.49,37
1076,Roasted Coffee Espresso Beans,376.0,41
1077,Sweet Tea Hibiscus Leaves,476.99,45
1078,Light Snack Popcorn Bag,109.25,49
1079,Special Drink Juice Box,187.49,53
1080,Local Bakery Banana Bread,220.75,57
1081,Roasted Coffee Cappuccino Sticks,657.5,1
1082,Sweet Tea Jasmine Pearls,500.74,5
1083,Light Snack Trail Mix,155.24,9
1084,Special Drink Sports Drink,189.24,13
1085,Local Bakery Cinnamon Roll,180.75,17
1086,Fresh Dairy Greek Yogurt,247.74,21
1087,Classic Pantry Soy Sauce 1L,211.5,25
1088,Original Frozen Frozen Pizza,132.74,29
1089,Salted Produce Garlic Bulb,85.5,33
1090,Spicy Meat Lamb Chops,204.24,37
1091,Deluxe Bath Mouthwash,167.24,41
1092,Imported Clean Floor Wax,429.25,45
1093,Natural Office Highlighter,77.5,49
1094,Organic Tech Earphones,1575.75,53
1095,Premium Pet Cat Food 1kg,185.74,57
1096,Roasted Coffee Espresso Beans,379.25,61
1097,Sweet Tea Hibiscus Leaves,480.24,65
1098,Light Snack Popcorn Bag,112.5,69
1099,Special Drink Juice Box,190.74,73
1100,Local Bakery Banana Bread,224.0,77
1101,Roasted Coffee Cappuccino Sticks,660.75,21
1102,Sweet Tea Jasmine Pearls,503.99,25
1103,Light Snack Trail Mix,158.49,29
1104,Special Drink Sports Drink,192.49,33
1105,Local Bakery Cinnamon Roll,184.0,37
1106,Fresh Dairy Greek Yogurt,250.99,41
1107,Classic Pantry Soy Sauce 1L,214.75,45
1108,Original Frozen Frozen Pizza,135.99,49
1109,Salted Produce Garlic Bulb,88.75,53
1110,Spicy Meat Lamb Chops,207.49,57
1111,Deluxe Bath Mouthwash,170.49,61
1112,Imported Clean Floor Wax,432.5,65
1113,Natural Office Highlighter,80.75,69
1114,Organic Tech Earphones,1579.0,73
1115,Premium Pet Cat Food 1kg,188.99,77
1116,Roasted Coffee Espresso Beans,382.5,81
1117,Sweet Tea Hibiscus Leaves,483.49,85
1118,Light Snack Popcorn Bag,115.75,89
1119,Special Drink Juice Box,193.99,93
1120,Local Bakery Banana Bread,204.5,97
1121,Roasted Coffee Cappuccino Sticks,641.25,41
1122,Sweet Tea Jasmine Pearls,484.49,45
1123,Light Snack Trail Mix,138.99,49
1124,Special Drink Sports Drink,172.99,53
1125,Local Bakery Cinnamon Roll,164.5,57
1126,Fresh Dairy Greek Yogurt,231.49,61
1127,Classic Pantry Soy Sauce 1L,195.25,65
1128,Original Frozen Frozen Pizza,116.49,69
1129,Salted Produce Garlic Bulb,69.25,73
1130,Spicy Meat Lamb Chops,187.99,77
1131,Deluxe Bath Mouthwash,150.99,81
1132,Imported Clean Floor Wax,413.0,85
1133,Natural Office Highlighter,61.25,89
1134,Organic Tech Earphones,1559.5,93
1135,Premium Pet Cat Food 1kg,169.49,97
1136,Roasted Coffee Espresso Beans,363.0,2
1137,Sweet Tea Hibiscus Leaves,463.99,6
1138,Light Snack Popcorn Bag,96.25,10
1139,Special Drink Juice Box,174.49,14
1140,Local Bakery Banana Bread,207.75,18
1141,Roasted Coffee Cappuccino Sticks,644.5,61
1142,Sweet Tea Jasmine Pearls,487.74,65
1143,Light Snack Trail Mix,142.24,69
1144,Special Drink Sports Drink,176.24,73
1145,Local Bakery Cinnamon Roll,167.75,77
1146,Fresh Dairy Greek Yogurt,234.74,81
1147,Classic Pantry Soy Sauce 1L,198.5,85
1148,Original Frozen Frozen Pizza,119.74,89
1149,Salted Produce Garlic Bulb,72.5,93
1150,Spicy Meat Lamb Chops,191.24,97
1151,Deluxe Bath Mouthwash,154.24,2
1152,Imported Clean Floor Wax,416.25,6
1153,Natural Office Highlighter,64.5,10
1154,Organic Tech Earphones,1562.75,14
1155,Premium Pet Cat Food 1kg,172.74,18
1156,Roasted Coffee Espresso Beans,366.25,22
1157,Sweet Tea Hibiscus Leaves,467.24,26
1158,Light Snack Popcorn Bag,99.5,30
1159,Special Drink Juice Box,177.74,34
1160,Local Bakery Banana Bread,211.0,38
1161,Roasted Coffee Cappuccino Sticks,647.75,81
1162,Sweet Tea Jasmine Pearls,490.99,85
1163,Light Snack Trail Mix,145.49,89
1164,Special Drink Sports Drink,179.49,93
1165,Local Bakery Cinnamon Roll,171.0,97
1166,Fresh Dairy Greek Yogurt,237.99,2
1167,Classic Pantry Soy Sauce 1L,201.75,6
1168,Original Frozen Frozen Pizza,122.99,10
1169,Salted Produce Garlic Bulb,75.75,14
1170,Spicy Meat Lamb Chops,194.49,18
1171,Deluxe Bath Mouthwash,157.49,22
1172,Imported Clean Floor Wax,419.5,26
1173,Natural Office Highlighter,67.75,30
1174,Organic Tech Earphones,1566.0,34
1175,Premium Pet Cat Food 1kg,175.99,38
1176,Roasted Coffee Espresso Beans,369.5,42
1177,Sweet Tea Hibiscus Leaves,470.49,46
1178,Light Snack Popcorn Bag,102.75,50
1179,Special Drink Juice Box,180.99,54
1180,Local Bakery Banana Bread,214.25,58
1181,Roasted Coffee Cappuccino Sticks,651.0,2
1182,Sweet Tea Jasmine Pearls,494.24,6
1183,Light Snack Trail Mix,148.74,10
1184,Special Drink Sports Drink,182.74,14
1185,Local Bakery Cinnamon Roll,174.25,18
1186,Fresh Dairy Greek Yogurt,241.24,22
1187,Classic Pantry Soy Sauce 1L,205.0,26
1188,Original Frozen Frozen Pizza,126.24,30
1189,Salted Produce Garlic Bulb,79.0,34
1190,Spicy Meat Lamb Chops,197.74,38
1191,Deluxe Bath Mouthwash,160.74,42
1192,Imported Clean Floor Wax,422.75,46
1193,Natural Office Highlighter,71.0,50
1194,Organic Tech Earphones,1569.25,54
1195,Premium Pet Cat Food 1kg,179.24,58
1196,Roasted Coffee Espresso Beans,372.75,62
1197,Sweet Tea Hibiscus Leaves,473.74,66
1198,Light Snack Popcorn Bag,106.0,70
1199,Special Drink Juice Box,184.24,74
1200,Local Bakery Banana Bread,217.5,78
1201,Roasted Coffee Cappuccino Sticks,654.25,22
1202,Sweet Tea Jasmine Pearls,497.49,26
1203,Light Snack Trail Mix,151.99,30
1204,Special Drink Sports Drink,185.99,34
1205,Local Bakery Cinnamon Roll,177.5,38
1206,Fresh Dairy Greek Yogurt,244.49,42
1207,Classic Pantry Soy Sauce 1L,208.25,46
1208,Original Frozen Frozen Pizza,129.49,50
1209,Salted Produce Garlic Bulb,82.25,54
1210,Spicy Meat Lamb Chops,200.99,58
1211,Deluxe Bath Mouthwash,163.99,62
1212,Imported Clean Floor Wax,426.0,66
1213,Natural Office Highlighter,74.25,70
1214,Organic Tech Earphones,1572.5,74
1215,Premium Pet Cat Food 1kg,182.49,78
1216,Roasted Coffee Espresso Beans,376.0,82
1217,Sweet Tea Hibiscus Leaves,476.99,86
1218,Light Snack Popcorn Bag,109.25,90
1219,Special Drink Juice Box,187.49,94
1220,Local Bakery Banana Bread,220.75,98
1221,Roasted Coffee Cappuccino Sticks,657.5,42
1222,Sweet Tea Jasmine Pearls,500.74,46
1223,Light Snack Trail Mix,155.24,50
1224,Special Drink Sports Drink,189.24,54
1225,Local Bakery Cinnamon Roll,180.75,58
1226,Fresh Dairy Greek Yogurt,247.74,62
1227,Classic Pantry Soy Sauce 1L,211.5,66
1228,Original Frozen Frozen Pizza,132.74,70
1229,Salted Produce Garlic Bulb,85.5,74
1230,Spicy Meat Lamb Chops,204.24,78
1231,Deluxe Bath Mouthwash,167.24,82
1232,Imported Clean Floor Wax,429.25,86
1233,Natural Office Highlighter,77.5,90
1234,Organic Tech Earphones,1575.75,94
1235,Premium Pet Cat Food 1kg,185.74,98
1236,Roasted Coffee Espresso Beans,379.25,3
1237,Sweet Tea Hibiscus Leaves,480.24,7
1238,Light Snack Popcorn Bag,112.5,11
1239,Special Drink Juice Box,190.74,15
1240,Local Bakery Banana Bread,224.0,19
1241,Roasted Coffee Cappuccino Sticks,660.75,62
1242,Sweet Tea Jasmine Pearls,503.99,66
1243,Light Snack Trail Mix,158.49,70
1244,Special Drink Sports Drink,192.49,74
1245,Local Bakery Cinnamon Roll,184.0,78
1246,Fresh Dairy Greek Yogurt,250.99,82
1247,Classic Pantry Soy Sauce 1L,214.75,86
1248,Original Frozen Frozen Pizza,135.99,90
1249,Salted Produce Garlic Bulb,88.75,94
1250,Spicy Meat Lamb Chops,207.49,98
1251,Deluxe Bath Mouthwash,170.49,3
1252,Imported Clean Floor Wax,432.5,7
1253,Natural Office Highlighter,80.75,11
1254,Organic Tech Earphones,1579.0,15
1255,Premium Pet Cat Food 1kg,188.99,19
1256,Roasted Coffee Espresso Beans,382.5,23
1257,Sweet Tea Hibiscus Leaves,483.49,27
1258,Light Snack Popcorn Bag,115.75,31
1259,Special Drink Juice Box,193.99,35
1260,Local Bakery Banana Bread,204.5,39
1261,Roasted Coffee Cappuccino Sticks,641.25,82
1262,Sweet Tea Jasmine Pearls,484.49,86
1263,Light Snack Trail Mix,138.99,90
1264,Special Drink Sports Drink,172.99,94
1265,Local Bakery Cinnamon Roll,164.5,98
1266,Fresh Dairy Greek Yogurt,231.49,3
1267,Classic Pantry Soy Sauce 1L,195.25,7
1268,Original Frozen Frozen Pizza,116.49,11
1269,Salted Produce Garlic Bulb,69.25,15
1270,Spicy Meat Lamb Chops,187.99,19
1271,Deluxe Bath Mouthwash,150.99,23
1272,Imported Clean Floor Wax,413.0,27
1273,Natural Office Highlighter,61.25,31
1274,Organic Tech Earphones,1559.5,35
1275,Premium Pet Cat Food 1kg,169.49,39
1276,Roasted Coffee Espresso Beans,363.0,43
1277,Sweet Tea Hibiscus Leaves,463.99,47
1278,Light Snack Popcorn Bag,96.25,51
1279,Special Drink Juice Box,174.49,55
1280,Local Bakery Banana Bread,207.75,59
1281,Roasted Coffee Cappuccino Sticks,644.5,3
1282,Sweet Tea Jasmine Pearls,487.74,7
1283,Light Snack Trail Mix,142.24,11
1284,Special Drink Sports Drink,176.24,15
1285,Local Bakery Cinnamon Roll,167.75,19
1286,Fresh Dairy Greek Yogurt,234.74,23
1287,Classic Pantry Soy Sauce 1L,198.5,27
1288,Original Frozen Frozen Pizza,119.74,31
1289,Salted Produce Garlic Bulb,72.5,35
1290,Spicy Meat Lamb Chops,191.24,39
1291,Deluxe Bath Mouthwash,154.24,43
1292,Imported Clean Floor Wax,416.25,47
1293,Natural Office Highlighter,64.5,51
1294,Organic Tech Earphones,1562.75,55
1295,Premium Pet Cat Food 1kg,172.74,59
1296,Roasted Coffee Espresso Beans,366.25,63
1297,Sweet Tea Hibiscus Leaves,467.24,67
1298,Light Snack Popcorn Bag,99.5,71
1299,Special Drink Juice Box,177.74,75
1300,Local Bakery Banana Bread,211.0,79
1301,Roasted Coffee Cappuccino Sticks,647.75,23
1302,Sweet Tea Jasmine Pearls,490.99,27
1303,Light Snack Trail Mix,145.49,31
1304,Special Drink Sports Drink,179.49,35
1305,Local Bakery Cinnamon Roll,171.0,39
1306,Fresh Dairy Greek Yogurt,237.99,43
1307,Classic Pantry Soy Sauce 1L,201.75,47
1308,Original Frozen Frozen Pizza,122.99,51
1309,Salted Produce Garlic Bulb,75.75,55
1310,Spicy Meat Lamb Chops,194.49,59
1311,Deluxe Bath Mouthwash,157.49,63
1312,Imported Clean Floor Wax,419.5,67
1313,Natural Office Highlighter,67.75,71
1314,Organic Tech Earphones,1566.0,75
1315,Premium Pet Cat Food 1kg,175.99,79
1316,Roasted Coffee Espresso Beans,369.5,83
1317,Sweet Tea Hibiscus Leaves,470.49,87
1318,Light Snack Popcorn Bag,102.75,91
1319,Special Drink Juice Box,180.99,95
1320,Local Bakery Banana Bread,214.25,99
1321,Roasted Coffee Cappuccino Sticks,651.0,43
1322,Sweet Tea Jasmine Pearls,494.24,47
1323,Light Snack Trail Mix,148.74,51
1324,Special Drink Sports Drink,182.74,55
1325,Local Bakery Cinnamon Roll,174.25,59
1326,Fresh Dairy Greek Yogurt,241.24,63
1327,Classic Pantry Soy Sauce 1L,205.0,67
1328,Original Frozen Frozen Pizza,126.24,71
1329,Salted Produce Garlic Bulb,79.0,75
1330,Spicy Meat Lamb Chops,197.74,79
1331,Deluxe Bath Mouthwash,160.74,83
1332,Imported Clean Floor Wax,422.75,87
1333,Natural Office Highlighter,71.0,91
1334,Organic Tech Earphones,1569.25,95
1335,Premium Pet Cat Food 1kg,179.24,99
1336,Roasted Coffee Espresso Beans,372.75,4
1337,Sweet Tea Hibiscus Leaves,473.74,8
1338,Light Snack Popcorn Bag,106.0,12
1339,Special Drink Juice Box,184.24,16
1340,Local Bakery Banana Bread,217.5,20
1341,Roasted Coffee Cappuccino Sticks,654.25,63
1342,Sweet Tea Jasmine Pearls,497.49,67
1343,Light Snack Trail Mix,151.99,71
1344,Special Drink Sports Drink,185.99,75
1345,Local Bakery Cinnamon Roll,177.5,79
1346,Fresh Dairy Greek Yogurt,244.49,83
1347,Classic Pantry Soy Sauce 1L,208.25,87
1348,Original Frozen Frozen Pizza,129.49,91
1349,Salted Produce Garlic Bulb,82.25,95
1350,Spicy Meat Lamb Chops,200.99,99
1351,Deluxe Bath Mouthwash,163.99,4
1352,Imported Clean Floor Wax,426.0,8
1353,Natural Office Highlighter,74.25,12
1354,Organic Tech Earphones,1572.5,16
1355,Premium Pet Cat Food 1kg,182.49,20
1356,Roasted Coffee Espresso Beans,376.0,24
1357,Sweet Tea Hibiscus Leaves,476.99,28
1358,Light Snack Popcorn Bag,109.25,32
1359,Special Drink Juice Box,187.49,36
1360,Local Bakery Banana Bread,220.75,40
1361,Roasted Coffee Cappuccino Sticks,657.5,83
1362,Sweet Tea Jasmine Pearls,500.74,87
1363,Light Snack Trail Mix,155.24,91
1364,Special Drink Sports Drink,189.24,95
1365,Local Bakery Cinnamon Roll,180.75,99
1366,Fresh Dairy Greek Yogurt,247.74,4
1367,Classic Pantry Soy Sauce 1L,211.5,8
1368,Original Frozen Frozen Pizza,132.74,12
1369,Salted Produce Garlic Bulb,85.5,16
1370,Spicy Meat Lamb Chops,204.24,20
1371,Deluxe Bath Mouthwash,167.24,24
1372,Imported Clean Floor Wax,429.25,28
1373,Natural Office Highlighter,77.5,32
1374,Organic Tech Earphones,1575.75,36
1375,Premium Pet Cat Food 1kg,185.74,40
1376,Roasted Coffee Espresso Beans,379.25,44
1377,Sweet Tea Hibiscus Leaves,480.24,48
1378,Light Snack Popcorn Bag,112.5,52
1379,Special Drink Juice Box,190.74,56
1380,Local Bakery Banana Bread,224.0,60
1381,Roasted Coffee Cappuccino Sticks,660.75,4
1382,Sweet Tea Jasmine Pearls,503.99,8
1383,Light Snack Trail Mix,158.49,12
1384,Special Drink Sports Drink,192.49,16
1385,Local Bakery Cinnamon Roll,184.0,20
1386,Fresh Dairy Greek Yogurt,250.99,24
1387,Classic Pantry Soy Sauce 1L,214.75,28
1388,Original Frozen Frozen Pizza,135.99,32
1389,Salted Produce Garlic Bulb,88.75,36
1390,Spicy Meat Lamb Chops,207.49,40
1391,Deluxe Bath Mouthwash,170.49,44
1392,Imported Clean Floor Wax,432.5,48
1393,Natural Office Highlighter,80.75,52
1394,Organic Tech Earphones,1579.0,56
1395,Premium Pet Cat Food 1kg,188.99,60
1396,Roasted Coffee Espresso Beans,382.5,64
1397,Sweet Tea Hibiscus Leaves,483.49,68
1398,Light Snack Popcorn Bag,115.75,72
1399,Special Drink Juice Box,193.99,76
1400,Local Bakery Banana Bread,204.5,80
1401,Roasted Coffee Cappuccino Sticks,641.25,24
1402,Sweet Tea Jasmine Pearls,484.49,28
1403,Light Snack Trail Mix,138.99,32
1404,Special Drink Sports Drink,172.99,36
1405,Local Bakery Cinnamon Roll,164.5,40
1406,Fresh Dairy Greek Yogurt,231.49,44
1407,Classic Pantry Soy Sauce 1L,195.25,48
1408,Original Frozen Frozen Pizza,116.49,52
1409,Salted Produce Garlic Bulb,69.25,56
1410,Spicy Meat Lamb Chops,187.99,60
1411,Deluxe Bath Mouthwash,150.99,64
1412,Imported Clean Floor Wax,413.0,68
1413,Natural Office Highlighter,61.25,72
1414,Organic Tech Earphones,1559.5,76
1415,Premium Pet Cat Food 1kg,169.49,80
1416,Roasted Coffee Espresso Beans,363.0,84
1417,Sweet Tea Hibiscus Leaves,463.99,88
1418,Light Snack Popcorn Bag,96.25,92
1419,Special Drink Juice Box,174.49,96
1420,Local Bakery Banana Bread,207.75,1
1421,Roasted Coffee Cappuccino Sticks,644.5,44
1422,Sweet Tea Jasmine Pearls,487.74,48
1423,Light Snack Trail Mix,142.24,52
1424,Special Drink Sports Drink,176.24,56
1425,Local Bakery Cinnamon Roll,167.75,60
1426,Fresh Dairy Greek Yogurt,234.74,64
1427,Classic Pantry Soy Sauce 1L,198.5,68
1428,Original Frozen Frozen Pizza,119.74,72
1429,Salted Produce Garlic Bulb,72.5,76
1430,Spicy Meat Lamb Chops,191.24,80
1431,Deluxe Bath Mouthwash,154.24,84
1432,Imported Clean Floor Wax,416.25,88
1433,Natural Office Highlighter,64.5,92
1434,Organic Tech Earphones,1562.75,96
1435,Premium Pet Cat Food 1kg,172.74,1
1436,Roasted Coffee Espresso Beans,366.25,5
1437,Sweet Tea Hibiscus Leaves,467.24,9
1438,Light Snack Popcorn Bag,99.5,13
1439,Special Drink Juice Box,177.74,17
1440,Local Bakery Banana Bread,211.0,21
1441,Roasted Coffee Cappuccino Sticks,647.75,64
1442,Sweet Tea Jasmine Pearls,490.99,68
1443,Light Snack Trail Mix,145.49,72
1444,Special Drink Sports Drink,179.49,76
1445,Local Bakery Cinnamon Roll,171.0,80
1446,Fresh Dairy Greek Yogurt,237.99,84
1447,Classic Pantry Soy Sauce 1L,201.75,88
1448,Original Frozen Frozen Pizza,122.99,92
1449,Salted Produce Garlic Bulb,75.75,96
1450,Spicy Meat Lamb Chops,194.49,1
1451,Deluxe Bath Mouthwash,157.49,5
1452,Imported Clean Floor Wax,419.5,9
1453,Natural Office Highlighter,67.75,13
1454,Organic Tech Earphones,1566.0,17
1455,Premium Pet Cat Food 1kg,175.99,21
1456,Roasted Coffee Espresso Beans,369.5,25
1457,Sweet Tea Hibiscus Leaves,470.49,29
1458,Light Snack Popcorn Bag,102.75,33
1459,Special Drink Juice Box,180.99,37
1460,Local Bakery Banana Bread,214.25,41
1461,Roasted Coffee Cappuccino Sticks,651.0,84
1462,Sweet Tea Jasmine Pearls,494.24,88
1463,Light Snack Trail Mix,148.74,92
1464,Special Drink Sports Drink,182.74,96
1465,Local Bakery Cinnamon Roll,174.25,1
1466,Fresh Dairy Greek Yogurt,241.24,5
1467,Classic Pantry Soy Sauce 1L,205.0,9
1468,Original Frozen Frozen Pizza,126.24,13
1469,Salted Produce Garlic Bulb,79.0,17
1470,Spicy Meat Lamb Chops,197.74,21
1471,Deluxe Bath Mouthwash,160.74,25
1472,Imported Clean Floor Wax,422.75,29
1473,Natural Office Highlighter,71.0,33
1474,Organic Tech Earphones,1569.25,37
1475,Premium Pet Cat Food 1kg,179.24,41
1476,Roasted Coffee Espresso Beans,372.75,45
1477,Sweet Tea Hibiscus Leaves,473.74,49
1478,Light Snack Popcorn Bag,106.0,53
1479,Special Drink Juice Box,184.24,57
1480,Local Bakery Banana Bread,217.5,61
1481,Roasted Coffee Cappuccino Sticks,654.25,5
1482,Sweet Tea Jasmine Pearls,497.49,9
1483,Light Snack Trail Mix,151.99,13
1484,Special Drink Sports Drink,185.99,17
1485,Local Bakery Cinnamon Roll,177.5,21
1486,Fresh Dairy Greek Yogurt,244.49,25
1487,Classic Pantry Soy Sauce 1L,208.25,29
1488,Original Frozen Frozen Pizza,129.49,33
1489,Salted Produce Garlic Bulb,82.25,37
1490,Spicy Meat Lamb Chops,200.99,41
1491,Deluxe Bath Mouthwash,163.99,45
1492,Imported Clean Floor Wax,426.0,49
1493,Natural Office Highlighter,74.25,53
1494,Organic Tech Earphones,1572.5,57
1495,Premium Pet Cat Food 1kg,182.49,61
1496,Roasted Coffee Espresso Beans,376.0,65
1497,Sweet Tea Hibiscus Leaves,476.99,69
1498,Light Snack Popcorn Bag,109.25,73
1499,Special Drink Juice Box,187.49,77
1500,Local Bakery Banana Bread,220.75,81
1501,Roasted Coffee Cappuccino Sticks,657.5,25
1502,Sweet Tea Jasmine Pearls,500.74,29
1503,Light Snack Trail Mix,155.24,33
1504,Special Drink Sports Drink,189.24,37
1505,Local Bakery Cinnamon Roll,180.75,41
1506,Fresh Dairy Greek Yogurt,247.74,45
1507,Classic Pantry Soy Sauce 1L,211.5,49
1508,Original Frozen Frozen Pizza,132.74,53
1509,Salted Produce Garlic Bulb,85.5,57
1510,Spicy Meat Lamb Chops,204.24,61
1511,Deluxe Bath Mouthwash,167.24,65
1512,Imported Clean Floor Wax,429.25,69
1513,Natural Office Highlighter,77.5,73
1514,Organic Tech Earphones,1575.75,77
1515,Premium Pet Cat Food 1kg,185.74,81
1516,Roasted Coffee Espresso Beans,379.25,85
1517,Sweet Tea Hibiscus Leaves,480.24,89
1518,Light Snack Popcorn Bag,112.5,93
1519,Special Drink Juice Box,190.74,97
1520,Local Bakery Banana Bread,224.0,2
1521,Roasted Coffee Cappuccino Sticks,660.75,45
1522,Sweet Tea Jasmine Pearls,503.99,49
1523,Light Snack Trail Mix,158.49,53
1524,Special Drink Sports Drink,192.49,57
1525,Local Bakery Cinnamon Roll,184.0,61
1526,Fresh Dairy Greek Yogurt,250.99,65
1527,Classic Pantry Soy Sauce 1L,214.75,69
1528,Original Frozen Frozen Pizza,135.99,73
1529,Salted Produce Garlic Bulb,88.75,77
1530,Spicy Meat Lamb Chops,207.49,81
1531,Deluxe Bath Mouthwash,170.49,85
1532,Imported Clean Floor Wax,432.5,89
1533,Natural Office Highlighter,80.75,93
1534,Organic Tech Earphones,1579.0,97
1535,Premium Pet Cat Food 1kg,188.99,2
1536,Roasted Coffee Espresso Beans,382.5,6
1537,Sweet Tea Hibiscus Leaves,483.49,10
1538,Light Snack Popcorn Bag,115.75,14
1539,Special Drink Juice Box,193.99,18
1540,Local Bakery Banana Bread,204.5,22
1541,Roasted Coffee Cappuccino Sticks,641.25,65
1542,Sweet Tea Jasmine Pearls,484.49,69
1543,Light Snack Trail Mix,138.99,73
1544,Special Drink Sports Drink,172.99,77
1545,Local Bakery Cinnamon Roll,164.5,81
1546,Fresh Dairy Greek Yogurt,231.49,85
1547,Classic Pantry Soy Sauce 1L,195.25,89
1548,Original Frozen Frozen Pizza,116.49,93
1549,Salted Produce Garlic Bulb,69.25,97
1550,Spicy Meat Lamb Chops,187.99,2
1551,Deluxe Bath Mouthwash,150.99,6
1552,Imported Clean Floor Wax,413.0,10
1553,Natural Office Highlighter,61.25,14
1554,Organic Tech Earphones,1559.5,18
1555,Premium Pet Cat Food 1kg,169.49,22
1556,Roasted Coffee Espresso Beans,363.0,26
1557,Sweet Tea Hibiscus Leaves,463.99,30
1558,Light Snack Popcorn Bag,96.25,34
1559,Special Drink Juice Box,174.49,38
1560,Local Bakery Banana Bread,207.75,42
1561,Roasted Coffee Cappuccino Sticks,644.5,85
1562,Sweet Tea Jasmine Pearls,487.74,89
1563,Light Snack Trail Mix,142.24,93
1564,Special Drink Sports Drink,176.24,97
1565,Local Bakery Cinnamon Roll,167.75,2
1566,Fresh Dairy Greek Yogurt,234.74,6
1567,Classic Pantry Soy Sauce 1L,198.5,10
1568,Original Frozen Frozen Pizza,119.74,14
1569,Salted Produce Garlic Bulb,72.5,18
1570,Spicy Meat Lamb Chops,191.24,22
1571,Deluxe Bath Mouthwash,154.24,26
1572,Imported Clean Floor Wax,416.25,30
1573,Natural Office Highlighter,64.5,34
1574,Organic Tech Earphones,1562.75,38
1575,Premium Pet Cat Food 1kg,172.74,42
1576,Roasted Coffee Espresso Beans,366.25,46
1577,Sweet Tea Hibiscus Leaves,467.24,50
1578,Light Snack Popcorn Bag,99.5,54
1579,Special Drink Juice Box,177.74,58
1580,Local Bakery Banana Bread,211.0,62
1581,Roasted Coffee Cappuccino Sticks,647.75,6
1582,Sweet Tea Jasmine Pearls,490.99,10
1583,Light Snack Trail Mix,145.49,14
1584,Special Drink Sports Drink,179.49,18
1585,Local Bakery Cinnamon Roll,171.0,22
1586,Fresh Dairy Greek Yogurt,237.99,26
1587,Classic Pantry Soy Sauce 1L,201.75,30
1588,Original Frozen Frozen Pizza,122.99,34
1589,Salted Produce Garlic Bulb,75.75,38
1590,Spicy Meat Lamb Chops,194.49,42
1591,Deluxe Bath Mouthwash,157.49,46
1592,Imported Clean Floor Wax,419.5,50
1593,Natural Office Highlighter,67.75,54
1594,Organic Tech Earphones,1566.0,58
1595,Premium Pet Cat Food 1kg,175.99,62
1596,Roasted Coffee Espresso Beans,369.5,66
1597,Sweet Tea Hibiscus Leaves,470.49,70
1598,Light Snack Popcorn Bag,102.75,74
1599,Special Drink Juice Box,180.99,78
1600,Local Bakery Banana Bread,214.25,82
1601,Roasted Coffee Cappuccino Sticks,651.0,26
1602,Sweet Tea Jasmine Pearls,494.24,30
1603,Light Snack Trail Mix,148.74,34
1604,Special Drink Sports Drink,182.74,38
1605,Local Bakery Cinnamon Roll,174.25,42
1606,Fresh Dairy Greek Yogurt,241.24,46
1607,Classic Pantry Soy Sauce 1L,205.0,50
1608,Original Frozen Frozen Pizza,126.24,54
1609,Salted Produce Garlic Bulb,79.0,58
1610,Spicy Meat Lamb Chops,197.74,62
1611,Deluxe Bath Mouthwash,160.74,66
1612,Imported Clean Floor Wax,422.75,70
1613,Natural Office Highlighter,71.0,74
1614,Organic Tech Earphones,1569.25,78
1615,Premium Pet Cat Food 1kg,179.24,82
1616,Roasted Coffee Espresso Beans,372.75,86
1617,Sweet Tea Hibiscus Leaves,473.74,90
1618,Light Snack Popcorn Bag,106.0,94
1619,Special Drink Juice Box,184.24,98
1620,Local Bakery Banana Bread,217.5,3
1621,Roasted Coffee Cappuccino Sticks,654.25,46
1622,Sweet Tea Jasmine Pearls,497.49,50
1623,Light Snack Trail Mix,151.99,54
1624,Special Drink Sports Drink,185.99,58
1625,Local Bakery Cinnamon Roll,177.5,62
1626,Fresh Dairy Greek Yogurt,244.49,66
1627,Classic Pantry Soy Sauce 1L,208.25,70
1628,Original Frozen Frozen Pizza,129.49,74
1629,Salted Produce Garlic Bulb,82.25,78
1630,Spicy Meat Lamb Chops,200.99,82
1631,Deluxe Bath Mouthwash,163.99,86
1632,Imported Clean Floor Wax,426.0,90
1633,Natural Office Highlighter,74.25,94
1634,Organic Tech Earphones,1572.5,98
1635,Premium Pet Cat Food 1kg,182.49,3
1636,Roasted Coffee Espresso Beans,376.0,7
1637,Sweet Tea Hibiscus Leaves,476.99,11
1638,Light Snack Popcorn Bag,109.25,15
1639,Special Drink Juice Box,187.49,19
1640,Local Bakery Banana Bread,220.75,23
1641,Roasted Coffee Cappuccino Sticks,657.5,66
1642,Sweet Tea Jasmine Pearls,500.74,70
1643,Light Snack Trail Mix,155.24,74
1644,Special Drink Sports Drink,189.24,78
1645,Local Bakery Cinnamon Roll,180.75,82
1646,Fresh Dairy Greek Yogurt,247.74,86
1647,Classic Pantry Soy Sauce 1L,211.5,90
1648,Original Frozen Frozen Pizza,132.74,94
1649,Salted Produce Garlic Bulb,85.5,98
1650,Spicy Meat Lamb Chops,204.24,3
1651,Deluxe Bath Mouthwash,167.24,7
1652,Imported Clean Floor Wax,429.25,11
1653,Natural Office Highlighter,77.5,15
1654,Organic Tech Earphones,1575.75,19
1655,Premium Pet Cat Food 1kg,185.74,23
1656,Roasted Coffee Espresso Beans,379.25,27
1657,Sweet Tea Hibiscus Leaves,480.24,31
1658,Light Snack Popcorn Bag,112.5,35
1659,Special Drink Juice Box,190.74,39
1660,Local Bakery Banana Bread,224.0,43
1661,Roasted Coffee Cappuccino Sticks,660.75,86
1662,Sweet Tea Jasmine Pearls,503.99,90
1663,Light Snack Trail Mix,158.49,94
1664,Special Drink Sports Drink,192.49,98
1665,Local Bakery Cinnamon Roll,184.0,3
1666,Fresh Dairy Greek Yogurt,250.99,7
1667,Classic Pantry Soy Sauce 1L,214.75,11
1668,Original Frozen Frozen Pizza,135.99,15
1669,Salted Produce Garlic Bulb,88.75,19
1670,Spicy Meat Lamb Chops,207.49,23
1671,Deluxe Bath Mouthwash,170.49,27
1672,Imported Clean Floor Wax,432.5,31
1673,Natural Office Highlighter,80.75,35
1674,Organic Tech Earphones,1579.0,39
1675,Premium Pet Cat Food 1kg,188.99,43
1676,Roasted Coffee Espresso Beans,382.5,47
1677,Sweet Tea Hibiscus Leaves,483.49,51
1678,Light Snack Popcorn Bag,115.75,55
1679,Special Drink Juice Box,193.99,59
1680,Local Bakery Banana Bread,204.5,63
1681,Roasted Coffee Cappuccino Sticks,641.25,7
1682,Sweet Tea Jasmine Pearls,484.49,11
1683,Light Snack Trail Mix,138.99,15
1684,Special Drink Sports Drink,172.99,19
1685,Local Bakery Cinnamon Roll,164.5,23
1686,Fresh Dairy Greek Yogurt,231.49,27
1687,Classic Pantry Soy Sauce 1L,195.25,31
1688,Original Frozen Frozen Pizza,116.49,35
1689,Salted Produce Garlic Bulb,69.25,39
1690,Spicy Meat Lamb Chops,187.99,43
1691,Deluxe Bath Mouthwash,150.99,47
1692,Imported Clean Floor Wax,413.0,51
1693,Natural Office Highlighter,61.25,55
1694,Organic Tech Earphones,1559.5,59
1695,Premium Pet Cat Food 1kg,169.49,63
1696,Roasted Coffee Espresso Beans,363.0,67
1697,Sweet Tea Hibiscus Leaves,463.99,71
1698,Light Snack Popcorn Bag,96.25,75
1699,Special Drink Juice Box,174.49,79
1700,Local Bakery Banana Bread,207.75,83
1701,Roasted Coffee Cappuccino Sticks,644.5,27
1702,Sweet Tea Jasmine Pearls,487.74,31
1703,Light Snack Trail Mix,142.24,35
1704,Special Drink Sports Drink,176.24,39
1705,Local Bakery Cinnamon Roll,167.75,43
1706,Fresh Dairy Greek Yogurt,234.74,47
1707,Classic Pantry Soy Sauce 1L,198.5,51
1708,Original Frozen Frozen Pizza,119.74,55
1709,Salted Produce Garlic Bulb,72.5,59
1710,Spicy Meat Lamb Chops,191.24,63
1711,Deluxe Bath Mouthwash,154.24,67
1712,Imported Clean Floor Wax,416.25,71
1713,Natural Office Highlighter,64.5,75
1714,Organic Tech Earphones,1562.75,79
1715,Premium Pet Cat Food 1kg,172.74,83
1716,Roasted Coffee Espresso Beans,366.25,87
1717,Sweet Tea Hibiscus Leaves,467.24,91
1718,Light Snack Popcorn Bag,99.5,95
1719,Special Drink Juice Box,177.74,99
1720,Local Bakery Banana Bread,211.0,4
1721,Roasted Coffee Cappuccino Sticks,647.75,47
1722,Sweet Tea Jasmine Pearls,490.99,51
1723,Light Snack Trail Mix,145.49,55
1724,Special Drink Sports Drink,179.49,59
1725,Local Bakery Cinnamon Roll,171.0,63
1726,Fresh Dairy Greek Yogurt,237.99,67
1727,Classic Pantry Soy Sauce 1L,201.75,71
1728,Original Frozen Frozen Pizza,122.99,75
1729,Salted Produce Garlic Bulb,75.75,79
1730,Spicy Meat Lamb Chops,194.49,83
1731,Deluxe Bath Mouthwash,157.49,87
1732,Imported Clean Floor Wax,419.5,91
1733,Natural Office Highlighter,67.75,95
1734,Organic Tech Earphones,1566.0,99
1735,Premium Pet Cat Food 1kg,175.99,4
1736,Roasted Coffee Espresso Beans,369.5,8
1737,Sweet Tea Hibiscus Leaves,470.49,12
1738,Light Snack Popcorn Bag,102.75,16
1739,Special Drink Juice Box,180.99,20
1740,Local Bakery Banana Bread,214.25,24
1741,Roasted Coffee Cappuccino Sticks,651.0,67
1742,Sweet Tea Jasmine Pearls,494.24,71
1743,Light Snack Trail Mix,148.74,75
1744,Special Drink Sports Drink,182.74,79
1745,Local Bakery Cinnamon Roll,174.25,83
1746,Fresh Dairy Greek Yogurt,241.24,87
1747,Classic Pantry Soy Sauce 1L,205.0,91
1748,Original Frozen Frozen Pizza,126.24,95
1749,Salted Produce Garlic Bulb,79.0,99
1750,Spicy Meat Lamb Chops,197.74,4
1751,Deluxe Bath Mouthwash,160.74,8
1752,Imported Clean Floor Wax,422.75,12
1753,Natural Office Highlighter,71.0,16
1754,Organic Tech Earphones,1569.25,20
1755,Premium Pet Cat Food 1kg,179.24,24
1756,Roasted Coffee Espresso Beans,372.75,28
1757,Sweet Tea Hibiscus Leaves,473.74,32
1758,Light Snack Popcorn Bag,106.0,36
1759,Special Drink Juice Box,184.24,40
1760,Local Bakery Banana Bread,217.5,44
1761,Roasted Coffee Cappuccino Sticks,654.25,87
1762,Sweet Tea Jasmine Pearls,497.49,91
1763,Light Snack Trail Mix,151.99,95
1764,Special Drink Sports Drink,185.99,99
1765,Local Bakery Cinnamon Roll,177.5,4
1766,Fresh Dairy Greek Yogurt,244.49,8
1767,Classic Pantry Soy Sauce 1L,208.25,12
1768,Original Frozen Frozen Pizza,129.49,16
1769,Salted Produce Garlic Bulb,82.25,20
1770,Spicy Meat Lamb Chops,200.99,24
1771,Deluxe Bath Mouthwash,163.99,28
1772,Imported Clean Floor Wax,426.0,32
1773,Natural Office Highlighter,74.25,36
1774,Organic Tech Earphones,1572.5,40
1775,Premium Pet Cat Food 1kg,182.49,44
1776,Roasted Coffee Espresso Beans,376.0,48
1777,Sweet Tea Hibiscus Leaves,476.99,52
1778,Light Snack Popcorn Bag,109.25,56
1779,Special Drink Juice Box,187.49,60
1780,Local Bakery Banana Bread,220.75,64
1781,Roasted Coffee Cappuccino Sticks,657.5,8
1782,Sweet Tea Jasmine Pearls,500.74,12
1783,Light Snack Trail Mix,155.24,16
1784,Special Drink Sports Drink,189.24,20
1785,Local Bakery Cinnamon Roll,180.75,24
1786,Fresh Dairy Greek Yogurt,247.74,28
1787,Classic Pantry Soy Sauce 1L,211.5,32
1788,Original Frozen Frozen Pizza,132.74,36
1789,Salted Produce Garlic Bulb,85.5,40
1790,Spicy Meat Lamb Chops,204.24,44
1791,Deluxe Bath Mouthwash,167.24,48
1792,Imported Clean Floor Wax,429.25,52
1793,Natural Office Highlighter,77.5,56
1794,Organic Tech Earphones,1575.75,60
1795,Premium Pet Cat Food 1kg,185.74,64
1796,Roasted Coffee Espresso Beans,379.25,68
1797,Sweet Tea Hibiscus Leaves,480.24,72
1798,Light Snack Popcorn Bag,112.5,76
1799,Special Drink Juice Box,190.74,80
1800,Local Bakery Banana Bread,224.0,84
1801,Roasted Coffee Cappuccino Sticks,660.75,28
1802,Sweet Tea Jasmine Pearls,503.99,32
1803,Light Snack Trail Mix,158.49,36
1804,Special Drink Sports Drink,192.49,40
1805,Local Bakery Cinnamon Roll,184.0,44
1806,Fresh Dairy Greek Yogurt,250.99,48
1807,Classic Pantry Soy Sauce 1L,214.75,52
1808,Original Frozen Frozen Pizza,135.99,56
1809,Salted Produce Garlic Bulb,88.75,60
1810,Spicy Meat Lamb Chops,207.49,64
1811,Deluxe Bath Mouthwash,170.49,68
1812,Imported Clean Floor Wax,432.5,72
1813,Natural Office Highlighter,80.75,76
1814,Organic Tech Earphones,1579.0,80
1815,Premium Pet Cat Food 1kg,188.99,84
1816,Roasted Coffee Espresso Beans,382.5,88
1817,Sweet Tea Hibiscus Leaves,483.49,92
1818,Light Snack Popcorn Bag,115.75,96
1819,Special Drink Juice Box,193.99,1
1820,Local Bakery Banana Bread,204.5,5
1821,Roasted Coffee Cappuccino Sticks,641.25,48
1822,Sweet Tea Jasmine Pearls,484.49,52
1823,Light Snack Trail Mix,138.99,56
1824,Special Drink Sports Drink,172.99,60
1825,Local Bakery Cinnamon Roll,164.5,64
1826,Fresh Dairy Greek Yogurt,231.49,68
1827,Classic Pantry Soy Sauce 1L,195.25,72
1828,Original Frozen Frozen Pizza,116.49,76
1829,Salted Produce Garlic Bulb,69.25,80
1830,Spicy Meat Lamb Chops,187.99,84
1831,Deluxe Bath Mouthwash,150.99,88
1832,Imported Clean Floor Wax,413.0,92
1833,Natural Office Highlighter,61.25,96
1834,Organic Tech Earphones,1559.5,1
1835,Premium Pet Cat Food 1kg,169.49,5
1836,Roasted Coffee Espresso Beans,363.0,9
1837,Sweet Tea Hibiscus Leaves,463.99,13
1838,Light Snack Popcorn Bag,96.25,17
1839,Special Drink Juice Box,174.49,21
1840,Local Bakery Banana Bread,207.75,25
1841,Roasted Coffee Cappuccino Sticks,644.5,68
1842,Sweet Tea Jasmine Pearls,487.74,72
1843,Light Snack Trail Mix,142.24,76
1844,Special Drink Sports Drink,176.24,80
1845,Local Bakery Cinnamon Roll,167.75,84
1846,Fresh Dairy Greek Yogurt,234.74,88
1847,Classic Pantry Soy Sauce 1L,198.5,92
1848,Original Frozen Frozen Pizza,119.74,96
1849,Salted Produce Garlic Bulb,72.5,1
1850,Spicy Meat Lamb Chops,191.24,5
1851,Deluxe Bath Mouthwash,154.24,9
1852,Imported Clean Floor Wax,416.25,13
1853,Natural Office Highlighter,64.5,17
1854,Organic Tech Earphones,1562.75,21
1855,Premium Pet Cat Food 1kg,172.74,25
1856,Roasted Coffee Espresso Beans,366.25,29
1857,Sweet Tea Hibiscus Leaves,467.24,33
1858,Light Snack Popcorn Bag,99.5,37
1859,Special Drink Juice Box,177.74,41
1860,Local Bakery Banana Bread,211.0,45
1861,Roasted Coffee Cappuccino Sticks,647.75,88
1862,Sweet Tea Jasmine Pearls,490.99,92
1863,Light Snack Trail Mix,145.49,96
1864,Special Drink Sports Drink,179.49,1
1865,Local Bakery Cinnamon Roll,171.0,5
1866,Fresh Dairy Greek Yogurt,237.99,9
1867,Classic Pantry Soy Sauce 1L,201.75,13
1868,Original Frozen Frozen Pizza,122.99,17
1869,Salted Produce Garlic Bulb,75.75,21
1870,Spicy Meat Lamb Chops,194.49,25
1871,Deluxe Bath Mouthwash,157.49,29
1872,Imported Clean Floor Wax,419.5,33
1873,Natural Office Highlighter,67.75,37
1874,Organic Tech Earphones,1566.0,41
1875,Premium Pet Cat Food 1kg,175.99,45
1876,Roasted Coffee Espresso Beans,369.5,49
1877,Sweet Tea Hibiscus Leaves,470.49,53
1878,Light Snack Popcorn Bag,102.75,57
1879,Special Drink Juice Box,180.99,61
1880,Local Bakery Banana Bread,214.25,65
1881,Roasted Coffee Cappuccino Sticks,651.0,9
1882,Sweet Tea Jasmine Pearls,494.24,13
1883,Light Snack Trail Mix,148.74,17
1884,Special Drink Sports Drink,182.74,21
1885,Local Bakery Cinnamon Roll,174.25,25
1886,Fresh Dairy Greek Yogurt,241.24,29
1887,Classic Pantry Soy Sauce 1L,205.0,33
1888,Original Frozen Frozen Pizza,126.24,37
1889,Salted Produce Garlic Bulb,79.0,41
1890,Spicy Meat Lamb Chops,197.74,45
1891,Deluxe Bath Mouthwash,160.74,49
1892,Imported Clean Floor Wax,422.75,53
1893,Natural Office Highlighter,71.0,57
1894,Organic Tech Earphones,1569.25,61
1895,Premium Pet Cat Food 1kg,179.24,65
1896,Roasted Coffee Espresso Beans,372.75,69
1897,Sweet Tea Hibiscus Leaves,473.74,73
1898,Light Snack Popcorn Bag,106.0,77
1899,Special Drink Juice Box,184.24,81
1900,Local Bakery Banana Bread,217.5,85
1901,Roasted Coffee Cappuccino Sticks,654.25,29
1902,Sweet Tea Jasmine Pearls,497.49,33
1903,Light Snack Trail Mix,151.99,37
1904,Special Drink Sports Drink,185.99,41
1905,Local Bakery Cinnamon Roll,177.5,45
1906,Fresh Dairy Greek Yogurt,244.49,49
1907,Classic Pantry Soy Sauce 1L,208.25,53
1908,Original Frozen Frozen Pizza,129.49,57
1909,Salted Produce Garlic Bulb,82.25,61
1910,Spicy Meat Lamb Chops,200.99,65
1911,Deluxe Bath Mouthwash,163.99,69
1912,Imported Clean Floor Wax,426.0,73
1913,Natural Office Highlighter,74.25,77
1914,Organic Tech Earphones,1572.5,81
1915,Premium Pet Cat Food 1kg,182.49,85
1916,Roasted Coffee Espresso Beans,376.0,89
1917,Sweet Tea Hibiscus Leaves,476.99,93
1918,Light Snack Popcorn Bag,109.25,97
1919,Special Drink Juice Box,187.49,2
1920,Local Bakery Banana Bread,220.75,6
1921,Roasted Coffee Cappuccino Sticks,657.5,49
1922,Sweet Tea Jasmine Pearls,500.74,53
1923,Light Snack Trail Mix,155.24,57
1924,Special Drink Sports Drink,189.24,61
1925,Local Bakery Cinnamon Roll,180.75,65
1926,Fresh Dairy Greek Yogurt,247.74,69
1927,Classic Pantry Soy Sauce 1L,211.5,73
1928,Original Frozen Frozen Pizza,132.74,77
1929,Salted Produce Garlic Bulb,85.5,81
1930,Spicy Meat Lamb Chops,204.24,85
1931,Deluxe Bath Mouthwash,167.24,89
1932,Imported Clean Floor Wax,429.25,93
1933,Natural Office Highlighter,77.5,97
1934,Organic Tech Earphones,1575.75,2
1935,Premium Pet Cat Food 1kg,185.74,6
1936,Roasted Coffee Espresso Beans,379.25,10
1937,Sweet Tea Hibiscus Leaves,480.24,14
1938,Light Snack Popcorn Bag,112.5,18
1939,Special Drink Juice Box,190.74,22
1940,Local Bakery Banana Bread,224.0,26
1941,Roasted Coffee Cappuccino Sticks,660.75,69
1942,Sweet Tea Jasmine Pearls,503.99,73
1943,Light Snack Trail Mix,158.49,77
1944,Special Drink Sports Drink,192.49,81
1945,Local Bakery Cinnamon Roll,184.0,85
1946,Fresh Dairy Greek Yogurt,250.99,89
1947,Classic Pantry Soy Sauce 1L,214.75,93
1948,Original Frozen Frozen Pizza,135.99,97
1949,Salted Produce Garlic Bulb,88.75,2
1950,Spicy Meat Lamb Chops,207.49,6
1951,Deluxe Bath Mouthwash,170.49,10
1952,Imported Clean Floor Wax,432.5,14
1953,Natural Office Highlighter,80.75,18
1954,Organic Tech Earphones,1579.0,22
1955,Premium Pet Cat Food 1kg,188.99,26
1956,Roasted Coffee Espresso Beans,382.5,30
1957,Sweet Tea Hibiscus Leaves,483.49,34
1958,Light Snack Popcorn Bag,115.75,38
1959,Special Drink Juice Box,193.99,42
1960,Local Bakery Banana Bread,204.5,46
1961,Roasted Coffee Cappuccino Sticks,641.25,89
1962,Sweet Tea Jasmine Pearls,484.49,93
1963,Light Snack Trail Mix,138.99,97
1964,Special Drink Sports Drink,172.99,2
1965,Local Bakery Cinnamon Roll,164.5,6
1966,Fresh Dairy Greek Yogurt,231.49,10
1967,Classic Pantry Soy Sauce 1L,195.25,14
1968,Original Frozen Frozen Pizza,116.49,18
1969,Salted Produce Garlic Bulb,69.25,22
1970,Spicy Meat Lamb Chops,187.99,26
1971,Deluxe Bath Mouthwash,150.99,30
1972,Imported Clean Floor Wax,413.0,34
1973,Natural Office Highlighter,61.25,38
1974,Organic Tech Earphones,1559.5,42
1975,Premium Pet Cat Food 1kg,169.49,46
1976,Roasted Coffee Espresso Beans,363.0,50
1977,Sweet Tea Hibiscus Leaves,463.99,54
1978,Light Snack Popcorn Bag,96.25,58
1979,Special Drink Juice Box,174.49,62
1980,Local Bakery Banana Bread,207.75,66
1981,Roasted Coffee Cappuccino Sticks,644.5,10
1982,Sweet Tea Jasmine Pearls,487.74,14
1983,Light Snack Trail Mix,142.24,18
1984,Special Drink Sports Drink,176.24,22
1985,Local Bakery Cinnamon Roll,167.75,26
1986,Fresh Dairy Greek Yogurt,234.74,30
1987,Classic Pantry Soy Sauce 1L,198.5,34
1988,Original Frozen Frozen Pizza,119.74,38
1989,Salted Produce Garlic Bulb,72.5,42
1990,Spicy Meat Lamb Chops,191.24,46
1991,Deluxe Bath Mouthwash,154.24,50
1992,Imported Clean Floor Wax,416.25,54
1993,Natural Office Highlighter,64.5,58
1994,Organic Tech Earphones,1562.75,62
1995,Premium Pet Cat Food 1kg,172.74,66
1996,Roasted Coffee Espresso Beans,366.25,70
1997,Sweet Tea Hibiscus Leaves,467.24,74
1998,Light Snack Popcorn Bag,99.5,78
1999,Special Drink Juice Box,177.74,82
2000,Local Bakery Banana Bread,211.0,86
2001,Roasted Coffee Cappuccino Sticks,647.75,30
2002,Sweet Tea Jasmine Pearls,490.99,34
2003,Light Snack Trail Mix,145.49,38
2004,Special Drink Sports Drink,179.49,42
2005,Local Bakery Cinnamon Roll,171.0,46
2006,Fresh Dairy Greek Yogurt,237.99,50
2007,Classic Pantry Soy Sauce 1L,201.75,54
2008,Original Frozen Frozen Pizza,122.99,58
2009,Salted Produce Garlic Bulb,75.75,62
2010,Spicy Meat Lamb Chops,194.49,66
2011,Deluxe Bath Mouthwash,157.49,70
2012,Imported Clean Floor Wax,419.5,74
2013,Natural Office Highlighter,67.75,78
2014,Organic Tech Earphones,1566.0,82
2015,Premium Pet Cat Food 1kg,175.99,86
2016,Roasted Coffee Espresso Beans,369.5,90
2017,Sweet Tea Hibiscus Leaves,470.49,94
2018,Light Snack Popcorn Bag,102.75,98
2019,Special Drink Juice Box,180.99,3
2020,Local Bakery Banana Bread,214.25,7
2021,Roasted Coffee Cappuccino Sticks,651.0,50
2022,Sweet Tea Jasmine Pearls,494.24,54
2023,Light Snack Trail Mix,148.74,58
2024,Special Drink Sports Drink,182.74,62
2025,Local Bakery Cinnamon Roll,174.25,66
2026,Fresh Dairy Greek Yogurt,241.24,70
2027,Classic Pantry Soy Sauce 1L,205.0,74
2028,Original Frozen Frozen Pizza,126.24,78
2029,Salted Produce Garlic Bulb,79.0,82
2030,Spicy Meat Lamb Chops,197.74,86
2031,Deluxe Bath Mouthwash,160.74,90
2032,Imported Clean Floor Wax,422.75,94
2033,Natural Office Highlighter,71.0,98
2034,Organic Tech Earphones,1569.25,3
2035,Premium Pet Cat Food 1kg,179.24,7
2036,Roasted Coffee Espresso Beans,372.75,11
2037,Sweet Tea Hibiscus Leaves,473.74,15
2038,Light Snack Popcorn Bag,106.0,19
2039,Special Drink Juice Box,184.24,23
2040,Local Bakery Banana Bread,217.5,27
2041,Roasted Coffee Cappuccino Sticks,654.25,70
2042,Sweet Tea Jasmine Pearls,497.49,74
2043,Light Snack Trail Mix,151.99,78
2044,Special Drink Sports Drink,185.99,82
2045,Local Bakery Cinnamon Roll,177.5,86
2046,Fresh Dairy Greek Yogurt,244.49,90
2047,Classic Pantry Soy Sauce 1L,208.25,94
2048,Original Frozen Frozen Pizza,129.49,98
2049,Salted Produce Garlic Bulb,82.25,3
2050,Spicy Meat Lamb Chops,200.99,7
2051,Deluxe Bath Mouthwash,163.99,11
2052,Imported Clean Floor Wax,426.0,15
2053,Natural Office Highlighter,74.25,19
2054,Organic Tech Earphones,1572.5,23
2055,Premium Pet Cat Food 1kg,182.49,27
2056,Roasted Coffee Espresso Beans,376.0,31
2057,Sweet Tea Hibiscus Leaves,476.99,35
2058,Light Snack Popcorn Bag,109.25,39
2059,Special Drink Juice Box,187.49,43
2060,Local Bakery Banana Bread,220.75,47
2061,Roasted Coffee Cappuccino Sticks,657.5,90
2062,Sweet Tea Jasmine Pearls,500.74,94
2063,Light Snack Trail Mix,155.24,98
2064,Special Drink Sports Drink,189.24,3
2065,Local Bakery Cinnamon Roll,180.75,7
2066,Fresh Dairy Greek Yogurt,247.74,11
2067,Classic Pantry Soy Sauce 1L,211.5,15
2068,Original Frozen Frozen Pizza,132.74,19
2069,Salted Produce Garlic Bulb,85.5,23
2070,Spicy Meat Lamb Chops,204.24,27
2071,Deluxe Bath Mouthwash,167.24,31
2072,Imported Clean Floor Wax,429.25,35
2073,Natural Office Highlighter,77.5,39
2074,Organic Tech Earphones,1575.75,43
2075,Premium Pet Cat Food 1kg,185.74,47
2076,Roasted Coffee Espresso Beans,379.25,51
2077,Sweet Tea Hibiscus Leaves,480.24,55
2078,Light Snack Popcorn Bag,112.5,59
2079,Special Drink Juice Box,190.74,63
2080,Local Bakery Banana Bread,224.0,67
2081,Roasted Coffee Cappuccino Sticks,660.75,11
2082,Sweet Tea Jasmine Pearls,503.99,15
2083,Light Snack Trail Mix,158.49,19
2084,Special Drink Sports Drink,192.49,23
2085,Local Bakery Cinnamon Roll,184.0,27
2086,Fresh Dairy Greek Yogurt,250.99,31
2087,Classic Pantry Soy Sauce 1L,214.75,35
2088,Original Frozen Frozen Pizza,135.99,39
2089,Salted Produce Garlic Bulb,88.75,43
2090,Spicy Meat Lamb Chops,207.49,47
2091,Deluxe Bath Mouthwash,170.49,51
2092,Imported Clean Floor Wax,432.5,55
2093,Natural Office Highlighter,80.75,59
2094,Organic Tech Earphones,1579.0,63
2095,Premium Pet Cat Food 1kg,188.99,67
2096,Roasted Coffee Espresso Beans,382.5,71
2097,Sweet Tea Hibiscus Leaves,483.49,75
2098,Light Snack Popcorn Bag,115.75,79
2099,Special Drink Juice Box,193.99,83
2100,Local Bakery Banana Bread,204.5,87
2101,Roasted Coffee Cappuccino Sticks,641.25,31
2102,Sweet Tea Jasmine Pearls,484.49,35
2103,Light Snack Trail Mix,138.99,39
2104,Special Drink Sports Drink,172.99,43
2105,Local Bakery Cinnamon Roll,164.5,47
2106,Fresh Dairy Greek Yogurt,231.49,51
2107,Classic Pantry Soy Sauce 1L,195.25,55
2108,Original Frozen Frozen Pizza,116.49,59
2109,Salted Produce Garlic Bulb,69.25,63
2110,Spicy Meat Lamb Chops,187.99,67
2111,Deluxe Bath Mouthwash,150.99,71
2112,Imported Clean Floor Wax,413.0,75
2113,Natural Office Highlighter,61.25,79
2114,Organic Tech Earphones,1559.5,83
2115,Premium Pet Cat Food 1kg,169.49,87
2116,Roasted Coffee Espresso Beans,363.0,91
2117,Sweet Tea Hibiscus Leaves,463.99,95
2118,Light Snack Popcorn Bag,96.25,99
2119,Special Drink Juice Box,174.49,4
2120,Local Bakery Banana Bread,207.75,8
2121,Roasted Coffee Cappuccino Sticks,644.5,51
2122,Sweet Tea Jasmine Pearls,487.74,55
2123,Light Snack Trail Mix,142.24,59
2124,Special Drink Sports Drink,176.24,63
2125,Local Bakery Cinnamon Roll,167.75,67
2126,Fresh Dairy Greek Yogurt,234.74,71
2127,Classic Pantry Soy Sauce 1L,198.5,75
2128,Original Frozen Frozen Pizza,119.74,79
2129,Salted Produce Garlic Bulb,72.5,83
2130,Spicy Meat Lamb Chops,191.24,87
2131,Deluxe Bath Mouthwash,154.24,91
2132,Imported Clean Floor Wax,416.25,95
2133,Natural Office Highlighter,64.5,99
2134,Organic Tech Earphones,1562.75,4
2135,Premium Pet Cat Food 1kg,172.74,8
2136,Roasted Coffee Espresso Beans,366.25,12
2137,Sweet Tea Hibiscus Leaves,467.24,16
2138,Light Snack Popcorn Bag,99.5,20
2139,Special Drink Juice Box,177.74,24
2140,Local Bakery Banana Bread,211.0,28
2141,Roasted Coffee Cappuccino Sticks,647.75,71
2142,Sweet Tea Jasmine Pearls,490.99,75
2143,Light Snack Trail Mix,145.49,79
2144,Special Drink Sports Drink,179.49,83
2145,Local Bakery Cinnamon Roll,171.0,87
2146,Fresh Dairy Greek Yogurt,237.99,91
2147,Classic Pantry Soy Sauce 1L,201.75,95
2148,Original Frozen Frozen Pizza,122.99,99
2149,Salted Produce Garlic Bulb,75.75,4
2150,Spicy Meat Lamb Chops,194.49,8
2151,Deluxe Bath Mouthwash,157.49,12
2152,Imported Clean Floor Wax,419.5,16
2153,Natural Office Highlighter,67.75,20
2154,Organic Tech Earphones,1566.0,24
2155,Premium Pet Cat Food 1kg,175.99,28
2156,Roasted Coffee Espresso Beans,369.5,32
2157,Sweet Tea Hibiscus Leaves,470.49,36
2158,Light Snack Popcorn Bag,102.75,40
2159,Special Drink Juice Box,180.99,44
2160,Local Bakery Banana Bread,214.25,48
2161,Roasted Coffee Cappuccino Sticks,651.0,91
2162,Sweet Tea Jasmine Pearls,494.24,95
2163,Light Snack Trail Mix,148.74,99
2164,Special Drink Sports Drink,182.74,4
2165,Local Bakery Cinnamon Roll,174.25,8
2166,Fresh Dairy Greek Yogurt,241.24,12
2167,Classic Pantry Soy Sauce 1L,205.0,16
2168,Original Frozen Frozen Pizza,126.24,20
2169,Salted Produce Garlic Bulb,79.0,24
2170,Spicy Meat Lamb Chops,197.74,28
2171,Deluxe Bath Mouthwash,160.74,32
2172,Imported Clean Floor Wax,422.75,36
2173,Natural Office Highlighter,71.0,40
2174,Organic Tech Earphones,1569.25,44
2175,Premium Pet Cat Food 1kg,179.24,48
2176,Roasted Coffee Espresso Beans,372.75,52
2177,Sweet Tea Hibiscus Leaves,473.74,56
2178,Light Snack Popcorn Bag,106.0,60
2179,Special Drink Juice Box,184.24,64
2180,Local Bakery Banana Bread,217.5,68
2181,Roasted Coffee Cappuccino Sticks,654.25,12
2182,Sweet Tea Jasmine Pearls,497.49,16
2183,Light Snack Trail Mix,151.99,20
2184,Special Drink Sports Drink,185.99,24
2185,Local Bakery Cinnamon Roll,177.5,28
2186,Fresh Dairy Greek Yogurt,244.49,32
2187,Classic Pantry Soy Sauce 1L,208.25,36
2188,Original Frozen Frozen Pizza,129.49,40
2189,Salted Produce Garlic Bulb,82.25,44
2190,Spicy Meat Lamb Chops,200.99,48
2191,Deluxe Bath Mouthwash,163.99,52
2192,Imported Clean Floor Wax,426.0,56
2193,Natural Office Highlighter,74.25,60
2194,Organic Tech Earphones,1572.5,64
2195,Premium Pet Cat Food 1kg,182.49,68
2196,Roasted Coffee Espresso Beans,376.0,72
2197,Sweet Tea Hibiscus Leaves,476.99,76
2198,Light Snack Popcorn Bag,109.25,80
2199,Special Drink Juice Box,187.49,84
2200,Local Bakery Banana Bread,220.75,88
2201,Roasted Coffee Cappuccino Sticks,657.5,32
2202,Sweet Tea Jasmine Pearls,500.74,36
2203,Light Snack Trail Mix,155.24,40
2204,Special Drink Sports Drink,189.24,44
2205,Local Bakery Cinnamon Roll,180.75,48
2206,Fresh Dairy Greek Yogurt,247.74,52
2207,Classic Pantry Soy Sauce 1L,211.5,56
2208,Original Frozen Frozen Pizza,132.74,60
2209,Salted Produce Garlic Bulb,85.5,64
2210,Spicy Meat Lamb Chops,204.24,68
2211,Deluxe Bath Mouthwash,167.24,72
2212,Imported Clean Floor Wax,429.25,76
2213,Natural Office Highlighter,77.5,80
2214,Organic Tech Earphones,1575.75,84
2215,Premium Pet Cat Food 1kg,185.74,88
2216,Roasted Coffee Espresso Beans,379.25,92
2217,Sweet Tea Hibiscus Leaves,480.24,96
2218,Light Snack Popcorn Bag,112.5,1
2219,Special Drink Juice Box,190.74,5
2220,Local Bakery Banana Bread,224.0,9
2221,Roasted Coffee Cappuccino Sticks,660.75,52
2222,Sweet Tea Jasmine Pearls,503.99,56
2223,Light Snack Trail Mix,158.49,60
2224,Special Drink Sports Drink,192.49,64
2225,Local Bakery Cinnamon Roll,184.0,68
2226,Fresh Dairy Greek Yogurt,250.99,72
2227,Classic Pantry Soy Sauce 1L,214.75,76
2228,Original Frozen Frozen Pizza,135.99,80
2229,Salted Produce Garlic Bulb,88.75,84
2230,Spicy Meat Lamb Chops,207.49,88
2231,Deluxe Bath Mouthwash,170.49,92
2232,Imported Clean Floor Wax,432.5,96
2233,Natural Office Highlighter,80.75,1
2234,Organic Tech Earphones,1579.0,5
2235,Premium Pet Cat Food 1kg,188.99,9
2236,Roasted Coffee Espresso Beans,382.5,13
2237,Sweet Tea Hibiscus Leaves,483.49,17
2238,Light Snack Popcorn Bag,115.75,21
2239,Special Drink Juice Box,193.99,25
2240,Local Bakery Banana Bread,204.5,29
2241,Roasted Coffee Cappuccino Sticks,641.25,72
2242,Sweet Tea Jasmine Pearls,484.49,76
2243,Light Snack Trail Mix,138.99,80
2244,Special Drink Sports Drink,172.99,84
2245,Local Bakery Cinnamon Roll,164.5,88
2246,Fresh Dairy Greek Yogurt,231.49,92
2247,Classic Pantry Soy Sauce 1L,195.25,96
2248,Original Frozen Frozen Pizza,116.49,1
2249,Salted Produce Garlic Bulb,69.25,5
2250,Spicy Meat Lamb Chops,187.99,9
2251,Deluxe Bath Mouthwash,150.99,13
2252,Imported Clean Floor Wax,413.0,17
2253,Natural Office Highlighter,61.25,21
2254,Organic Tech Earphones,1559.5,25
2255,Premium Pet Cat Food 1kg,169.49,29
2256,Roasted Coffee Espresso Beans,363.0,33
2257,Sweet Tea Hibiscus Leaves,463.99,37
2258,Light Snack Popcorn Bag,96.25,41
2259,Special Drink Juice Box,174.49,45
2260,Local Bakery Banana Bread,207.75,49
2261,Roasted Coffee Cappuccino Sticks,644.5,92
2262,Sweet Tea Jasmine Pearls,487.74,96
2263,Light Snack Trail Mix,142.24,1
2264,Special Drink Sports Drink,176.24,5
2265,Local Bakery Cinnamon Roll,167.75,9
2266,Fresh Dairy Greek Yogurt,234.74,13
2267,Classic Pantry Soy Sauce 1L,198.5,17
2268,Original Frozen Frozen Pizza,119.74,21
2269,Salted Produce Garlic Bulb,72.5,25
2270,Spicy Meat Lamb Chops,191.24,29
2271,Deluxe Bath Mouthwash,154.24,33
2272,Imported Clean Floor Wax,416.25,37
2273,Natural Office Highlighter,64.5,41
2274,Organic Tech Earphones,1562.75,45
2275,Premium Pet Cat Food 1kg,172.74,49
2276,Roasted Coffee Espresso Beans,366.25,53
2277,Sweet Tea Hibiscus Leaves,467.24,57
2278,Light Snack Popcorn Bag,99.5,61
2279,Special Drink Juice Box,177.74,65
2280,Local Bakery Banana Bread,211.0,69
2281,Roasted Coffee Cappuccino Sticks,647.75,13
2282,Sweet Tea Jasmine Pearls,490.99,17
2283,Light Snack Trail Mix,145.49,21
2284,Special Drink Sports Drink,179.49,25
2285,Local Bakery Cinnamon Roll,171.0,29
2286,Fresh Dairy Greek Yogurt,237.99,33
2287,Classic Pantry Soy Sauce 1L,201.75,37
2288,Original Frozen Frozen Pizza,122.99,41
2289,Salted Produce Garlic Bulb,75.75,45
2290,Spicy Meat Lamb Chops,194.49,49
2291,Deluxe Bath Mouthwash,157.49,53
2292,Imported Clean Floor Wax,419.5,57
2293,Natural Office Highlighter,67.75,61
2294,Organic Tech Earphones,1566.0,65
2295,Premium Pet Cat Food 1kg,175.99,69
2296,Roasted Coffee Espresso Beans,369.5,73
2297,Sweet Tea Hibiscus Leaves,470.49,77
2298,Light Snack Popcorn Bag,102.75,81
2299,Special Drink Juice Box,180.99,85
2300,Local Bakery Banana Bread,214.25,89
2301,Roasted Coffee Cappuccino Sticks,651.0,33
2302,Sweet Tea Jasmine Pearls,494.24,37
2303,Light Snack Trail Mix,148.74,41
2304,Special Drink Sports Drink,182.74,45
2305,Local Bakery Cinnamon Roll,174.25,49
2306,Fresh Dairy Greek Yogurt,241.24,53
2307,Classic Pantry Soy Sauce 1L,205.0,57
2308,Original Frozen Frozen Pizza,126.24,61
2309,Salted Produce Garlic Bulb,79.0,65
2310,Spicy Meat Lamb Chops,197.74,69
2311,Deluxe Bath Mouthwash,160.74,73
2312,Imported Clean Floor Wax,422.75,77
2313,Natural Office Highlighter,71.0,81
2314,Organic Tech Earphones,1569.25,85
2315,Premium Pet Cat Food 1kg,179.24,89
2316,Roasted Coffee Espresso Beans,372.75,93
2317,Sweet Tea Hibiscus Leaves,473.74,97
2318,Light Snack Popcorn Bag,106.0,2
2319,Special Drink Juice Box,184.24,6
2320,Local Bakery Banana Bread,217.5,10
2321,Roasted Coffee Cappuccino Sticks,654.25,53
2322,Sweet Tea Jasmine Pearls,497.49,57
2323,Light Snack Trail Mix,151.99,61
2324,Special Drink Sports Drink,185.99,65
2325,Local Bakery Cinnamon Roll,177.5,69
2326,Fresh Dairy Greek Yogurt,244.49,73
2327,Classic Pantry Soy Sauce 1L,208.25,77
2328,Original Frozen Frozen Pizza,129.49,81
2329,Salted Produce Garlic Bulb,82.25,85
2330,Spicy Meat Lamb Chops,200.99,89
2331,Deluxe Bath Mouthwash,163.99,93
2332,Imported Clean Floor Wax,426.0,97
2333,Natural Office Highlighter,74.25,2
2334,Organic Tech Earphones,1572.5,6
2335,Premium Pet Cat Food 1kg,182.49,10
2336,Roasted Coffee Espresso Beans,376.0,14
2337,Sweet Tea Hibiscus Leaves,476.99,18
2338,Light Snack Popcorn Bag,109.25,22
2339,Special Drink Juice Box,187.49,26
2340,Local Bakery Banana Bread,220.75,30
2341,Roasted Coffee Cappuccino Sticks,657.5,73
2342,Sweet Tea Jasmine Pearls,500.74,77
2343,Light Snack Trail Mix,155.24,81
2344,Special Drink Sports Drink,189.24,85
2345,Local Bakery Cinnamon Roll,180.75,89
2346,Fresh Dairy Greek Yogurt,247.74,93
2347,Classic Pantry Soy Sauce 1L,211.5,97
2348,Original Frozen Frozen Pizza,132.74,2
2349,Salted Produce Garlic Bulb,85.5,6
2350,Spicy Meat Lamb Chops,204.24,10
2351,Deluxe Bath Mouthwash,167.24,14
2352,Imported Clean Floor Wax,429.25,18
2353,Natural Office Highlighter,77.5,22
2354,Organic Tech Earphones,1575.75,26
2355,Premium Pet Cat Food 1kg,185.74,30
2356,Roasted Coffee Espresso Beans,379.25,34
2357,Sweet Tea Hibiscus Leaves,480.24,38
2358,Light Snack Popcorn Bag,112.5,42
2359,Special Drink Juice Box,190.74,46
2360,Local Bakery Banana Bread,224.0,50
2361,Roasted Coffee Cappuccino Sticks,660.75,93
2362,Sweet Tea Jasmine Pearls,503.99,97
2363,Light Snack Trail Mix,158.49,2
2364,Special Drink Sports Drink,192.49,6
2365,Local Bakery Cinnamon Roll,184.0,10
2366,Fresh Dairy Greek Yogurt,250.99,14
2367,Classic Pantry Soy Sauce 1L,214.75,18
2368,Original Frozen Frozen Pizza,135.99,22
2369,Salted Produce Garlic Bulb,88.75,26
2370,Spicy Meat Lamb Chops,207.49,30
2371,Deluxe Bath Mouthwash,170.49,34
2372,Imported Clean Floor Wax,432.5,38
2373,Natural Office Highlighter,80.75,42
2374,Organic Tech Earphones,1579.0,46
2375,Premium Pet Cat Food 1kg,188.99,50
2376,Roasted Coffee Espresso Beans,382.5,54
2377,Sweet Tea Hibiscus Leaves,483.49,58
2378,Light Snack Popcorn Bag,115.75,62
2379,Special Drink Juice Box,193.99,66
2380,Local Bakery Banana Bread,204.5,70
2381,Roasted Coffee Cappuccino Sticks,641.25,14
2382,Sweet Tea Jasmine Pearls,484.49,18
2383,Light Snack Trail Mix,138.99,22
2384,Special Drink Sports Drink,172.99,26
2385,Local Bakery Cinnamon Roll,164.5,30
2386,Fresh Dairy Greek Yogurt,231.49,34
2387,Classic Pantry Soy Sauce 1L,195.25,38
2388,Original Frozen Frozen Pizza,116.49,42
2389,Salted Produce Garlic Bulb,69.25,46
2390,Spicy Meat Lamb Chops,187.99,50
2391,Deluxe Bath Mouthwash,150.99,54
2392,Imported Clean Floor Wax,413.0,58
2393,Natural Office Highlighter,61.25,62
2394,Organic Tech Earphones,1559.5,66
2395,Premium Pet Cat Food 1kg,169.49,70
2396,Roasted Coffee Espresso Beans,363.0,74
2397,Sweet Tea Hibiscus Leaves,463.99,78
2398,Light Snack Popcorn Bag,96.25,82
2399,Special Drink Juice Box,174.49,86
2400,Local Bakery Banana Bread,207.75,90
2401,Roasted Coffee Cappuccino Sticks,644.5,34
2402,Sweet Tea Jasmine Pearls,487.74,38
2403,Light Snack Trail Mix,142.24,42
2404,Special Drink Sports Drink,176.24,46
2405,Local Bakery Cinnamon Roll,167.75,50
2406,Fresh Dairy Greek Yogurt,234.74,54
2407,Classic Pantry Soy Sauce 1L,198.5,58
2408,Original Frozen Frozen Pizza,119.74,62
2409,Salted Produce Garlic Bulb,72.5,66
2410,Spicy Meat Lamb Chops,191.24,70
2411,Deluxe Bath Mouthwash,154.24,74
2412,Imported Clean Floor Wax,416.25,78
2413,Natural Office Highlighter,64.5,82
2414,Organic Tech Earphones,1562.75,86
2415,Premium Pet Cat Food 1kg,172.74,90
2416,Roasted Coffee Espresso Beans,366.25,94
2417,Sweet Tea Hibiscus Leaves,467.24,98
2418,Light Snack Popcorn Bag,99.5,3
2419,Special Drink Juice Box,177.74,7
2420,Local Bakery Banana Bread,211.0,11
2421,Roasted Coffee Cappuccino Sticks,647.75,54
2422,Sweet Tea Jasmine Pearls,490.99,58
2423,Light Snack Trail Mix,145.49,62
2424,Special Drink Sports Drink,179.49,66
2425,Local Bakery Cinnamon Roll,171.0,70
2426,Fresh Dairy Greek Yogurt,237.99,74
2427,Classic Pantry Soy Sauce 1L,201.75,78
2428,Original Frozen Frozen Pizza,122.99,82
2429,Salted Produce Garlic Bulb,75.75,86
2430,Spicy Meat Lamb Chops,194.49,90
2431,Deluxe Bath Mouthwash,157.49,94
2432,Imported Clean Floor Wax,419.5,98
2433,Natural Office Highlighter,67.75,3
2434,Organic Tech Earphones,1566.0,7
2435,Premium Pet Cat Food 1kg,175.99,11
2436,Roasted Coffee Espresso Beans,369.5,15
2437,Sweet Tea Hibiscus Leaves,470.49,19
2438,Light Snack Popcorn Bag,102.75,23
2439,Special Drink Juice Box,180.99,27
2440,Local Bakery Banana Bread,214.25,31
2441,Roasted Coffee Cappuccino Sticks,651.0,74
2442,Sweet Tea Jasmine Pearls,494.24,78
2443,Light Snack Trail Mix,148.74,82
2444,Special Drink Sports Drink,182.74,86
2445,Local Bakery Cinnamon Roll,174.25,90
2446,Fresh Dairy Greek Yogurt,241.24,94
2447,Classic Pantry Soy Sauce 1L,205.0,98
2448,Original Frozen Frozen Pizza,126.24,3
2449,Salted Produce Garlic Bulb,79.0,7
2450,Spicy Meat Lamb Chops,197.74,11
2451,Deluxe Bath Mouthwash,160.74,15
2452,Imported Clean Floor Wax,422.75,19
2453,Natural Office Highlighter,71.0,23
2454,Organic Tech Earphones,1569.25,27
2455,Premium Pet Cat Food 1kg,179.24,31
2456,Roasted Coffee Espresso Beans,372.75,35
2457,Sweet Tea Hibiscus Leaves,473.74,39
2458,Light Snack Popcorn Bag,106.0,43
2459,Special Drink Juice Box,184.24,47
2460,Local Bakery Banana Bread,217.5,51
2461,Roasted Coffee Cappuccino Sticks,654.25,94
2462,Sweet Tea Jasmine Pearls,497.49,98
2463,Light Snack Trail Mix,151.99,3
2464,Special Drink Sports Drink,185.99,7
2465,Local Bakery Cinnamon Roll,177.5,11
2466,Fresh Dairy Greek Yogurt,244.49,15
2467,Classic Pantry Soy Sauce 1L,208.25,19
2468,Original Frozen Frozen Pizza,129.49,23
2469,Salted Produce Garlic Bulb,82.25,27
2470,Spicy Meat Lamb Chops,200.99,31
2471,Deluxe Bath Mouthwash,163.99,35
2472,Imported Clean Floor Wax,426.0,39
2473,Natural Office Highlighter,74.25,43
2474,Organic Tech Earphones,1572.5,47
2475,Premium Pet Cat Food 1kg,182.49,51
2476,Roasted Coffee Espresso Beans,376.0,55
2477,Sweet Tea Hibiscus Leaves,476.99,59
2478,Light Snack Popcorn Bag,109.25,63
2479,Special Drink Juice Box,187.49,67
2480,Local Bakery Banana Bread,220.75,71
2481,Roasted Coffee Cappuccino Sticks,657.5,15
2482,Sweet Tea Jasmine Pearls,500.74,19
2483,Light Snack Trail Mix,155.24,23
2484,Special Drink Sports Drink,189.24,27
2485,Local Bakery Cinnamon Roll,180.75,31
2486,Fresh Dairy Greek Yogurt,247.74,35
2487,Classic Pantry Soy Sauce 1L,211.5,39
2488,Original Frozen Frozen Pizza,132.74,43
2489,Salted Produce Garlic Bulb,85.5,47
2490,Spicy Meat Lamb Chops,204.24,51
2491,Deluxe Bath Mouthwash,167.24,55
2492,Imported Clean Floor Wax,429.25,59
2493,Natural Office Highlighter,77.5,63
2494,Organic Tech Earphones,1575.75,67
2495,Premium Pet Cat Food 1kg,185.74,71
2496,Roasted Coffee Espresso Beans,379.25,75
2497,Sweet Tea Hibiscus Leaves,480.24,79
2498,Light Snack Popcorn Bag,112.5,83
2499,Special Drink Juice Box,190.74,87
2500,Local Bakery Banana Bread,224.0,91
2501,Roasted Coffee Cappuccino Sticks,660.75,35
2502,Sweet Tea Jasmine Pearls,503.99,39
2503,Light Snack Trail Mix,158.49,43
2504,Special Drink Sports Drink,192.49,47
2505,Local Bakery Cinnamon Roll,184.0,51
2506,Fresh Dairy Greek Yogurt,250.99,55
2507,Classic Pantry Soy Sauce 1L,214.75,59
2508,Original Frozen Frozen Pizza,135.99,63
2509,Salted Produce Garlic Bulb,88.75,67
2510,Spicy Meat Lamb Chops,207.49,71
2511,Deluxe Bath Mouthwash,170.49,75
2512,Imported Clean Floor Wax,432.5,79
2513,Natural Office Highlighter,80.75,83
2514,Organic Tech Earphones,1579.0,87
2515,Premium Pet Cat Food 1kg,188.99,91
2516,Roasted Coffee Espresso Beans,382.5,95
2517,Sweet Tea Hibiscus Leaves,483.49,99
2518,Light Snack Popcorn Bag,115.75,4
2519,Special Drink Juice Box,193.99,8
2520,Local Bakery Banana Bread,204.5,12
2521,Roasted Coffee Cappuccino Sticks,641.25,55
2522,Sweet Tea Jasmine Pearls,484.49,59
2523,Light Snack Trail Mix,138.99,63
2524,Special Drink Sports Drink,172.99,67
2525,Local Bakery Cinnamon Roll,164.5,71
2526,Fresh Dairy Greek Yogurt,231.49,75
2527,Classic Pantry Soy Sauce 1L,195.25,79
2528,Original Frozen Frozen Pizza,116.49,83
2529,Salted Produce Garlic Bulb,69.25,87
2530,Spicy Meat Lamb Chops,187.99,91
2531,Deluxe Bath Mouthwash,150.99,95
2532,Imported Clean Floor Wax,413.0,99
2533,Natural Office Highlighter,61.25,4
2534,Organic Tech Earphones,1559.5,8
2535,Premium Pet Cat Food 1kg,169.49,12
2536,Roasted Coffee Espresso Beans,363.0,16
2537,Sweet Tea Hibiscus Leaves,463.99,20
2538,Light Snack Popcorn Bag,96.25,24
2539,Special Drink Juice Box,174.49,28
2540,Local Bakery Banana Bread,207.75,32
2541,Roasted Coffee Cappuccino Sticks,644.5,75
2542,Sweet Tea Jasmine Pearls,487.74,79
2543,Light Snack Trail Mix,142.24,83
2544,Special Drink Sports Drink,176.24,87
2545,Local Bakery Cinnamon Roll,167.75,91
2546,Fresh Dairy Greek Yogurt,234.74,95
2547,Classic Pantry Soy Sauce 1L,198.5,99
2548,Original Frozen Frozen Pizza,119.74,4
2549,Salted Produce Garlic Bulb,72.5,8
2550,Spicy Meat Lamb Chops,191.24,12
2551,Deluxe Bath Mouthwash,154.24,16
2552,Imported Clean Floor Wax,416.25,20
2553,Natural Office Highlighter,64.5,24
2554,Organic Tech Earphones,1562.75,28
2555,Premium Pet Cat Food 1kg,172.74,32
2556,Roasted Coffee Espresso Beans,366.25,36
2557,Sweet Tea Hibiscus Leaves,467.24,40
2558,Light Snack Popcorn Bag,99.5,44
2559,Special Drink Juice Box,177.74,48
2560,Local Bakery Banana Bread,211.0,52
2561,Roasted Coffee Cappuccino Sticks,647.75,95
2562,Sweet Tea Jasmine Pearls,490.99,99
2563,Light Snack Trail Mix,145.49,4
2564,Special Drink Sports Drink,179.49,8
2565,Local Bakery Cinnamon Roll,171.0,12
2566,Fresh Dairy Greek Yogurt,237.99,16
2567,Classic Pantry Soy Sauce 1L,201.75,20
2568,Original Frozen Frozen Pizza,122.99,24
2569,Salted Produce Garlic Bulb,75.75,28
2570,Spicy Meat Lamb Chops,194.49,32
2571,Deluxe Bath Mouthwash,157.49,36
2572,Imported Clean Floor Wax,419.5,40
2573,Natural Office Highlighter,67.75,44
2574,Organic Tech Earphones,1566.0,48
2575,Premium Pet Cat Food 1kg,175.99,52
2576,Roasted Coffee Espresso Beans,369.5,56
2577,Sweet Tea Hibiscus Leaves,470.49,60
2578,Light Snack Popcorn Bag,102.75,64
2579,Special Drink Juice Box,180.99,68
2580,Local Bakery Banana Bread,214.25,72
2581,Roasted Coffee Cappuccino Sticks,651.0,16
2582,Sweet Tea Jasmine Pearls,494.24,20
2583,Light Snack Trail Mix,148.74,24
2584,Special Drink Sports Drink,182.74,28
2585,Local Bakery Cinnamon Roll,174.25,32
2586,Fresh Dairy Greek Yogurt,241.24,36
2587,Classic Pantry Soy Sauce 1L,205.0,40
2588,Original Frozen Frozen Pizza,126.24,44
2589,Salted Produce Garlic Bulb,79.0,48
2590,Spicy Meat Lamb Chops,197.74,52
2591,Deluxe Bath Mouthwash,160.74,56
2592,Imported Clean Floor Wax,422.75,60
2593,Natural Office Highlighter,71.0,64
2594,Organic Tech Earphones,1569.25,68
2595,Premium Pet Cat Food 1kg,179.24,72
2596,Roasted Coffee Espresso Beans,372.75,76
2597,Sweet Tea Hibiscus Leaves,473.74,80
2598,Light Snack Popcorn Bag,106.0,84
2599,Special Drink Juice Box,184.24,88
2600,Local Bakery Banana Bread,217.5,92
2601,Roasted Coffee Cappuccino Sticks,654.25,36
2602,Sweet Tea Jasmine Pearls,497.49,40
2603,Light Snack Trail Mix,151.99,44
2604,Special Drink Sports Drink,185.99,48
2605,Local Bakery Cinnamon Roll,177.5,52
2606,Fresh Dairy Greek Yogurt,244.49,56
2607,Classic Pantry Soy Sauce 1L,208.25,60
2608,Original Frozen Frozen Pizza,129.49,64
2609,Salted Produce Garlic Bulb,82.25,68
2610,Spicy Meat Lamb Chops,200.99,72
2611,Deluxe Bath Mouthwash,163.99,76
2612,Imported Clean Floor Wax,426.0,80
2613,Natural Office Highlighter,74.25,84
2614,Organic Tech Earphones,1572.5,88
2615,Premium Pet Cat Food 1kg,182.49,92
2616,Roasted Coffee Espresso Beans,376.0,96
2617,Sweet Tea Hibiscus Leaves,476.99,1
2618,Light Snack Popcorn Bag,109.25,5
2619,Special Drink Juice Box,187.49,9
2620,Local Bakery Banana Bread,220.75,13
2621,Roasted Coffee Cappuccino Sticks,657.5,56
2622,Sweet Tea Jasmine Pearls,500.74,60
2623,Light Snack Trail Mix,155.24,64
2624,Special Drink Sports Drink,189.24,68
2625,Local Bakery Cinnamon Roll,180.75,72
2626,Fresh Dairy Greek Yogurt,247.74,76
2627,Classic Pantry Soy Sauce 1L,211.5,80
2628,Original Frozen Frozen Pizza,132.74,84
2629,Salted Produce Garlic Bulb,85.5,88
2630,Spicy Meat Lamb Chops,204.24,92
2631,Deluxe Bath Mouthwash,167.24,96
2632,Imported Clean Floor Wax,429.25,1
2633,Natural Office Highlighter,77.5,5
2634,Organic Tech Earphones,1575.75,9
2635,Premium Pet Cat Food 1kg,185.74,13
2636,Roasted Coffee Espresso Beans,379.25,17
2637,Sweet Tea Hibiscus Leaves,480.24,21
2638,Light Snack Popcorn Bag,112.5,25
2639,Special Drink Juice Box,190.74,29
2640,Local Bakery Banana Bread,224.0,33
2641,Roasted Coffee Cappuccino Sticks,660.75,76
2642,Sweet Tea Jasmine Pearls,503.99,80
2643,Light Snack Trail Mix,158.49,84
2644,Special Drink Sports Drink,192.49,88
2645,Local Bakery Cinnamon Roll,184.0,92
2646,Fresh Dairy Greek Yogurt,250.99,96
2647,Classic Pantry Soy Sauce 1L,214.75,1
2648,Original Frozen Frozen Pizza,135.99,5
2649,Salted Produce Garlic Bulb,88.75,9
2650,Spicy Meat Lamb Chops,207.49,13
2651,Deluxe Bath Mouthwash,170.49,17
2652,Imported Clean Floor Wax,432.5,21
2653,Natural Office Highlighter,80.75,25
2654,Organic Tech Earphones,1579.0,29
2655,Premium Pet Cat Food 1kg,188.99,33
2656,Roasted Coffee Espresso Beans,382.5,37
2657,Sweet Tea Hibiscus Leaves,483.49,41
2658,Light Snack Popcorn Bag,115.75,45
2659,Special Drink Juice Box,193.99,49
2660,Local Bakery Banana Bread,204.5,53
2661,Roasted Coffee Cappuccino Sticks,641.25,96
2662,Sweet Tea Jasmine Pearls,484.49,1
2663,Light Snack Trail Mix,138.99,5
2664,Special Drink Sports Drink,172.99,9
2665,Local Bakery Cinnamon Roll,164.5,13
2666,Fresh Dairy Greek Yogurt,231.49,17
2667,Classic Pantry Soy Sauce 1L,195.25,21
2668,Original Frozen Frozen Pizza,116.49,25
2669,Salted Produce Garlic Bulb,69.25,29
2670,Spicy Meat Lamb Chops,187.99,33
2671,Deluxe Bath Mouthwash,150.99,37
2672,Imported Clean Floor Wax,413.0,41
2673,Natural Office Highlighter,61.25,45
2674,Organic Tech Earphones,1559.5,49
2675,Premium Pet Cat Food 1kg,169.49,53
2676,Roasted Coffee Espresso Beans,363.0,57
2677,Sweet Tea Hibiscus Leaves,463.99,61
2678,Light Snack Popcorn Bag,96.25,65
2679,Special Drink Juice Box,174.49,69
2680,Local Bakery Banana Bread,207.75,73
2681,Roasted Coffee Cappuccino Sticks,644.5,17
2682,Sweet Tea Jasmine Pearls,487.74,21
2683,Light Snack Trail Mix,142.24,25
2684,Special Drink Sports Drink,176.24,29
2685,Local Bakery Cinnamon Roll,167.75,33
2686,Fresh Dairy Greek Yogurt,234.74,37
2687,Classic Pantry Soy Sauce 1L,198.5,41
2688,Original Frozen Frozen Pizza,119.74,45
2689,Salted Produce Garlic Bulb,72.5,49
2690,Spicy Meat Lamb Chops,191.24,53
2691,Deluxe Bath Mouthwash,154.24,57
2692,Imported Clean Floor Wax,416.25,61
2693,Natural Office Highlighter,64.5,65
2694,Organic Tech Earphones,1562.75,69
2695,Premium Pet Cat Food 1kg,172.74,73
2696,Roasted Coffee Espresso Beans,366.25,77
2697,Sweet Tea Hibiscus Leaves,467.24,81
2698,Light Snack Popcorn Bag,99.5,85
2699,Special Drink Juice Box,177.74,89
2700,Local Bakery Banana Bread,211.0,93
2701,Roasted Coffee Cappuccino Sticks,647.75,37
2702,Sweet Tea Jasmine Pearls,490.99,41
2703,Light Snack Trail Mix,145.49,45
2704,Special Drink Sports Drink,179.49,49
2705,Local Bakery Cinnamon Roll,171.0,53
2706,Fresh Dairy Greek Yogurt,237.99,57
2707,Classic Pantry Soy Sauce 1L,201.75,61
2708,Original Frozen Frozen Pizza,122.99,65
2709,Salted Produce Garlic Bulb,75.75,69
2710,Spicy Meat Lamb Chops,194.49,73
2711,Deluxe Bath Mouthwash,157.49,77
2712,Imported Clean Floor Wax,419.5,81
2713,Natural Office Highlighter,67.75,85
2714,Organic Tech Earphones,1566.0,89
2715,Premium Pet Cat Food 1kg,175.99,93
2716,Roasted Coffee Espresso Beans,369.5,97
2717,Sweet Tea Hibiscus Leaves,470.49,2
2718,Light Snack Popcorn Bag,102.75,6
2719,Special Drink Juice Box,180.99,10
2720,Local Bakery Banana Bread,214.25,14
2721,Roasted Coffee Cappuccino Sticks,651.0,57
2722,Sweet Tea Jasmine Pearls,494.24,61
2723,Light Snack Trail Mix,148.74,65
2724,Special Drink Sports Drink,182.74,69
2725,Local Bakery Cinnamon Roll,174.25,73
2726,Fresh Dairy Greek Yogurt,241.24,77
2727,Classic Pantry Soy Sauce 1L,205.0,81
2728,Original Frozen Frozen Pizza,126.24,85
2729,Salted Produce Garlic Bulb,79.0,89
2730,Spicy Meat Lamb Chops,197.74,93
2731,Deluxe Bath Mouthwash,160.74,97
2732,Imported Clean Floor Wax,422.75,2
2733,Natural Office Highlighter,71.0,6
2734,Organic Tech Earphones,1569.25,10
2735,Premium Pet Cat Food 1kg,179.24,14
2736,Roasted Coffee Espresso Beans,372.75,18
2737,Sweet Tea Hibiscus Leaves,473.74,22
2738,Light Snack Popcorn Bag,106.0,26
2739,Special Drink Juice Box,184.24,30
2740,Local Bakery Banana Bread,217.5,34
2741,Roasted Coffee Cappuccino Sticks,654.25,77
2742,Sweet Tea Jasmine Pearls,497.49,81
2743,Light Snack Trail Mix,151.99,85
2744,Special Drink Sports Drink,185.99,89
2745,Local Bakery Cinnamon Roll,177.5,93
2746,Fresh Dairy Greek Yogurt,244.49,97
2747,Classic Pantry Soy Sauce 1L,208.25,2
2748,Original Frozen Frozen Pizza,129.49,6
2749,Salted Produce Garlic Bulb,82.25,10
2750,Spicy Meat Lamb Chops,200.99,14
2751,Deluxe Bath Mouthwash,163.99,18
2752,Imported Clean Floor Wax,426.0,22
2753,Natural Office Highlighter,74.25,26
2754,Organic Tech Earphones,1572.5,30
2755,Premium Pet Cat Food 1kg,182.49,34
2756,Roasted Coffee Espresso Beans,376.0,38
2757,Sweet Tea Hibiscus Leaves,476.99,42
2758,Light Snack Popcorn Bag,109.25,46
2759,Special Drink Juice Box,187.49,50
2760,Local Bakery Banana Bread,220.75,54
2761,Roasted Coffee Cappuccino Sticks,657.5,97
2762,Sweet Tea Jasmine Pearls,500.74,2
2763,Light Snack Trail Mix,155.24,6
2764,Special Drink Sports Drink,189.24,10
2765,Local Bakery Cinnamon Roll,180.75,14
2766,Fresh Dairy Greek Yogurt,247.74,18
2767,Classic Pantry Soy Sauce 1L,211.5,22
2768,Original Frozen Frozen Pizza,132.74,26
2769,Salted Produce Garlic Bulb,85.5,30
2770,Spicy Meat Lamb Chops,204.24,34
2771,Deluxe Bath Mouthwash,167.24,38
2772,Imported Clean Floor Wax,429.25,42
2773,Natural Office Highlighter,77.5,46
2774,Organic Tech Earphones,1575.75,50
2775,Premium Pet Cat Food 1kg,185.74,54
2776,Roasted Coffee Espresso Beans,379.25,58
2777,Sweet Tea Hibiscus Leaves,480.24,62
2778,Light Snack Popcorn Bag,112.5,66
2779,Special Drink Juice Box,190.74,70
2780,Local Bakery Banana Bread,224.0,74
2781,Roasted Coffee Cappuccino Sticks,660.75,18
2782,Sweet Tea Jasmine Pearls,503.99,22
2783,Light Snack Trail Mix,158.49,26
2784,Special Drink Sports Drink,192.49,30
2785,Local Bakery Cinnamon Roll,184.0,34
2786,Fresh Dairy Greek Yogurt,250.99,38
2787,Classic Pantry Soy Sauce 1L,214.75,42
2788,Original Frozen Frozen Pizza,135.99,46
2789,Salted Produce Garlic Bulb,88.75,50
2790,Spicy Meat Lamb Chops,207.49,54
2791,Deluxe Bath Mouthwash,170.49,58
2792,Imported Clean Floor Wax,432.5,62
2793,Natural Office Highlighter,80.75,66
2794,Organic Tech Earphones,1579.0,70
2795,Premium Pet Cat Food 1kg,188.99,74
2796,Roasted Coffee Espresso Beans,382.5,78
2797,Sweet Tea Hibiscus Leaves,483.49,82
2798,Light Snack Popcorn Bag,115.75,86
2799,Special Drink Juice Box,193.99,90
2800,Local Bakery Banana Bread,204.5,94
2801,Roasted Coffee Cappuccino Sticks,641.25,38
2802,Sweet Tea Jasmine Pearls,484.49,42
2803,Light Snack Trail Mix,138.99,46
2804,Special Drink Sports Drink,172.99,50
2805,Local Bakery Cinnamon Roll,164.5,54
2806,Fresh Dairy Greek Yogurt,231.49,58
2807,Classic Pantry Soy Sauce 1L,195.25,62
2808,Original Frozen Frozen Pizza,116.49,66
2809,Salted Produce Garlic Bulb,69.25,70
2810,Spicy Meat Lamb Chops,187.99,74
2811,Deluxe Bath Mouthwash,150.99,78
2812,Imported Clean Floor Wax,413.0,82
2813,Natural Office Highlighter,61.25,86
2814,Organic Tech Earphones,1559.5,90
2815,Premium Pet Cat Food 1kg,169.49,94
2816,Roasted Coffee Espresso Beans,363.0,98
2817,Sweet Tea Hibiscus Leaves,463.99,3
2818,Light Snack Popcorn Bag,96.25,7
2819,Special Drink Juice Box,174.49,11
2820,Local Bakery Banana Bread,207.75,15
2821,Roasted Coffee Cappuccino Sticks,644.5,58
2822,Sweet Tea Jasmine Pearls,487.74,62
2823,Light Snack Trail Mix,142.24,66
2824,Special Drink Sports Drink,176.24,70
2825,Local Bakery Cinnamon Roll,167.75,74
2826,Fresh Dairy Greek Yogurt,234.74,78
2827,Classic Pantry Soy Sauce 1L,198.5,82
2828,Original Frozen Frozen Pizza,119.74,86
2829,Salted Produce Garlic Bulb,72.5,90
2830,Spicy Meat Lamb Chops,191.24,94
2831,Deluxe Bath Mouthwash,154.24,98
2832,Imported Clean Floor Wax,416.25,3
2833,Natural Office Highlighter,64.5,7
2834,Organic Tech Earphones,1562.75,11
2835,Premium Pet Cat Food 1kg,172.74,15
2836,Roasted Coffee Espresso Beans,366.25,19
2837,Sweet Tea Hibiscus Leaves,467.24,23
2838,Light Snack Popcorn Bag,99.5,27
2839,Special Drink Juice Box,177.74,31
2840,Local Bakery Banana Bread,211.0,35
2841,Roasted Coffee Cappuccino Sticks,647.75,78
2842,Sweet Tea Jasmine Pearls,490.99,82
2843,Light Snack Trail Mix,145.49,86
2844,Special Drink Sports Drink,179.49,90
2845,Local Bakery Cinnamon Roll,171.0,94
2846,Fresh Dairy Greek Yogurt,237.99,98
2847,Classic Pantry Soy Sauce 1L,201.75,3
2848,Original Frozen Frozen Pizza,122.99,7
2849,Salted Produce Garlic Bulb,75.75,11
2850,Spicy Meat Lamb Chops,194.49,15
2851,Deluxe Bath Mouthwash,157.49,19
2852,Imported Clean Floor Wax,419.5,23
2853,Natural Office Highlighter,67.75,27
2854,Organic Tech Earphones,1566.0,31
2855,Premium Pet Cat Food 1kg,175.99,35
2856,Roasted Coffee Espresso Beans,369.5,39
2857,Sweet Tea Hibiscus Leaves,470.49,43
2858,Light Snack Popcorn Bag,102.75,47
2859,Special Drink Juice Box,180.99,51
2860,Local Bakery Banana Bread,214.25,55
2861,Roasted Coffee Cappuccino Sticks,651.0,98
2862,Sweet Tea Jasmine Pearls,494.24,3
2863,Light Snack Trail Mix,148.74,7
2864,Special Drink Sports Drink,182.74,11
2865,Local Bakery Cinnamon Roll,174.25,15
2866,Fresh Dairy Greek Yogurt,241.24,19
2867,Classic Pantry Soy Sauce 1L,205.0,23
2868,Original Frozen Frozen Pizza,126.24,27
2869,Salted Produce Garlic Bulb,79.0,31
2870,Spicy Meat Lamb Chops,197.74,35
2871,Deluxe Bath Mouthwash,160.74,39
2872,Imported Clean Floor Wax,422.75,43
2873,Natural Office Highlighter,71.0,47
2874,Organic Tech Earphones,1569.25,51
2875,Premium Pet Cat Food 1kg,179.24,55
2876,Roasted Coffee Espresso Beans,372.75,59
2877,Sweet Tea Hibiscus Leaves,473.74,63
2878,Light Snack Popcorn Bag,106.0,67
2879,Special Drink Juice Box,184.24,71
2880,Local Bakery Banana Bread,217.5,75
2881,Roasted Coffee Cappuccino Sticks,654.25,19
2882,Sweet Tea Jasmine Pearls,497.49,23
2883,Light Snack Trail Mix,151.99,27
2884,Special Drink Sports Drink,185.99,31
2885,Local Bakery Cinnamon Roll,177.5,35
2886,Fresh Dairy Greek Yogurt,244.49,39
2887,Classic Pantry Soy Sauce 1L,208.25,43
2888,Original Frozen Frozen Pizza,129.49,47
2889,Salted Produce Garlic Bulb,82.25,51
2890,Spicy Meat Lamb Chops,200.99,55
2891,Deluxe Bath Mouthwash,163.99,59
2892,Imported Clean Floor Wax,426.0,63
2893,Natural Office Highlighter,74.25,67
2894,Organic Tech Earphones,1572.5,71
2895,Premium Pet Cat Food 1kg,182.49,75
2896,Roasted Coffee Espresso Beans,376.0,79
2897,Sweet Tea Hibiscus Leaves,476.99,83
2898,Light Snack Popcorn Bag,109.25,87
2899,Special Drink Juice Box,187.49,91
2900,Local Bakery Banana Bread,220.75,95
2901,Roasted Coffee Cappuccino Sticks,657.5,39
2902,Sweet Tea Jasmine Pearls,500.74,43
2903,Light Snack Trail Mix,155.24,47
2904,Special Drink Sports Drink,189.24,51
2905,Local Bakery Cinnamon Roll,180.75,55
2906,Fresh Dairy Greek Yogurt,247.74,59
2907,Classic Pantry Soy Sauce 1L,211.5,63
2908,Original Frozen Frozen Pizza,132.74,67
2909,Salted Produce Garlic Bulb,85.5,71
2910,Spicy Meat Lamb Chops,204.24,75
2911,Deluxe Bath Mouthwash,167.24,79
2912,Imported Clean Floor Wax,429.25,83
2913,Natural Office Highlighter,77.5,87
2914,Organic Tech Earphones,1575.75,91
2915,Premium Pet Cat Food 1kg,185.74,95
2916,Roasted Coffee Espresso Beans,379.25,99
2917,Sweet Tea Hibiscus Leaves,480.24,4
2918,Light Snack Popcorn Bag,112.5,8
2919,Special Drink Juice Box,190.74,12
2920,Local Bakery Banana Bread,224.0,16
2921,Roasted Coffee Cappuccino Sticks,660.75,59
2922,Sweet Tea Jasmine Pearls,503.99,63
2923,Light Snack Trail Mix,158.49,67
2924,Special Drink Sports Drink,192.49,71
2925,Local Bakery Cinnamon Roll,184.0,75
2926,Fresh Dairy Greek Yogurt,250.99,79
2927,Classic Pantry Soy Sauce 1L,214.75,83
2928,Original Frozen Frozen Pizza,135.99,87
2929,Salted Produce Garlic Bulb,88.75,91
2930,Spicy Meat Lamb Chops,207.49,95
2931,Deluxe Bath Mouthwash,170.49,99
2932,Imported Clean Floor Wax,432.5,4
2933,Natural Office Highlighter,80.75,8
2934,Organic Tech Earphones,1579.0,12
2935,Premium Pet Cat Food 1kg,188.99,16
2936,Roasted Coffee Espresso Beans,382.5,20
2937,Sweet Tea Hibiscus Leaves,483.49,24
2938,Light Snack Popcorn Bag,115.75,28
2939,Special Drink Juice Box,193.99,32
2940,Local Bakery Banana Bread,204.5,36
2941,Roasted Coffee Cappuccino Sticks,641.25,79
2942,Sweet Tea Jasmine Pearls,484.49,83
2943,Light Snack Trail Mix,138.99,87
2944,Special Drink Sports Drink,172.99,91
2945,Local Bakery Cinnamon Roll,164.5,95
2946,Fresh Dairy Greek Yogurt,231.49,99
2947,Classic Pantry Soy Sauce 1L,195.25,4
2948,Original Frozen Frozen Pizza,116.49,8
2949,Salted Produce Garlic Bulb,69.25,12
2950,Spicy Meat Lamb Chops,187.99,16
2951,Deluxe Bath Mouthwash,150.99,20
2952,Imported Clean Floor Wax,413.0,24
2953,Natural Office Highlighter,61.25,28
2954,Organic Tech Earphones,1559.5,32
2955,Premium Pet Cat Food 1kg,169.49,36
2956,Roasted Coffee Espresso Beans,363.0,40
2957,Sweet Tea Hibiscus Leaves,463.99,44
2958,Light Snack Popcorn Bag,96.25,48
2959,Special Drink Juice Box,174.49,52
2960,Local Bakery Banana Bread,207.75,56
2961,Roasted Coffee Cappuccino Sticks,644.5,99
2962,Sweet Tea Jasmine Pearls,487.74,4
2963,Light Snack Trail Mix,142.24,8
2964,Special Drink Sports Drink,176.24,12
2965,Local Bakery Cinnamon Roll,167.75,16
2966,Fresh Dairy Greek Yogurt,234.74,20
2967,Classic Pantry Soy Sauce 1L,198.5,24
2968,Original Frozen Frozen Pizza,119.74,28
2969,Salted Produce Garlic Bulb,72.5,32
2970,Spicy Meat Lamb Chops,191.24,36
2971,Deluxe Bath Mouthwash,154.24,40
2972,Imported Clean Floor Wax,416.25,44
2973,Natural Office Highlighter,64.5,48
2974,Organic Tech Earphones,1562.75,52
2975,Premium Pet Cat Food 1kg,172.74,56
2976,Roasted Coffee Espresso Beans,366.25,60
2977,Sweet Tea Hibiscus Leaves,467.24,64
2978,Light Snack Popcorn Bag,99.5,68
2979,Special Drink Juice Box,177.74,72
2980,Local Bakery Banana Bread,211.0,76
2981,Roasted Coffee Cappuccino Sticks,647.75,20
2982,Sweet Tea Jasmine Pearls,490.99,24
2983,Light Snack Trail Mix,145.49,28
2984,Special Drink Sports Drink,179.49,32
2985,Local Bakery Cinnamon Roll,171.0,36
2986,Fresh Dairy Greek Yogurt,237.99,40
2987,Classic Pantry Soy Sauce 1L,201.75,44
2988,Original Frozen Frozen Pizza,122.99,48
2989,Salted Produce Garlic Bulb,75.75,52
2990,Spicy Meat Lamb Chops,194.49,56
2991,Deluxe Bath Mouthwash,157.49,60
2992,Imported Clean Floor Wax,419.5,64
2993,Natural Office Highlighter,67.75,68
2994,Organic Tech Earphones,1566.0,72
2995,Premium Pet Cat Food 1kg,175.99,76
2996,Roasted Coffee Espresso Beans,369.5,80
2997,Sweet Tea Hibiscus Leaves,470.49,84
2998,Light Snack Popcorn Bag,102.75,88
2999,Special Drink Juice Box,180.99,92
3000,Local Bakery Banana Bread,214.25,96
3001,Roasted Coffee Cappuccino Sticks,651.0,40
3002,Sweet Tea Jasmine Pearls,494.24,44
3003,Light Snack Trail Mix,148.74,48
3004,Special Drink Sports Drink,182.74,52
3005,Local Bakery Cinnamon Roll,174.25,56
3006,Fresh Dairy Greek Yogurt,241.24,60
3007,Classic Pantry Soy Sauce 1L,205.0,64
3008,Original Frozen Frozen Pizza,126.24,68
3009,Salted Produce Garlic Bulb,79.0,72
3010,Spicy Meat Lamb Chops,197.74,76
3011,Deluxe Bath Mouthwash,160.74,80
3012,Imported Clean Floor Wax,422.75,84
3013,Natural Office Highlighter,71.0,88
3014,Organic Tech Earphones,1569.25,92
3015,Premium Pet Cat Food 1kg,179.24,96
3016,Roasted Coffee Espresso Beans,372.75,1
3017,Sweet Tea Hibiscus Leaves,473.74,5
3018,Light Snack Popcorn Bag,106.0,9
3019,Special Drink Juice Box,184.24,13
3020,Local Bakery Banana Bread,217.5,17
3021,Roasted Coffee Cappuccino Sticks,654.25,60
3022,Sweet Tea Jasmine Pearls,497.49,64
3023,Light Snack Trail Mix,151.99,68
3024,Special Drink Sports Drink,185.99,72
3025,Local Bakery Cinnamon Roll,177.5,76
3026,Fresh Dairy Greek Yogurt,244.49,80
3027,Classic Pantry Soy Sauce 1L,208.25,84
3028,Original Frozen Frozen Pizza,129.49,88
3029,Salted Produce Garlic Bulb,82.25,92
3030,Spicy Meat Lamb Chops,200.99,96
3031,Deluxe Bath Mouthwash,163.99,1
3032,Imported Clean Floor Wax,426.0,5
3033,Natural Office Highlighter,74.25,9
3034,Organic Tech Earphones,1572.5,13
3035,Premium Pet Cat Food 1kg,182.49,17
3036,Roasted Coffee Espresso Beans,376.0,21
3037,Sweet Tea Hibiscus Leaves,476.99,25
3038,Light Snack Popcorn Bag,109.25,29
3039,Special Drink Juice Box,187.49,33
3040,Local Bakery Banana Bread,220.75,37
3041,Roasted Coffee Cappuccino Sticks,657.5,80
3042,Sweet Tea Jasmine Pearls,500.74,84
3043,Light Snack Trail Mix,155.24,88
3044,Special Drink Sports Drink,189.24,92
3045,Local Bakery Cinnamon Roll,180.75,96
3046,Fresh Dairy Greek Yogurt,247.74,1
3047,Classic Pantry Soy Sauce 1L,211.5,5
3048,Original Frozen Frozen Pizza,132.74,9
3049,Salted Produce Garlic Bulb,85.5,13
3050,Spicy Meat Lamb Chops,204.24,17
3051,Deluxe Bath Mouthwash,167.24,21
3052,Imported Clean Floor Wax,429.25,25
3053,Natural Office Highlighter,77.5,29
3054,Organic Tech Earphones,1575.75,33
3055,Premium Pet Cat Food 1kg,185.74,37
3056,Roasted Coffee Espresso Beans,379.25,41
3057,Sweet Tea Hibiscus Leaves,480.24,45
3058,Light Snack Popcorn Bag,112.5,49
3059,Special Drink Juice Box,190.74,53
3060,Local Bakery Banana Bread,224.0,57
3061,Roasted Coffee Cappuccino Sticks,660.75,1
3062,Sweet Tea Jasmine Pearls,503.99,5
3063,Light Snack Trail Mix,158.49,9
3064,Special Drink Sports Drink,192.49,13
3065,Local Bakery Cinnamon Roll,184.0,17
3066,Fresh Dairy Greek Yogurt,250.99,21
3067,Classic Pantry Soy Sauce 1L,214.75,25
3068,Original Frozen Frozen Pizza,135.99,29
3069,Salted Produce Garlic Bulb,88.75,33
3070,Spicy Meat Lamb Chops,207.49,37
3071,Deluxe Bath Mouthwash,170.49,41
3072,Imported Clean Floor Wax,432.5,45
3073,Natural Office Highlighter,80.75,49
3074,Organic Tech Earphones,1579.0,53
3075,Premium Pet Cat Food 1kg,188.99,57
3076,Roasted Coffee Espresso Beans,382.5,61
3077,Sweet Tea Hibiscus Leaves,483.49,65
3078,Light Snack Popcorn Bag,115.75,69
3079,Special Drink Juice Box,193.99,73
3080,Local Bakery Banana Bread,204.5,77
3081,Roasted Coffee Cappuccino Sticks,641.25,21
3082,Sweet Tea Jasmine Pearls,484.49,25
3083,Light Snack Trail Mix,138.99,29
3084,Special Drink Sports Drink,172.99,33
3085,Local Bakery Cinnamon Roll,164.5,37
3086,Fresh Dairy Greek Yogurt,231.49,41
3087,Classic Pantry Soy Sauce 1L,195.25,45
3088,Original Frozen Frozen Pizza,116.49,49
3089,Salted Produce Garlic Bulb,69.25,53
3090,Spicy Meat Lamb Chops,187.99,57
3091,Deluxe Bath Mouthwash,150.99,61
3092,Imported Clean Floor Wax,413.0,65
3093,Natural Office Highlighter,61.25,69
3094,Organic Tech Earphones,1559.5,73
3095,Premium Pet Cat Food 1kg,169.49,77
3096,Roasted Coffee Espresso Beans,363.0,81
3097,Sweet Tea Hibiscus Leaves,463.99,85
3098,Light Snack Popcorn Bag,96.25,89
3099,Special Drink Juice Box,174.49,93
3100,Local Bakery Banana Bread,207.75,97
3101,Roasted Coffee Cappuccino Sticks,644.5,41
3102,Sweet Tea Jasmine Pearls,487.74,45
3103,Light Snack Trail Mix,142.24,49
3104,Special Drink Sports Drink,176.24,53
3105,Local Bakery Cinnamon Roll,167.75,57
3106,Fresh Dairy Greek Yogurt,234.74,61
3107,Classic Pantry Soy Sauce 1L,198.5,65
3108,Original Frozen Frozen Pizza,119.74,69
3109,Salted Produce Garlic Bulb,72.5,73
3110,Spicy Meat Lamb Chops,191.24,77
3111,Deluxe Bath Mouthwash,154.24,81
3112,Imported Clean Floor Wax,416.25,85
3113,Natural Office Highlighter,64.5,89
3114,Organic Tech Earphones,1562.75,93
3115,Premium Pet Cat Food 1kg,172.74,97
3116,Roasted Coffee Espresso Beans,366.25,2
3117,Sweet Tea Hibiscus Leaves,467.24,6
3118,Light Snack Popcorn Bag,99.5,10
3119,Special Drink Juice Box,177.74,14
3120,Local Bakery Banana Bread,211.0,18
3121,Roasted Coffee Cappuccino Sticks,647.75,61
3122,Sweet Tea Jasmine Pearls,490.99,65
3123,Light Snack Trail Mix,145.49,69
3124,Special Drink Sports Drink,179.49,73
3125,Local Bakery Cinnamon Roll,171.0,77
3126,Fresh Dairy Greek Yogurt,237.99,81
3127,Classic Pantry Soy Sauce 1L,201.75,85
3128,Original Frozen Frozen Pizza,122.99,89
3129,Salted Produce Garlic Bulb,75.75,93
3130,Spicy Meat Lamb Chops,194.49,97
3131,Deluxe Bath Mouthwash,157.49,2
3132,Imported Clean Floor Wax,419.5,6
3133,Natural Office Highlighter,67.75,10
3134,Organic Tech Earphones,1566.0,14
3135,Premium Pet Cat Food 1kg,175.99,18
3136,Roasted Coffee Espresso Beans,369.5,22
3137,Sweet Tea Hibiscus Leaves,470.49,26
3138,Light Snack Popcorn Bag,102.75,30
3139,Special Drink Juice Box,180.99,34
3140,Local Bakery Banana Bread,214.25,38
3141,Roasted Coffee Cappuccino Sticks,651.0,81
3142,Sweet Tea Jasmine Pearls,494.24,85
3143,Light Snack Trail Mix,148.74,89
3144,Special Drink Sports Drink,182.74,93
3145,Local Bakery Cinnamon Roll,174.25,97
3146,Fresh Dairy Greek Yogurt,241.24,2
3147,Classic Pantry Soy Sauce 1L,205.0,6
3148,Original Frozen Frozen Pizza,126.24,10
3149,Salted Produce Garlic Bulb,79.0,14
3150,Spicy Meat Lamb Chops,197.74,18
3151,Deluxe Bath Mouthwash,160.74,22
3152,Imported Clean Floor Wax,422.75,26
3153,Natural Office Highlighter,71.0,30
3154,Organic Tech Earphones,1569.25,34
3155,Premium Pet Cat Food 1kg,179.24,38
3156,Roasted Coffee Espresso Beans,372.75,42
3157,Sweet Tea Hibiscus Leaves,473.74,46
3158,Light Snack Popcorn Bag,106.0,50
3159,Special Drink Juice Box,184.24,54
3160,Local Bakery Banana Bread,217.5,58
3161,Roasted Coffee Cappuccino Sticks,654.25,2
3162,Sweet Tea Jasmine Pearls,497.49,6
3163,Light Snack Trail Mix,151.99,10
3164,Special Drink Sports Drink,185.99,14
3165,Local Bakery Cinnamon Roll,177.5,18
3166,Fresh Dairy Greek Yogurt,244.49,22
3167,Classic Pantry Soy Sauce 1L,208.25,26
3168,Original Frozen Frozen Pizza,129.49,30
3169,Salted Produce Garlic Bulb,82.25,34
3170,Spicy Meat Lamb Chops,200.99,38
3171,Deluxe Bath Mouthwash,163.99,42
3172,Imported Clean Floor Wax,426.0,46
3173,Natural Office Highlighter,74.25,50
3174,Organic Tech Earphones,1572.5,54
3175,Premium Pet Cat Food 1kg,182.49,58
3176,Roasted Coffee Espresso Beans,376.0,62
3177,Sweet Tea Hibiscus Leaves,476.99,66
3178,Light Snack Popcorn Bag,109.25,70
3179,Special Drink Juice Box,187.49,74
3180,Local Bakery Banana Bread,220.75,78
3181,Roasted Coffee Cappuccino Sticks,657.5,22
3182,Sweet Tea Jasmine Pearls,500.74,26
3183,Light Snack Trail Mix,155.24,30
3184,Special Drink Sports Drink,189.24,34
3185,Local Bakery Cinnamon Roll,180.75,38
3186,Fresh Dairy Greek Yogurt,247.74,42
3187,Classic Pantry Soy Sauce 1L,211.5,46
3188,Original Frozen Frozen Pizza,132.74,50
3189,Salted Produce Garlic Bulb,85.5,54
3190,Spicy Meat Lamb Chops,204.24,58
3191,Deluxe Bath Mouthwash,167.24,62
3192,Imported Clean Floor Wax,429.25,66
3193,Natural Office Highlighter,77.5,70
3194,Organic Tech Earphones,1575.75,74
3195,Premium Pet Cat Food 1kg,185.74,78
3196,Roasted Coffee Espresso Beans,379.25,82
3197,Sweet Tea Hibiscus Leaves,480.24,86
3198,Light Snack Popcorn Bag,112.5,90
3199,Special Drink Juice Box,190.74,94
3200,Local Bakery Banana Bread,224.0,98
3201,Roasted Coffee Cappuccino Sticks,660.75,42
3202,Sweet Tea Jasmine Pearls,503.99,46
3203,Light Snack Trail Mix,158.49,50
3204,Special Drink Sports Drink,192.49,54
3205,Local Bakery Cinnamon Roll,184.0,58
3206,Fresh Dairy Greek Yogurt,250.99,62
3207,Classic Pantry Soy Sauce 1L,214.75,66
3208,Original Frozen Frozen Pizza,135.99,70
3209,Salted Produce Garlic Bulb,88.75,74
3210,Spicy Meat Lamb Chops,207.49,78
3211,Deluxe Bath Mouthwash,170.49,82
3212,Imported Clean Floor Wax,432.5,86
3213,Natural Office Highlighter,80.75,90
3214,Organic Tech Earphones,1579.0,94
3215,Premium Pet Cat Food 1kg,188.99,98
3216,Roasted Coffee Espresso Beans,382.5,3
3217,Sweet Tea Hibiscus Leaves,483.49,7
3218,Light Snack Popcorn Bag,115.75,11
3219,Special Drink Juice Box,193.99,15
3220,Local Bakery Banana Bread,204.5,19
3221,Roasted Coffee Cappuccino Sticks,641.25,62
3222,Sweet Tea Jasmine Pearls,484.49,66
3223,Light Snack Trail Mix,138.99,70
3224,Special Drink Sports Drink,172.99,74
3225,Local Bakery Cinnamon Roll,164.5,78
3226,Fresh Dairy Greek Yogurt,231.49,82
3227,Classic Pantry Soy Sauce 1L,195.25,86
3228,Original Frozen Frozen Pizza,116.49,90
3229,Salted Produce Garlic Bulb,69.25,94
3230,Spicy Meat Lamb Chops,187.99,98
3231,Deluxe Bath Mouthwash,150.99,3
3232,Imported Clean Floor Wax,413.0,7
3233,Natural Office Highlighter,61.25,11
3234,Organic Tech Earphones,1559.5,15
3235,Premium Pet Cat Food 1kg,169.49,19
3236,Roasted Coffee Espresso Beans,363.0,23
3237,Sweet Tea Hibiscus Leaves,463.99,27
3238,Light Snack Popcorn Bag,96.25,31
3239,Special Drink Juice Box,174.49,35
3240,Local Bakery Banana Bread,207.75,39
3241,Roasted Coffee Cappuccino Sticks,644.5,82
3242,Sweet Tea Jasmine Pearls,487.74,86
3243,Light Snack Trail Mix,142.24,90
3244,Special Drink Sports Drink,176.24,94
3245,Local Bakery Cinnamon Roll,167.75,98
3246,Fresh Dairy Greek Yogurt,234.74,3
3247,Classic Pantry Soy Sauce 1L,198.5,7
3248,Original Frozen Frozen Pizza,119.74,11
3249,Salted Produce Garlic Bulb,72.5,15
3250,Spicy Meat Lamb Chops,191.24,19
3251,Deluxe Bath Mouthwash,154.24,23
3252,Imported Clean Floor Wax,416.25,27
3253,Natural Office Highlighter,64.5,31
3254,Organic Tech Earphones,1562.75,35
3255,Premium Pet Cat Food 1kg,172.74,39
3256,Roasted Coffee Espresso Beans,366.25,43
3257,Sweet Tea Hibiscus Leaves,467.24,47
3258,Light Snack Popcorn Bag,99.5,51
3259,Special Drink Juice Box,177.74,55
3260,Local Bakery Banana Bread,211.0,59
3261,Roasted Coffee Cappuccino Sticks,647.75,3
3262,Sweet Tea Jasmine Pearls,490.99,7
3263,Light Snack Trail Mix,145.49,11
3264,Special Drink Sports Drink,179.49,15
3265,Local Bakery Cinnamon Roll,171.0,19
3266,Fresh Dairy Greek Yogurt,237.99,23
3267,Classic Pantry Soy Sauce 1L,201.75,27
3268,Original Frozen Frozen Pizza,122.99,31
3269,Salted Produce Garlic Bulb,75.75,35
3270,Spicy Meat Lamb Chops,194.49,39
3271,Deluxe Bath Mouthwash,157.49,43
3272,Imported Clean Floor Wax,419.5,47
3273,Natural Office Highlighter,67.75,51
3274,Organic Tech Earphones,1566.0,55
3275,Premium Pet Cat Food 1kg,175.99,59
3276,Roasted Coffee Espresso Beans,369.5,63
3277,Sweet Tea Hibiscus Leaves,470.49,67
3278,Light Snack Popcorn Bag,102.75,71
3279,Special Drink Juice Box,180.99,75
3280,Local Bakery Banana Bread,214.25,79
3281,Roasted Coffee Cappuccino Sticks,651.0,23
3282,Sweet Tea Jasmine Pearls,494.24,27
3283,Light Snack Trail Mix,148.74,31
3284,Special Drink Sports Drink,182.74,35
3285,Local Bakery Cinnamon Roll,174.25,39
3286,Fresh Dairy Greek Yogurt,241.24,43
3287,Classic Pantry Soy Sauce 1L,205.0,47
3288,Original Frozen Frozen Pizza,126.24,51
3289,Salted Produce Garlic Bulb,79.0,55
3290,Spicy Meat Lamb Chops,197.74,59
3291,Deluxe Bath Mouthwash,160.74,63
3292,Imported Clean Floor Wax,422.75,67
3293,Natural Office Highlighter,71.0,71
3294,Organic Tech Earphones,1569.25,75
3295,Premium Pet Cat Food 1kg,179.24,79
3296,Roasted Coffee Espresso Beans,372.75,83
3297,Sweet Tea Hibiscus Leaves,473.74,87
3298,Light Snack Popcorn Bag,106.0,91
3299,Special Drink Juice Box,184.24,95
3300,Local Bakery Banana Bread,217.5,99
3301,Roasted Coffee Cappuccino Sticks,654.25,43
3302,Sweet Tea Jasmine Pearls,497.49,47
3303,Light Snack Trail Mix,151.99,51
3304,Special Drink Sports Drink,185.99,55
3305,Local Bakery Cinnamon Roll,177.5,59
3306,Fresh Dairy Greek Yogurt,244.49,63
3307,Classic Pantry Soy Sauce 1L,208.25,67
3308,Original Frozen Frozen Pizza,129.49,71
3309,Salted Produce Garlic Bulb,82.25,75
3310,Spicy Meat Lamb Chops,200.99,79
3311,Deluxe Bath Mouthwash,163.99,83
3312,Imported Clean Floor Wax,426.0,87
3313,Natural Office Highlighter,74.25,91
3314,Organic Tech Earphones,1572.5,95
3315,Premium Pet Cat Food 1kg,182.49,99
3316,Roasted Coffee Espresso Beans,376.0,4
3317,Sweet Tea Hibiscus Leaves,476.99,8
3318,Light Snack Popcorn Bag,109.25,12
3319,Special Drink Juice Box,187.49,16
3320,Local Bakery Banana Bread,220.75,20
3321,Roasted Coffee Cappuccino Sticks,657.5,63
3322,Sweet Tea Jasmine Pearls,500.74,67
3323,Light Snack Trail Mix,155.24,71
3324,Special Drink Sports Drink,189.24,75
3325,Local Bakery Cinnamon Roll,180.75,79
3326,Fresh Dairy Greek Yogurt,247.74,83
3327,Classic Pantry Soy Sauce 1L,211.5,87
3328,Original Frozen Frozen Pizza,132.74,91
3329,Salted Produce Garlic Bulb,85.5,95
3330,Spicy Meat Lamb Chops,204.24,99
3331,Deluxe Bath Mouthwash,167.24,4
3332,Imported Clean Floor Wax,429.25,8
3333,Natural Office Highlighter,77.5,12
3334,Organic Tech Earphones,1575.75,16
3335,Premium Pet Cat Food 1kg,185.74,20
3336,Roasted Coffee Espresso Beans,379.25,24
3337,Sweet Tea Hibiscus Leaves,480.24,28
3338,Light Snack Popcorn Bag,112.5,32
3339,Special Drink Juice Box,190.74,36
3340,Local Bakery Banana Bread,224.0,40
3341,Roasted Coffee Cappuccino Sticks,660.75,83
3342,Sweet Tea Jasmine Pearls,503.99,87
3343,Light Snack Trail Mix,158.49,91
3344,Special Drink Sports Drink,192.49,95
3345,Local Bakery Cinnamon Roll,184.0,99
3346,Fresh Dairy Greek Yogurt,250.99,4
3347,Classic Pantry Soy Sauce 1L,214.75,8
3348,Original Frozen Frozen Pizza,135.99,12
3349,Salted Produce Garlic Bulb,88.75,16
3350,Spicy Meat Lamb Chops,207.49,20
3351,Deluxe Bath Mouthwash,170.49,24
3352,Imported Clean Floor Wax,432.5,28
3353,Natural Office Highlighter,80.75,32
3354,Organic Tech Earphones,1579.0,36
3355,Premium Pet Cat Food 1kg,188.99,40
3356,Roasted Coffee Espresso Beans,382.5,44
3357,Sweet Tea Hibiscus Leaves,483.49,48
3358,Light Snack Popcorn Bag,115.75,52
3359,Special Drink Juice Box,193.99,56
3360,Local Bakery Banana Bread,204.5,60
3361,Roasted Coffee Cappuccino Sticks,641.25,4
3362,Sweet Tea Jasmine Pearls,484.49,8
3363,Light Snack Trail Mix,138.99,12
3364,Special Drink Sports Drink,172.99,16
3365,Local Bakery Cinnamon Roll,164.5,20
3366,Fresh Dairy Greek Yogurt,231.49,24
3367,Classic Pantry Soy Sauce 1L,195.25,28
3368,Original Frozen Frozen Pizza,116.49,32
3369,Salted Produce Garlic Bulb,69.25,36
3370,Spicy Meat Lamb Chops,187.99,40
3371,Deluxe Bath Mouthwash,150.99,44
3372,Imported Clean Floor Wax,413.0,48
3373,Natural Office Highlighter,61.25,52
3374,Organic Tech Earphones,1559.5,56
3375,Premium Pet Cat Food 1kg,169.49,60
3376,Roasted Coffee Espresso Beans,363.0,64
3377,Sweet Tea Hibiscus Leaves,463.99,68
3378,Light Snack Popcorn Bag,96.25,72
3379,Special Drink Juice Box,174.49,76
3380,Local Bakery Banana Bread,207.75,80
3381,Roasted Coffee Cappuccino Sticks,644.5,24
3382,Sweet Tea Jasmine Pearls,487.74,28
3383,Light Snack Trail Mix,142.24,32
3384,Special Drink Sports Drink,176.24,36
3385,Local Bakery Cinnamon Roll,167.75,40
3386,Fresh Dairy Greek Yogurt,234.74,44
3387,Classic Pantry Soy Sauce 1L,198.5,48
3388,Original Frozen Frozen Pizza,119.74,52
3389,Salted Produce Garlic Bulb,72.5,56
3390,Spicy Meat Lamb Chops,191.24,60
3391,Deluxe Bath Mouthwash,154.24,64
3392,Imported Clean Floor Wax,416.25,68
3393,Natural Office Highlighter,64.5,72
3394,Organic Tech Earphones,1562.75,76
3395,Premium Pet Cat Food 1kg,172.74,80
3396,Roasted Coffee Espresso Beans,366.25,84
3397,Sweet Tea Hibiscus Leaves,467.24,88
3398,Light Snack Popcorn Bag,99.5,92
3399,Special Drink Juice Box,177.74,96
3400,Local Bakery Banana Bread,211.0,1
3401,Roasted Coffee Cappuccino Sticks,647.75,44
3402,Sweet Tea Jasmine Pearls,490.99,48
3403,Light Snack Trail Mix,145.49,52
3404,Special Drink Sports Drink,179.49,56
3405,Local Bakery Cinnamon Roll,171.0,60
3406,Fresh Dairy Greek Yogurt,237.99,64
3407,Classic Pantry Soy Sauce 1L,201.75,68
3408,Original Frozen Frozen Pizza,122.99,72
3409,Salted Produce Garlic Bulb,75.75,76
3410,Spicy Meat Lamb Chops,194.49,80
3411,Deluxe Bath Mouthwash,157.49,84
3412,Imported Clean Floor Wax,419.5,88
3413,Natural Office Highlighter,67.75,92
3414,Organic Tech Earphones,1566.0,96
3415,Premium Pet Cat Food 1kg,175.99,1
3416,Roasted Coffee Espresso Beans,369.5,5
3417,Sweet Tea Hibiscus Leaves,470.49,9
3418,Light Snack Popcorn Bag,102.75,13
3419,Special Drink Juice Box,180.99,17
3420,Local Bakery Banana Bread,214.25,21
3421,Roasted Coffee Cappuccino Sticks,651.0,64
3422,Sweet Tea Jasmine Pearls,494.24,68
3423,Light Snack Trail Mix,148.74,72
3424,Special Drink Sports Drink,182.74,76
3425,Local Bakery Cinnamon Roll,174.25,80
3426,Fresh Dairy Greek Yogurt,241.24,84
3427,Classic Pantry Soy Sauce 1L,205.0,88
3428,Original Frozen Frozen Pizza,126.24,92
3429,Salted Produce Garlic Bulb,79.0,96
3430,Spicy Meat Lamb Chops,197.74,1
3431,Deluxe Bath Mouthwash,160.74,5
3432,Imported Clean Floor Wax,422.75,9
3433,Natural Office Highlighter,71.0,13
3434,Organic Tech Earphones,1569.25,17
3435,Premium Pet Cat Food 1kg,179.24,21
3436,Roasted Coffee Espresso Beans,372.75,25
3437,Sweet Tea Hibiscus Leaves,473.74,29
3438,Light Snack Popcorn Bag,106.0,33
3439,Special Drink Juice Box,184.24,37
3440,Local Bakery Banana Bread,217.5,41
3441,Roasted Coffee Cappuccino Sticks,654.25,84
3442,Sweet Tea Jasmine Pearls,497.49,88
3443,Light Snack Trail Mix,151.99,92
3444,Special Drink Sports Drink,185.99,96
3445,Local Bakery Cinnamon Roll,177.5,1
3446,Fresh Dairy Greek Yogurt,244.49,5
3447,Classic Pantry Soy Sauce 1L,208.25,9
3448,Original Frozen Frozen Pizza,129.49,13
3449,Salted Produce Garlic Bulb,82.25,17
3450,Spicy Meat Lamb Chops,200.99,21
3451,Deluxe Bath Mouthwash,163.99,25
3452,Imported Clean Floor Wax,426.0,29
3453,Natural Office Highlighter,74.25,33
3454,Organic Tech Earphones,1572.5,37
3455,Premium Pet Cat Food 1kg,182.49,41
3456,Roasted Coffee Espresso Beans,376.0,45
3457,Sweet Tea Hibiscus Leaves,476.99,49
3458,Light Snack Popcorn Bag,109.25,53
3459,Special Drink Juice Box,187.49,57
3460,Local Bakery Banana Bread,220.75,61
3461,Roasted Coffee Cappuccino Sticks,657.5,5
3462,Sweet Tea Jasmine Pearls,500.74,9
3463,Light Snack Trail Mix,155.24,13
3464,Special Drink Sports Drink,189.24,17
3465,Local Bakery Cinnamon Roll,180.75,21
3466,Fresh Dairy Greek Yogurt,247.74,25
3467,Classic Pantry Soy Sauce 1L,211.5,29
3468,Original Frozen Frozen Pizza,132.74,33
3469,Salted Produce Garlic Bulb,85.5,37
3470,Spicy Meat Lamb Chops,204.24,41
3471,Deluxe Bath Mouthwash,167.24,45
3472,Imported Clean Floor Wax,429.25,49
3473,Natural Office Highlighter,77.5,53
3474,Organic Tech Earphones,1575.75,57
3475,Premium Pet Cat Food 1kg,185.74,61
3476,Roasted Coffee Espresso Beans,379.25,65
3477,Sweet Tea Hibiscus Leaves,480.24,69
3478,Light Snack Popcorn Bag,112.5,73
3479,Special Drink Juice Box,190.74,77
3480,Local Bakery Banana Bread,224.0,81
3481,Roasted Coffee Cappuccino Sticks,660.75,25
3482,Sweet Tea Jasmine Pearls,503.99,29
3483,Light Snack Trail Mix,158.49,33
3484,Special Drink Sports Drink,192.49,37
3485,Local Bakery Cinnamon Roll,184.0,41
3486,Fresh Dairy Greek Yogurt,250.99,45
3487,Classic Pantry Soy Sauce 1L,214.75,49
3488,Original Frozen Frozen Pizza,135.99,53
3489,Salted Produce Garlic Bulb,88.75,57
3490,Spicy Meat Lamb Chops,207.49,61
3491,Deluxe Bath Mouthwash,170.49,65
3492,Imported Clean Floor Wax,432.5,69
3493,Natural Office Highlighter,80.75,73
3494,Organic Tech Earphones,1579.0,77
3495,Premium Pet Cat Food 1kg,188.99,81
3496,Roasted Coffee Espresso Beans,382.5,85
3497,Sweet Tea Hibiscus Leaves,483.49,89
3498,Light Snack Popcorn Bag,115.75,93
3499,Special Drink Juice Box,193.99,97
3500,Local Bakery Banana Bread,204.5,2
3501,Roasted Coffee Cappuccino Sticks,641.25,45
3502,Sweet Tea Jasmine Pearls,484.49,49
3503,Light Snack Trail Mix,138.99,53
3504,Special Drink Sports Drink,172.99,57
3505,Local Bakery Cinnamon Roll,164.5,61
3506,Fresh Dairy Greek Yogurt,231.49,65
3507,Classic Pantry Soy Sauce 1L,195.25,69
3508,Original Frozen Frozen Pizza,116.49,73
3509,Salted Produce Garlic Bulb,69.25,77
3510,Spicy Meat Lamb Chops,187.99,81
3511,Deluxe Bath Mouthwash,150.99,85
3512,Imported Clean Floor Wax,413.0,89
3513,Natural Office Highlighter,61.25,93
3514,Organic Tech Earphones,1559.5,97
3515,Premium Pet Cat Food 1kg,169.49,2
3516,Roasted Coffee Espresso Beans,363.0,6
3517,Sweet Tea Hibiscus Leaves,463.99,10
3518,Light Snack Popcorn Bag,96.25,14
3519,Special Drink Juice Box,174.49,18
3520,Local Bakery Banana Bread,207.75,22
3521,Roasted Coffee Cappuccino Sticks,644.5,65
3522,Sweet Tea Jasmine Pearls,487.74,69
3523,Light Snack Trail Mix,142.24,73
3524,Special Drink Sports Drink,176.24,77
3525,Local Bakery Cinnamon Roll,167.75,81
3526,Fresh Dairy Greek Yogurt,234.74,85
3527,Classic Pantry Soy Sauce 1L,198.5,89
3528,Original Frozen Frozen Pizza,119.74,93
3529,Salted Produce Garlic Bulb,72.5,97
3530,Spicy Meat Lamb Chops,191.24,2
3531,Deluxe Bath Mouthwash,154.24,6
3532,Imported Clean Floor Wax,416.25,10
3533,Natural Office Highlighter,64.5,14
3534,Organic Tech Earphones,1562.75,18
3535,Premium Pet Cat Food 1kg,172.74,22
3536,Roasted Coffee Espresso Beans,366.25,26
3537,Sweet Tea Hibiscus Leaves,467.24,30
3538,Light Snack Popcorn Bag,99.5,34
3539,Special Drink Juice Box,177.74,38
3540,Local Bakery Banana Bread,211.0,42
3541,Roasted Coffee Cappuccino Sticks,647.75,85
3542,Sweet Tea Jasmine Pearls,490.99,89
3543,Light Snack Trail Mix,145.49,93
3544,Special Drink Sports Drink,179.49,97
3545,Local Bakery Cinnamon Roll,171.0,2
3546,Fresh Dairy Greek Yogurt,237.99,6
3547,Classic Pantry Soy Sauce 1L,201.75,10
3548,Original Frozen Frozen Pizza,122.99,14
3549,Salted Produce Garlic Bulb,75.75,18
3550,Spicy Meat Lamb Chops,194.49,22
3551,Deluxe Bath Mouthwash,157.49,26
3552,Imported Clean Floor Wax,419.5,30
3553,Natural Office Highlighter,67.75,34
3554,Organic Tech Earphones,1566.0,38
3555,Premium Pet Cat Food 1kg,175.99,42
3556,Roasted Coffee Espresso Beans,369.5,46
3557,Sweet Tea Hibiscus Leaves,470.49,50
3558,Light Snack Popcorn Bag,102.75,54
3559,Special Drink Juice Box,180.99,58
3560,Local Bakery Banana Bread,214.25,62
3561,Roasted Coffee Cappuccino Sticks,651.0,6
3562,Sweet Tea Jasmine Pearls,494.24,10
3563,Light Snack Trail Mix,148.74,14
3564,Special Drink Sports Drink,182.74,18
3565,Local Bakery Cinnamon Roll,174.25,22
3566,Fresh Dairy Greek Yogurt,241.24,26
3567,Classic Pantry Soy Sauce 1L,205.0,30
3568,Original Frozen Frozen Pizza,126.24,34
3569,Salted Produce Garlic Bulb,79.0,38
3570,Spicy Meat Lamb Chops,197.74,42
3571,Deluxe Bath Mouthwash,160.74,46
3572,Imported Clean Floor Wax,422.75,50
3573,Natural Office Highlighter,71.0,54
3574,Organic Tech Earphones,1569.25,58
3575,Premium Pet Cat Food 1kg,179.24,62
3576,Roasted Coffee Espresso Beans,372.75,66
3577,Sweet Tea Hibiscus Leaves,473.74,70
3578,Light Snack Popcorn Bag,106.0,74
3579,Special Drink Juice Box,184.24,78
3580,Local Bakery Banana Bread,217.5,82
3581,Roasted Coffee Cappuccino Sticks,654.25,26
3582,Sweet Tea Jasmine Pearls,497.49,30
3583,Light Snack Trail Mix,151.99,34
3584,Special Drink Sports Drink,185.99,38
3585,Local Bakery Cinnamon Roll,177.5,42
3586,Fresh Dairy Greek Yogurt,244.49,46
3587,Classic Pantry Soy Sauce 1L,208.25,50
3588,Original Frozen Frozen Pizza,129.49,54
3589,Salted Produce Garlic Bulb,82.25,58
3590,Spicy Meat Lamb Chops,200.99,62
3591,Deluxe Bath Mouthwash,163.99,66
3592,Imported Clean Floor Wax,426.0,70
3593,Natural Office Highlighter,74.25,74
3594,Organic Tech Earphones,1572.5,78
3595,Premium Pet Cat Food 1kg,182.49,82
3596,Roasted Coffee Espresso Beans,376.0,86
3597,Sweet Tea Hibiscus Leaves,476.99,90
3598,Light Snack Popcorn Bag,109.25,94
3599,Special Drink Juice Box,187.49,98
3600,Local Bakery Banana Bread,220.75,3
3601,Roasted Coffee Cappuccino Sticks,657.5,46
3602,Sweet Tea Jasmine Pearls,500.74,50
3603,Light Snack Trail Mix,155.24,54
3604,Special Drink Sports Drink,189.24,58
3605,Local Bakery Cinnamon Roll,180.75,62
3606,Fresh Dairy Greek Yogurt,247.74,66
3607,Classic Pantry Soy Sauce 1L,211.5,70
3608,Original Frozen Frozen Pizza,132.74,74
3609,Salted Produce Garlic Bulb,85.5,78
3610,Spicy Meat Lamb Chops,204.24,82
3611,Deluxe Bath Mouthwash,167.24,86
3612,Imported Clean Floor Wax,429.25,90
3613,Natural Office Highlighter,77.5,94
3614,Organic Tech Earphones,1575.75,98
3615,Premium Pet Cat Food 1kg,185.74,3
3616,Roasted Coffee Espresso Beans,379.25,7
3617,Sweet Tea Hibiscus Leaves,480.24,11
3618,Light Snack Popcorn Bag,112.5,15
3619,Special Drink Juice Box,190.74,19
3620,Local Bakery Banana Bread,224.0,23
3621,Roasted Coffee Cappuccino Sticks,660.75,66
3622,Sweet Tea Jasmine Pearls,503.99,70
3623,Light Snack Trail Mix,158.49,74
3624,Special Drink Sports Drink,192.49,78
3625,Local Bakery Cinnamon Roll,184.0,82
3626,Fresh Dairy Greek Yogurt,250.99,86
3627,Classic Pantry Soy Sauce 1L,214.75,90
3628,Original Frozen Frozen Pizza,135.99,94
3629,Salted Produce Garlic Bulb,88.75,98
3630,Spicy Meat Lamb Chops,207.49,3
3631,Deluxe Bath Mouthwash,170.49,7
3632,Imported Clean Floor Wax,432.5,11
3633,Natural Office Highlighter,80.75,15
3634,Organic Tech Earphones,1579.0,19
3635,Premium Pet Cat Food 1kg,188.99,23
3636,Roasted Coffee Espresso Beans,382.5,27
3637,Sweet Tea Hibiscus Leaves,483.49,31
3638,Light Snack Popcorn Bag,115.75,35
3639,Special Drink Juice Box,193.99,39
3640,Local Bakery Banana Bread,204.5,43
3641,Roasted Coffee Cappuccino Sticks,641.25,86
3642,Sweet Tea Jasmine Pearls,484.49,90
3643,Light Snack Trail Mix,138.99,94
3644,Special Drink Sports Drink,172.99,98
3645,Local Bakery Cinnamon Roll,164.5,3
3646,Fresh Dairy Greek Yogurt,231.49,7
3647,Classic Pantry Soy Sauce 1L,195.25,11
3648,Original Frozen Frozen Pizza,116.49,15
3649,Salted Produce Garlic Bulb,69.25,19
3650,Spicy Meat Lamb Chops,187.99,23
3651,Deluxe Bath Mouthwash,150.99,27
3652,Imported Clean Floor Wax,413.0,31
3653,Natural Office Highlighter,61.25,35
3654,Organic Tech Earphones,1559.5,39
3655,Premium Pet Cat Food 1kg,169.49,43
3656,Roasted Coffee Espresso Beans,363.0,47
3657,Sweet Tea Hibiscus Leaves,463.99,51
3658,Light Snack Popcorn Bag,96.25,55
3659,Special Drink Juice Box,174.49,59
3660,Local Bakery Banana Bread,207.75,63
3661,Roasted Coffee Cappuccino Sticks,644.5,7
3662,Sweet Tea Jasmine Pearls,487.74,11
3663,Light Snack Trail Mix,142.24,15
3664,Special Drink Sports Drink,176.24,19
3665,Local Bakery Cinnamon Roll,167.75,23
3666,Fresh Dairy Greek Yogurt,234.74,27
3667,Classic Pantry Soy Sauce 1L,198.5,31
3668,Original Frozen Frozen Pizza,119.74,35
3669,Salted Produce Garlic Bulb,72.5,39
3670,Spicy Meat Lamb Chops,191.24,43
3671,Deluxe Bath Mouthwash,154.24,47
3672,Imported Clean Floor Wax,416.25,51
3673,Natural Office Highlighter,64.5,55
3674,Organic Tech Earphones,1562.75,59
3675,Premium Pet Cat Food 1kg,172.74,63
3676,Roasted Coffee Espresso Beans,366.25,67
3677,Sweet Tea Hibiscus Leaves,467.24,71
3678,Light Snack Popcorn Bag,99.5,75
3679,Special Drink Juice Box,177.74,79
3680,Local Bakery Banana Bread,211.0,83
3681,Roasted Coffee Cappuccino Sticks,647.75,27
3682,Sweet Tea Jasmine Pearls,490.99,31
3683,Light Snack Trail Mix,145.49,35
3684,Special Drink Sports Drink,179.49,39
3685,Local Bakery Cinnamon Roll,171.0,43
3686,Fresh Dairy Greek Yogurt,237.99,47
3687,Classic Pantry Soy Sauce 1L,201.75,51
3688,Original Frozen Frozen Pizza,122.99,55
3689,Salted Produce Garlic Bulb,75.75,59
3690,Spicy Meat Lamb Chops,194.49,63
3691,Deluxe Bath Mouthwash,157.49,67
3692,Imported Clean Floor Wax,419.5,71
3693,Natural Office Highlighter,67.75,75
3694,Organic Tech Earphones,1566.0,79
3695,Premium Pet Cat Food 1kg,175.99,83
3696,Roasted Coffee Espresso Beans,369.5,87
3697,Sweet Tea Hibiscus Leaves,470.49,91
3698,Light Snack Popcorn Bag,102.75,95
3699,Special Drink Juice Box,180.99,99
3700,Local Bakery Banana Bread,214.25,4
3701,Roasted Coffee Cappuccino Sticks,651.0,47
3702,Sweet Tea Jasmine Pearls,494.24,51
3703,Light Snack Trail Mix,148.74,55
3704,Special Drink Sports Drink,182.74,59
3705,Local Bakery Cinnamon Roll,174.25,63
3706,Fresh Dairy Greek Yogurt,241.24,67
3707,Classic Pantry Soy Sauce 1L,205.0,71
3708,Original Frozen Frozen Pizza,126.24,75
3709,Salted Produce Garlic Bulb,79.0,79
3710,Spicy Meat Lamb Chops,197.74,83
3711,Deluxe Bath Mouthwash,160.74,87
3712,Imported Clean Floor Wax,422.75,91
3713,Natural Office Highlighter,71.0,95
3714,Organic Tech Earphones,1569.25,99
3715,Premium Pet Cat Food 1kg,179.24,4
3716,Roasted Coffee Espresso Beans,372.75,8
3717,Sweet Tea Hibiscus Leaves,473.74,12
3718,Light Snack Popcorn Bag,106.0,16
3719,Special Drink Juice Box,184.24,20
3720,Local Bakery Banana Bread,217.5,24
3721,Roasted Coffee Cappuccino Sticks,654.25,67
3722,Sweet Tea Jasmine Pearls,497.49,71
3723,Light Snack Trail Mix,151.99,75
3724,Special Drink Sports Drink,185.99,79
3725,Local Bakery Cinnamon Roll,177.5,83
3726,Fresh Dairy Greek Yogurt,244.49,87
3727,Classic Pantry Soy Sauce 1L,208.25,91
3728,Original Frozen Frozen Pizza,129.49,95
3729,Salted Produce Garlic Bulb,82.25,99
3730,Spicy Meat Lamb Chops,200.99,4
3731,Deluxe Bath Mouthwash,163.99,8
3732,Imported Clean Floor Wax,426.0,12
3733,Natural Office Highlighter,74.25,16
3734,Organic Tech Earphones,1572.5,20
3735,Premium Pet Cat Food 1kg,182.49,24
3736,Roasted Coffee Espresso Beans,376.0,28
3737,Sweet Tea Hibiscus Leaves,476.99,32
3738,Light Snack Popcorn Bag,109.25,36
3739,Special Drink Juice Box,187.49,40
3740,Local Bakery Banana Bread,220.75,44
3741,Roasted Coffee Cappuccino Sticks,657.5,87
3742,Sweet Tea Jasmine Pearls,500.74,91
3743,Light Snack Trail Mix,155.24,95
3744,Special Drink Sports Drink,189.24,99
3745,Local Bakery Cinnamon Roll,180.75,4
3746,Fresh Dairy Greek Yogurt,247.74,8
3747,Classic Pantry Soy Sauce 1L,211.5,12
3748,Original Frozen Frozen Pizza,132.74,16
3749,Salted Produce Garlic Bulb,85.5,20
3750,Spicy Meat Lamb Chops,204.24,24
3751,Deluxe Bath Mouthwash,167.24,28
3752,Imported Clean Floor Wax,429.25,32
3753,Natural Office Highlighter,77.5,36
3754,Organic Tech Earphones,1575.75,40
3755,Premium Pet Cat Food 1kg,185.74,44
3756,Roasted Coffee Espresso Beans,379.25,48
3757,Sweet Tea Hibiscus Leaves,480.24,52
3758,Light Snack Popcorn Bag,112.5,56
3759,Special Drink Juice Box,190.74,60
3760,Local Bakery Banana Bread,224.0,64
3761,Roasted Coffee Cappuccino Sticks,660.75,8
3762,Sweet Tea Jasmine Pearls,503.99,12
3763,Light Snack Trail Mix,158.49,16
3764,Special Drink Sports Drink,192.49,20
3765,Local Bakery Cinnamon Roll,184.0,24
3766,Fresh Dairy Greek Yogurt,250.99,28
3767,Classic Pantry Soy Sauce 1L,214.75,32
3768,Original Frozen Frozen Pizza,135.99,36
3769,Salted Produce Garlic Bulb,88.75,40
3770,Spicy Meat Lamb Chops,207.49,44
3771,Deluxe Bath Mouthwash,170.49,48
3772,Imported Clean Floor Wax,432.5,52
3773,Natural Office Highlighter,80.75,56
3774,Organic Tech Earphones,1579.0,60
3775,Premium Pet Cat Food 1kg,188.99,64
3776,Roasted Coffee Espresso Beans,382.5,68
3777,Sweet Tea Hibiscus Leaves,483.49,72
3778,Light Snack Popcorn Bag,115.75,76
3779,Special Drink Juice Box,193.99,80
3780,Local Bakery Banana Bread,204.5,84
3781,Roasted Coffee Cappuccino Sticks,641.25,28
3782,Sweet Tea Jasmine Pearls,484.49,32
3783,Light Snack Trail Mix,138.99,36
3784,Special Drink Sports Drink,172.99,40
3785,Local Bakery Cinnamon Roll,164.5,44
3786,Fresh Dairy Greek Yogurt,231.49,48
3787,Classic Pantry Soy Sauce 1L,195.25,52
3788,Original Frozen Frozen Pizza,116.49,56
3789,Salted Produce Garlic Bulb,69.25,60
3790,Spicy Meat Lamb Chops,187.99,64
3791,Deluxe Bath Mouthwash,150.99,68
3792,Imported Clean Floor Wax,413.0,72
3793,Natural Office Highlighter,61.25,76
3794,Organic Tech Earphones,1559.5,80
3795,Premium Pet Cat Food 1kg,169.49,84
3796,Roasted Coffee Espresso Beans,363.0,88
3797,Sweet Tea Hibiscus Leaves,463.99,92
3798,Light Snack Popcorn Bag,96.25,96
3799,Special Drink Juice Box,174.49,1
3800,Local Bakery Banana Bread,207.75,5
3801,Roasted Coffee Cappuccino Sticks,644.5,48
3802,Sweet Tea Jasmine Pearls,487.74,52
3803,Light Snack Trail Mix,142.24,56
3804,Special Drink Sports Drink,176.24,60
3805,Local Bakery Cinnamon Roll,167.75,64
3806,Fresh Dairy Greek Yogurt,234.74,68
3807,Classic Pantry Soy Sauce 1L,198.5,72
3808,Original Frozen Frozen Pizza,119.74,76
3809,Salted Produce Garlic Bulb,72.5,80
3810,Spicy Meat Lamb Chops,191.24,84
3811,Deluxe Bath Mouthwash,154.24,88
3812,Imported Clean Floor Wax,416.25,92
3813,Natural Office Highlighter,64.5,96
3814,Organic Tech Earphones,1562.75,1
3815,Premium Pet Cat Food 1kg,172.74,5
3816,Roasted Coffee Espresso Beans,366.25,9
3817,Sweet Tea Hibiscus Leaves,467.24,13
3818,Light Snack Popcorn Bag,99.5,17
3819,Special Drink Juice Box,177.74,21
3820,Local Bakery Banana Bread,211.0,25
3821,Roasted Coffee Cappuccino Sticks,647.75,68
3822,Sweet Tea Jasmine Pearls,490.99,72
3823,Light Snack Trail Mix,145.49,76
3824,Special Drink Sports Drink,179.49,80
3825,Local Bakery Cinnamon Roll,171.0,84
3826,Fresh Dairy Greek Yogurt,237.99,88
3827,Classic Pantry Soy Sauce 1L,201.75,92
3828,Original Frozen Frozen Pizza,122.99,96
3829,Salted Produce Garlic Bulb,75.75,1
3830,Spicy Meat Lamb Chops,194.49,5
3831,Deluxe Bath Mouthwash,157.49,9
3832,Imported Clean Floor Wax,419.5,13
3833,Natural Office Highlighter,67.75,17
3834,Organic Tech Earphones,1566.0,21
3835,Premium Pet Cat Food 1kg,175.99,25
3836,Roasted Coffee Espresso Beans,369.5,29
3837,Sweet Tea Hibiscus Leaves,470.49,33
3838,Light Snack Popcorn Bag,102.75,37
3839,Special Drink Juice Box,180.99,41
3840,Local Bakery Banana Bread,214.25,45
3841,Roasted Coffee Cappuccino Sticks,651.0,88
3842,Sweet Tea Jasmine Pearls,494.24,92
3843,Light Snack Trail Mix,148.74,96
3844,Special Drink Sports Drink,182.74,1
3845,Local Bakery Cinnamon Roll,174.25,5
3846,Fresh Dairy Greek Yogurt,241.24,9
3847,Classic Pantry Soy Sauce 1L,205.0,13
3848,Original Frozen Frozen Pizza,126.24,17
3849,Salted Produce Garlic Bulb,79.0,21
3850,Spicy Meat Lamb Chops,197.74,25
3851,Deluxe Bath Mouthwash,160.74,29
3852,Imported Clean Floor Wax,422.75,33
3853,Natural Office Highlighter,71.0,37
3854,Organic Tech Earphones,1569.25,41
3855,Premium Pet Cat Food 1kg,179.24,45
3856,Roasted Coffee Espresso Beans,372.75,49
3857,Sweet Tea Hibiscus Leaves,473.74,53
3858,Light Snack Popcorn Bag,106.0,57
3859,Special Drink Juice Box,184.24,61
3860,Local Bakery Banana Bread,217.5,65
3861,Roasted Coffee Cappuccino Sticks,654.25,9
3862,Sweet Tea Jasmine Pearls,497.49,13
3863,Light Snack Trail Mix,151.99,17
3864,Special Drink Sports Drink,185.99,21
3865,Local Bakery Cinnamon Roll,177.5,25
3866,Fresh Dairy Greek Yogurt,244.49,29
3867,Classic Pantry Soy Sauce 1L,208.25,33
3868,Original Frozen Frozen Pizza,129.49,37
3869,Salted Produce Garlic Bulb,82.25,41
3870,Spicy Meat Lamb Chops,200.99,45
3871,Deluxe Bath Mouthwash,163.99,49
3872,Imported Clean Floor Wax,426.0,53
3873,Natural Office Highlighter,74.25,57
3874,Organic Tech Earphones,1572.5,61
3875,Premium Pet Cat Food 1kg,182.49,65
3876,Roasted Coffee Espresso Beans,376.0,69
3877,Sweet Tea Hibiscus Leaves,476.99,73
3878,Light Snack Popcorn Bag,109.25,77
3879,Special Drink Juice Box,187.49,81
3880,Local Bakery Banana Bread,220.75,85
3881,Roasted Coffee Cappuccino Sticks,657.5,29
3882,Sweet Tea Jasmine Pearls,500.74,33
3883,Light Snack Trail Mix,155.24,37
3884,Special Drink Sports Drink,189.24,41
3885,Local Bakery Cinnamon Roll,180.75,45
3886,Fresh Dairy Greek Yogurt,247.74,49
3887,Classic Pantry Soy Sauce 1L,211.5,53
3888,Original Frozen Frozen Pizza,132.74,57
3889,Salted Produce Garlic Bulb,85.5,61
3890,Spicy Meat Lamb Chops,204.24,65
3891,Deluxe Bath Mouthwash,167.24,69
3892,Imported Clean Floor Wax,429.25,73
3893,Natural Office Highlighter,77.5,77
3894,Organic Tech Earphones,1575.75,81
3895,Premium Pet Cat Food 1kg,185.74,85
3896,Roasted Coffee Espresso Beans,379.25,89
3897,Sweet Tea Hibiscus Leaves,480.24,93
3898,Light Snack Popcorn Bag,112.5,97
3899,Special Drink Juice Box,190.74,2
3900,Local Bakery Banana Bread,224.0,6
3901,Roasted Coffee Cappuccino Sticks,660.75,49
3902,Sweet Tea Jasmine Pearls,503.99,53
3903,Light Snack Trail Mix,158.49,57
3904,Special Drink Sports Drink,192.49,61
3905,Local Bakery Cinnamon Roll,184.0,65
3906,Fresh Dairy Greek Yogurt,250.99,69
3907,Classic Pantry Soy Sauce 1L,214.75,73
3908,Original Frozen Frozen Pizza,135.99,77
3909,Salted Produce Garlic Bulb,88.75,81
3910,Spicy Meat Lamb Chops,207.49,85
3911,Deluxe Bath Mouthwash,170.49,89
3912,Imported Clean Floor Wax,432.5,93
3913,Natural Office Highlighter,80.75,97
3914,Organic Tech Earphones,1579.0,2
3915,Premium Pet Cat Food 1kg,188.99,6
3916,Roasted Coffee Espresso Beans,382.5,10
3917,Sweet Tea Hibiscus Leaves,483.49,14
3918,Light Snack Popcorn Bag,115.75,18
3919,Special Drink Juice Box,193.99,22
3920,Local Bakery Banana Bread,204.5,26
3921,Roasted Coffee Cappuccino Sticks,641.25,69
3922,Sweet Tea Jasmine Pearls,484.49,73
3923,Light Snack Trail Mix,138.99,77
3924,Special Drink Sports Drink,172.99,81
3925,Local Bakery Cinnamon Roll,164.5,85
3926,Fresh Dairy Greek Yogurt,231.49,89
3927,Classic Pantry Soy Sauce 1L,195.25,93
3928,Original Frozen Frozen Pizza,116.49,97
3929,Salted Produce Garlic Bulb,69.25,2
3930,Spicy Meat Lamb Chops,187.99,6
3931,Deluxe Bath Mouthwash,150.99,10
3932,Imported Clean Floor Wax,413.0,14
3933,Natural Office Highlighter,61.25,18
3934,Organic Tech Earphones,1559.5,22
3935,Premium Pet Cat Food 1kg,169.49,26
3936,Roasted Coffee Espresso Beans,363.0,30
3937,Sweet Tea Hibiscus Leaves,463.99,34
3938,Light Snack Popcorn Bag,96.25,38
3939,Special Drink Juice Box,174.49,42
3940,Local Bakery Banana Bread,207.75,46
3941,Roasted Coffee Cappuccino Sticks,644.5,89
3942,Sweet Tea Jasmine Pearls,487.74,93
3943,Light Snack Trail Mix,142.24,97
3944,Special Drink Sports Drink,176.24,2
3945,Local Bakery Cinnamon Roll,167.75,6
3946,Fresh Dairy Greek Yogurt,234.74,10
3947,Classic Pantry Soy Sauce 1L,198.5,14
3948,Original Frozen Frozen Pizza,119.74,18
3949,Salted Produce Garlic Bulb,72.5,22
3950,Spicy Meat Lamb Chops,191.24,26
3951,Deluxe Bath Mouthwash,154.24,30
3952,Imported Clean Floor Wax,416.25,34
3953,Natural Office Highlighter,64.5,38
3954,Organic Tech Earphones,1562.75,42
3955,Premium Pet Cat Food 1kg,172.74,46
3956,Roasted Coffee Espresso Beans,366.25,50
3957,Sweet Tea Hibiscus Leaves,467.24,54
3958,Light Snack Popcorn Bag,99.5,58
3959,Special Drink Juice Box,177.74,62
3960,Local Bakery Banana Bread,211.0,66
3961,Roasted Coffee Cappuccino Sticks,647.75,10
3962,Sweet Tea Jasmine Pearls,490.99,14
3963,Light Snack Trail Mix,145.49,18
3964,Special Drink Sports Drink,179.49,22
3965,Local Bakery Cinnamon Roll,171.0,26
3966,Fresh Dairy Greek Yogurt,237.99,30
3967,Classic Pantry Soy Sauce 1L,201.75,34
3968,Original Frozen Frozen Pizza,122.99,38
3969,Salted Produce Garlic Bulb,75.75,42
3970,Spicy Meat Lamb Chops,194.49,46
3971,Deluxe Bath Mouthwash,157.49,50
3972,Imported Clean Floor Wax,419.5,54
3973,Natural Office Highlighter,67.75,58
3974,Organic Tech Earphones,1566.0,62
3975,Premium Pet Cat Food 1kg,175.99,66
3976,Roasted Coffee Espresso Beans,369.5,70
3977,Sweet Tea Hibiscus Leaves,470.49,74
3978,Light Snack Popcorn Bag,102.75,78
3979,Special Drink Juice Box,180.99,82
3980,Local Bakery Banana Bread,214.25,86
3981,Roasted Coffee Cappuccino Sticks,651.0,30
3982,Sweet Tea Jasmine Pearls,494.24,34
3983,Light Snack Trail Mix,148.74,38
3984,Special Drink Sports Drink,182.74,42
3985,Local Bakery Cinnamon Roll,174.25,46
3986,Fresh Dairy Greek Yogurt,241.24,50
3987,Classic Pantry Soy Sauce 1L,205.0,54
3988,Original Frozen Frozen Pizza,126.24,58
3989,Salted Produce Garlic Bulb,79.0,62
3990,Spicy Meat Lamb Chops,197.74,66
3991,Deluxe Bath Mouthwash,160.74,70
3992,Imported Clean Floor Wax,422.75,74
3993,Natural Office Highlighter,71.0,78
3994,Organic Tech Earphones,1569.25,82
3995,Premium Pet Cat Food 1kg,179.24,86
3996,Roasted Coffee Espresso Beans,372.75,90
3997,Sweet Tea Hibiscus Leaves,473.74,94
3998,Light Snack Popcorn Bag,106.0,98
3999,Special Drink Juice Box,184.24,3
4000,Local Bakery Banana Bread,217.5,7
4001,Roasted Coffee Cappuccino Sticks,654.25,50
4002,Sweet Tea Jasmine Pearls,497.49,54
4003,Light Snack Trail Mix,151.99,58
4004,Special Drink Sports Drink,185.99,62
4005,Local Bakery Cinnamon Roll,177.5,66
4006,Fresh Dairy Greek Yogurt,244.49,70
4007,Classic Pantry Soy Sauce 1L,208.25,74
4008,Original Frozen Frozen Pizza,129.49,78
4009,Salted Produce Garlic Bulb,82.25,82
4010,Spicy Meat Lamb Chops,200.99,86
4011,Deluxe Bath Mouthwash,163.99,90
4012,Imported Clean Floor Wax,426.0,94
4013,Natural Office Highlighter,74.25,98
4014,Organic Tech Earphones,1572.5,3
4015,Premium Pet Cat Food 1kg,182.49,7
4016,Roasted Coffee Espresso Beans,376.0,11
4017,Sweet Tea Hibiscus Leaves,476.99,15
4018,Light Snack Popcorn Bag,109.25,19
4019,Special Drink Juice Box,187.49,23
4020,Local Bakery Banana Bread,220.75,27
4021,Roasted Coffee Cappuccino Sticks,657.5,70
4022,Sweet Tea Jasmine Pearls,500.74,74
4023,Light Snack Trail Mix,155.24,78
4024,Special Drink Sports Drink,189.24,82
4025,Local Bakery Cinnamon Roll,180.75,86
4026,Fresh Dairy Greek Yogurt,247.74,90
4027,Classic Pantry Soy Sauce 1L,211.5,94
4028,Original Frozen Frozen Pizza,132.74,98
4029,Salted Produce Garlic Bulb,85.5,3
4030,Spicy Meat Lamb Chops,204.24,7
4031,Deluxe Bath Mouthwash,167.24,11
4032,Imported Clean Floor Wax,429.25,15
4033,Natural Office Highlighter,77.5,19
4034,Organic Tech Earphones,1575.75,23
4035,Premium Pet Cat Food 1kg,185.74,27
4036,Roasted Coffee Espresso Beans,379.25,31
4037,Sweet Tea Hibiscus Leaves,480.24,35
4038,Light Snack Popcorn Bag,112.5,39
4039,Special Drink Juice Box,190.74,43
4040,Local Bakery Banana Bread,224.0,47
4041,Roasted Coffee Cappuccino Sticks,660.75,90
4042,Sweet Tea Jasmine Pearls,503.99,94
4043,Light Snack Trail Mix,158.49,98
4044,Special Drink Sports Drink,192.49,3
4045,Local Bakery Cinnamon Roll,184.0,7
4046,Fresh Dairy Greek Yogurt,250.99,11
4047,Classic Pantry Soy Sauce 1L,214.75,15
4048,Original Frozen Frozen Pizza,135.99,19
4049,Salted Produce Garlic Bulb,88.75,23
4050,Spicy Meat Lamb Chops,207.49,27
4051,Deluxe Bath Mouthwash,170.49,31
4052,Imported Clean Floor Wax,432.5,35
4053,Natural Office Highlighter,80.75,39
4054,Organic Tech Earphones,1579.0,43
4055,Premium Pet Cat Food 1kg,188.99,47
4056,Roasted Coffee Espresso Beans,382.5,51
4057,Sweet Tea Hibiscus Leaves,483.49,55
4058,Light Snack Popcorn Bag,115.75,59
4059,Special Drink Juice Box,193.99,63
4060,Local Bakery Banana Bread,204.5,67
4061,Roasted Coffee Cappuccino Sticks,641.25,11
4062,Sweet Tea Jasmine Pearls,484.49,15
4063,Light Snack Trail Mix,138.99,19
4064,Special Drink Sports Drink,172.99,23
4065,Local Bakery Cinnamon Roll,164.5,27
4066,Fresh Dairy Greek Yogurt,231.49,31
4067,Classic Pantry Soy Sauce 1L,195.25,35
4068,Original Frozen Frozen Pizza,116.49,39
4069,Salted Produce Garlic Bulb,69.25,43
4070,Spicy Meat Lamb Chops,187.99,47
4071,Deluxe Bath Mouthwash,150.99,51
4072,Imported Clean Floor Wax,413.0,55
4073,Natural Office Highlighter,61.25,59
4074,Organic Tech Earphones,1559.5,63
4075,Premium Pet Cat Food 1kg,169.49,67
4076,Roasted Coffee Espresso Beans,363.0,71
4077,Sweet Tea Hibiscus Leaves,463.99,75
4078,Light Snack Popcorn Bag,96.25,79
4079,Special Drink Juice Box,174.49,83
4080,Local Bakery Banana Bread,207.75,87
4081,Roasted Coffee Cappuccino Sticks,644.5,31
4082,Sweet Tea Jasmine Pearls,487.74,35
4083,Light Snack Trail Mix,142.24,39
4084,Special Drink Sports Drink,176.24,43
4085,Local Bakery Cinnamon Roll,167.75,47
4086,Fresh Dairy Greek Yogurt,234.74,51
4087,Classic Pantry Soy Sauce 1L,198.5,55
4088,Original Frozen Frozen Pizza,119.74,59
4089,Salted Produce Garlic Bulb,72.5,63
4090,Spicy Meat Lamb Chops,191.24,67
4091,Deluxe Bath Mouthwash,154.24,71
4092,Imported Clean Floor Wax,416.25,75
4093,Natural Office Highlighter,64.5,79
4094,Organic Tech Earphones,1562.75,83
4095,Premium Pet Cat Food 1kg,172.74,87
4096,Roasted Coffee Espresso Beans,366.25,91
4097,Sweet Tea Hibiscus Leaves,467.24,95
4098,Light Snack Popcorn Bag,99.5,99
4099,Special Drink Juice Box,177.74,4
4100,Local Bakery Banana Bread,211.0,8
4101,Roasted Coffee Cappuccino Sticks,647.75,51
4102,Sweet Tea Jasmine Pearls,490.99,55
4103,Light Snack Trail Mix,145.49,59
4104,Special Drink Sports Drink,179.49,63
4105,Local Bakery Cinnamon Roll,171.0,67
4106,Fresh Dairy Greek Yogurt,237.99,71
4107,Classic Pantry Soy Sauce 1L,201.75,75
4108,Original Frozen Frozen Pizza,122.99,79
4109,Salted Produce Garlic Bulb,75.75,83
4110,Spicy Meat Lamb Chops,194.49,87
4111,Deluxe Bath Mouthwash,157.49,91
4112,Imported Clean Floor Wax,419.5,95
4113,Natural Office Highlighter,67.75,99
4114,Organic Tech Earphones,1566.0,4
4115,Premium Pet Cat Food 1kg,175.99,8
4116,Roasted Coffee Espresso Beans,369.5,12
4117,Sweet Tea Hibiscus Leaves,470.49,16
4118,Light Snack Popcorn Bag,102.75,20
4119,Special Drink Juice Box,180.99,24
4120,Local Bakery Banana Bread,214.25,28
4121,Roasted Coffee Cappuccino Sticks,651.0,71
4122,Sweet Tea Jasmine Pearls,494.24,75
4123,Light Snack Trail Mix,148.74,79
4124,Special Drink Sports Drink,182.74,83
4125,Local Bakery Cinnamon Roll,174.25,87
4126,Fresh Dairy Greek Yogurt,241.24,91
4127,Classic Pantry Soy Sauce 1L,205.0,95
4128,Original Frozen Frozen Pizza,126.24,99
4129,Salted Produce Garlic Bulb,79.0,4
4130,Spicy Meat Lamb Chops,197.74,8
4131,Deluxe Bath Mouthwash,160.74,12
4132,Imported Clean Floor Wax,422.75,16
4133,Natural Office Highlighter,71.0,20
4134,Organic Tech Earphones,1569.25,24
4135,Premium Pet Cat Food 1kg,179.24,28
4136,Roasted Coffee Espresso Beans,372.75,32
4137,Sweet Tea Hibiscus Leaves,473.74,36
4138,Light Snack Popcorn Bag,106.0,40
4139,Special Drink Juice Box,184.24,44
4140,Local Bakery Banana Bread,217.5,48
4141,Roasted Coffee Cappuccino Sticks,654.25,91
4142,Sweet Tea Jasmine Pearls,497.49,95
4143,Light Snack Trail Mix,151.99,99
4144,Special Drink Sports Drink,185.99,4
4145,Local Bakery Cinnamon Roll,177.5,8
4146,Fresh Dairy Greek Yogurt,244.49,12
4147,Classic Pantry Soy Sauce 1L,208.25,16
4148,Original Frozen Frozen Pizza,129.49,20
4149,Salted Produce Garlic Bulb,82.25,24
4150,Spicy Meat Lamb Chops,200.99,28
4151,Deluxe Bath Mouthwash,163.99,32
4152,Imported Clean Floor Wax,426.0,36
4153,Natural Office Highlighter,74.25,40
4154,Organic Tech Earphones,1572.5,44
4155,Premium Pet Cat Food 1kg,182.49,48
4156,Roasted Coffee Espresso Beans,376.0,52
4157,Sweet Tea Hibiscus Leaves,476.99,56
4158,Light Snack Popcorn Bag,109.25,60
4159,Special Drink Juice Box,187.49,64
4160,Local Bakery Banana Bread,220.75,68
4161,Roasted Coffee Cappuccino Sticks,657.5,12
4162,Sweet Tea Jasmine Pearls,500.74,16
4163,Light Snack Trail Mix,155.24,20
4164,Special Drink Sports Drink,189.24,24
4165,Local Bakery Cinnamon Roll,180.75,28
4166,Fresh Dairy Greek Yogurt,247.74,32
4167,Classic Pantry Soy Sauce 1L,211.5,36
4168,Original Frozen Frozen Pizza,132.74,40
4169,Salted Produce Garlic Bulb,85.5,44
4170,Spicy Meat Lamb Chops,204.24,48
4171,Deluxe Bath Mouthwash,167.24,52
4172,Imported Clean Floor Wax,429.25,56
4173,Natural Office Highlighter,77.5,60
4174,Organic Tech Earphones,1575.75,64
4175,Premium Pet Cat Food 1kg,185.74,68
4176,Roasted Coffee Espresso Beans,379.25,72
4177,Sweet Tea Hibiscus Leaves,480.24,76
4178,Light Snack Popcorn Bag,112.5,80
4179,Special Drink Juice Box,190.74,84
4180,Local Bakery Banana Bread,224.0,88
4181,Roasted Coffee Cappuccino Sticks,660.75,32
4182,Sweet Tea Jasmine Pearls,503.99,36
4183,Light Snack Trail Mix,158.49,40
4184,Special Drink Sports Drink,192.49,44
4185,Local Bakery Cinnamon Roll,184.0,48
4186,Fresh Dairy Greek Yogurt,250.99,52
4187,Classic Pantry Soy Sauce 1L,214.75,56
4188,Original Frozen Frozen Pizza,135.99,60
4189,Salted Produce Garlic Bulb,88.75,64
4190,Spicy Meat Lamb Chops,207.49,68
4191,Deluxe Bath Mouthwash,170.49,72
4192,Imported Clean Floor Wax,432.5,76
4193,Natural Office Highlighter,80.75,80
4194,Organic Tech Earphones,1579.0,84
4195,Premium Pet Cat Food 1kg,188.99,88
4196,Roasted Coffee Espresso Beans,382.5,92
4197,Sweet Tea Hibiscus Leaves,483.49,96
4198,Light Snack Popcorn Bag,115.75,1
4199,Special Drink Juice Box,193.99,5
4200,Local Bakery Banana Bread,204.5,9
4201,Roasted Coffee Cappuccino Sticks,641.25,52
4202,Sweet Tea Jasmine Pearls,484.49,56
4203,Light Snack Trail Mix,138.99,60
4204,Special Drink Sports Drink,172.99,64
4205,Local Bakery Cinnamon Roll,164.5,68
4206,Fresh Dairy Greek Yogurt,231.49,72
4207,Classic Pantry Soy Sauce 1L,195.25,76
4208,Original Frozen Frozen Pizza,116.49,80
4209,Salted Produce Garlic Bulb,69.25,84
4210,Spicy Meat Lamb Chops,187.99,88
4211,Deluxe Bath Mouthwash,150.99,92
4212,Imported Clean Floor Wax,413.0,96
4213,Natural Office Highlighter,61.25,1
4214,Organic Tech Earphones,1559.5,5
4215,Premium Pet Cat Food 1kg,169.49,9
4216,Roasted Coffee Espresso Beans,363.0,13
4217,Sweet Tea Hibiscus Leaves,463.99,17
4218,Light Snack Popcorn Bag,96.25,21
4219,Special Drink Juice Box,174.49,25
4220,Local Bakery Banana Bread,207.75,29
4221,Roasted Coffee Cappuccino Sticks,644.5,72
4222,Sweet Tea Jasmine Pearls,487.74,76
4223,Light Snack Trail Mix,142.24,80
4224,Special Drink Sports Drink,176.24,84
4225,Local Bakery Cinnamon Roll,167.75,88
4226,Fresh Dairy Greek Yogurt,234.74,92
4227,Classic Pantry Soy Sauce 1L,198.5,96
4228,Original Frozen Frozen Pizza,119.74,1
4229,Salted Produce Garlic Bulb,72.5,5
4230,Spicy Meat Lamb Chops,191.24,9
4231,Deluxe Bath Mouthwash,154.24,13
4232,Imported Clean Floor Wax,416.25,17
4233,Natural Office Highlighter,64.5,21
4234,Organic Tech Earphones,1562.75,25
4235,Premium Pet Cat Food 1kg,172.74,29
4236,Roasted Coffee Espresso Beans,366.25,33
4237,Sweet Tea Hibiscus Leaves,467.24,37
4238,Light Snack Popcorn Bag,99.5,41
4239,Special Drink Juice Box,177.74,45
4240,Local Bakery Banana Bread,211.0,49
4241,Roasted Coffee Cappuccino Sticks,647.75,92
4242,Sweet Tea Jasmine Pearls,490.99,96
4243,Light Snack Trail Mix,145.49,1
4244,Special Drink Sports Drink,179.49,5
4245,Local Bakery Cinnamon Roll,171.0,9
4246,Fresh Dairy Greek Yogurt,237.99,13
4247,Classic Pantry Soy Sauce 1L,201.75,17
4248,Original Frozen Frozen Pizza,122.99,21
4249,Salted Produce Garlic Bulb,75.75,25
4250,Spicy Meat Lamb Chops,194.49,29
4251,Deluxe Bath Mouthwash,157.49,33
4252,Imported Clean Floor Wax,419.5,37
4253,Natural Office Highlighter,67.75,41
4254,Organic Tech Earphones,1566.0,45
4255,Premium Pet Cat Food 1kg,175.99,49
4256,Roasted Coffee Espresso Beans,369.5,53
4257,Sweet Tea Hibiscus Leaves,470.49,57
4258,Light Snack Popcorn Bag,102.75,61
4259,Special Drink Juice Box,180.99,65
4260,Local Bakery Banana Bread,214.25,69
4261,Roasted Coffee Cappuccino Sticks,651.0,13
4262,Sweet Tea Jasmine Pearls,494.24,17
4263,Light Snack Trail Mix,148.74,21
4264,Special Drink Sports Drink,182.74,25
4265,Local Bakery Cinnamon Roll,174.25,29
4266,Fresh Dairy Greek Yogurt,241.24,33
4267,Classic Pantry Soy Sauce 1L,205.0,37
4268,Original Frozen Frozen Pizza,126.24,41
4269,Salted Produce Garlic Bulb,79.0,45
4270,Spicy Meat Lamb Chops,197.74,49
4271,Deluxe Bath Mouthwash,160.74,53
4272,Imported Clean Floor Wax,422.75,57
4273,Natural Office Highlighter,71.0,61
4274,Organic Tech Earphones,1569.25,65
4275,Premium Pet Cat Food 1kg,179.24,69
4276,Roasted Coffee Espresso Beans,372.75,73
4277,Sweet Tea Hibiscus Leaves,473.74,77
4278,Light Snack Popcorn Bag,106.0,81
4279,Special Drink Juice Box,184.24,85
4280,Local Bakery Banana Bread,217.5,89
4281,Roasted Coffee Cappuccino Sticks,654.25,33
4282,Sweet Tea Jasmine Pearls,497.49,37
4283,Light Snack Trail Mix,151.99,41
4284,Special Drink Sports Drink,185.99,45
4285,Local Bakery Cinnamon Roll,177.5,49
4286,Fresh Dairy Greek Yogurt,244.49,53
4287,Classic Pantry Soy Sauce 1L,208.25,57
4288,Original Frozen Frozen Pizza,129.49,61
4289,Salted Produce Garlic Bulb,82.25,65
4290,Spicy Meat Lamb Chops,200.99,69
4291,Deluxe Bath Mouthwash,163.99,73
4292,Imported Clean Floor Wax,426.0,77
4293,Natural Office Highlighter,74.25,81
4294,Organic Tech Earphones,1572.5,85
4295,Premium Pet Cat Food 1kg,182.49,89
4296,Roasted Coffee Espresso Beans,376.0,93
4297,Sweet Tea Hibiscus Leaves,476.99,97
4298,Light Snack Popcorn Bag,109.25,2
4299,Special Drink Juice Box,187.49,6
4300,Local Bakery Banana Bread,220.75,10
4301,Roasted Coffee Cappuccino Sticks,657.5,53
4302,Sweet Tea Jasmine Pearls,500.74,57
4303,Light Snack Trail Mix,155.24,61
4304,Special Drink Sports Drink,189.24,65
4305,Local Bakery Cinnamon Roll,180.75,69
4306,Fresh Dairy Greek Yogurt,247.74,73
4307,Classic Pantry Soy Sauce 1L,211.5,77
4308,Original Frozen Frozen Pizza,132.74,81
4309,Salted Produce Garlic Bulb,85.5,85
4310,Spicy Meat Lamb Chops,204.24,89
4311,Deluxe Bath Mouthwash,167.24,93
4312,Imported Clean Floor Wax,429.25,97
4313,Natural Office Highlighter,77.5,2
4314,Organic Tech Earphones,1575.75,6
4315,Premium Pet Cat Food 1kg,185.74,10
4316,Roasted Coffee Espresso Beans,379.25,14
4317,Sweet Tea Hibiscus Leaves,480.24,18
4318,Light Snack Popcorn Bag,112.5,22
4319,Special Drink Juice Box,190.74,26
4320,Local Bakery Banana Bread,224.0,30
4321,Roasted Coffee Cappuccino Sticks,660.75,73
4322,Sweet Tea Jasmine Pearls,503.99,77
4323,Light Snack Trail Mix,158.49,81
4324,Special Drink Sports Drink,192.49,85
4325,Local Bakery Cinnamon Roll,184.0,89
4326,Fresh Dairy Greek Yogurt,250.99,93
4327,Classic Pantry Soy Sauce 1L,214.75,97
4328,Original Frozen Frozen Pizza,135.99,2
4329,Salted Produce Garlic Bulb,88.75,6
4330,Spicy Meat Lamb Chops,207.49,10
4331,Deluxe Bath Mouthwash,170.49,14
4332,Imported Clean Floor Wax,432.5,18
4333,Natural Office Highlighter,80.75,22
4334,Organic Tech Earphones,1579.0,26
4335,Premium Pet Cat Food 1kg,188.99,30
4336,Roasted Coffee Espresso Beans,382.5,34
4337,Sweet Tea Hibiscus Leaves,483.49,38
4338,Light Snack Popcorn Bag,115.75,42
4339,Special Drink Juice Box,193.99,46
4340,Local Bakery Banana Bread,204.5,50
4341,Roasted Coffee Cappuccino Sticks,641.25,93
4342,Sweet Tea Jasmine Pearls,484.49,97
4343,Light Snack Trail Mix,138.99,2
4344,Special Drink Sports Drink,172.99,6
4345,Local Bakery Cinnamon Roll,164.5,10
4346,Fresh Dairy Greek Yogurt,231.49,14
4347,Classic Pantry Soy Sauce 1L,195.25,18
4348,Original Frozen Frozen Pizza,116.49,22
4349,Salted Produce Garlic Bulb,69.25,26
4350,Spicy Meat Lamb Chops,187.99,30
4351,Deluxe Bath Mouthwash,150.99,34
4352,Imported Clean Floor Wax,413.0,38
4353,Natural Office Highlighter,61.25,42
4354,Organic Tech Earphones,1559.5,46
4355,Premium Pet Cat Food 1kg,169.49,50
4356,Roasted Coffee Espresso Beans,363.0,54
4357,Sweet Tea Hibiscus Leaves,463.99,58
4358,Light Snack Popcorn Bag,96.25,62
4359,Special Drink Juice Box,174.49,66
4360,Local Bakery Banana Bread,207.75,70
4361,Roasted Coffee Cappuccino Sticks,644.5,14
4362,Sweet Tea Jasmine Pearls,487.74,18
4363,Light Snack Trail Mix,142.24,22
4364,Special Drink Sports Drink,176.24,26
4365,Local Bakery Cinnamon Roll,167.75,30
4366,Fresh Dairy Greek Yogurt,234.74,34
4367,Classic Pantry Soy Sauce 1L,198.5,38
4368,Original Frozen Frozen Pizza,119.74,42
4369,Salted Produce Garlic Bulb,72.5,46
4370,Spicy Meat Lamb Chops,191.24,50
4371,Deluxe Bath Mouthwash,154.24,54
4372,Imported Clean Floor Wax,416.25,58
4373,Natural Office Highlighter,64.5,62
4374,Organic Tech Earphones,1562.75,66
4375,Premium Pet Cat Food 1kg,172.74,70
4376,Roasted Coffee Espresso Beans,366.25,74
4377,Sweet Tea Hibiscus Leaves,467.24,78
4378,Light Snack Popcorn Bag,99.5,82
4379,Special Drink Juice Box,177.74,86
4380,Local Bakery Banana Bread,211.0,90
4381,Roasted Coffee Cappuccino Sticks,647.75,34
4382,Sweet Tea Jasmine Pearls,490.99,38
4383,Light Snack Trail Mix,145.49,42
4384,Special Drink Sports Drink,179.49,46
4385,Local Bakery Cinnamon Roll,171.0,50
4386,Fresh Dairy Greek Yogurt,237.99,54
4387,Classic Pantry Soy Sauce 1L,201.75,58
4388,Original Frozen Frozen Pizza,122.99,62
4389,Salted Produce Garlic Bulb,75.75,66
4390,Spicy Meat Lamb Chops,194.49,70
4391,Deluxe Bath Mouthwash,157.49,74
4392,Imported Clean Floor Wax,419.5,78
4393,Natural Office Highlighter,67.75,82
4394,Organic Tech Earphones,1566.0,86
4395,Premium Pet Cat Food 1kg,175.99,90
4396,Roasted Coffee Espresso Beans,369.5,94
4397,Sweet Tea Hibiscus Leaves,470.49,98
4398,Light Snack Popcorn Bag,102.75,3
4399,Special Drink Juice Box,180.99,7
4400,Local Bakery Banana Bread,214.25,11
4401,Roasted Coffee Cappuccino Sticks,651.0,54
4402,Sweet Tea Jasmine Pearls,494.24,58
4403,Light Snack Trail Mix,148.74,62
4404,Special Drink Sports Drink,182.74,66
4405,Local Bakery Cinnamon Roll,174.25,70
4406,Fresh Dairy Greek Yogurt,241.24,74
4407,Classic Pantry Soy Sauce 1L,205.0,78
4408,Original Frozen Frozen Pizza,126.24,82
4409,Salted Produce Garlic Bulb,79.0,86
4410,Spicy Meat Lamb Chops,197.74,90
4411,Deluxe Bath Mouthwash,160.74,94
4412,Imported Clean Floor Wax,422.75,98
4413,Natural Office Highlighter,71.0,3
4414,Organic Tech Earphones,1569.25,7
4415,Premium Pet Cat Food 1kg,179.24,11
4416,Roasted Coffee Espresso Beans,372.75,15
4417,Sweet Tea Hibiscus Leaves,473.74,19
4418,Light Snack Popcorn Bag,106.0,23
4419,Special Drink Juice Box,184.24,27
4420,Local Bakery Banana Bread,217.5,31
4421,Roasted Coffee Cappuccino Sticks,654.25,74
4422,Sweet Tea Jasmine Pearls,497.49,78
4423,Light Snack Trail Mix,151.99,82
4424,Special Drink Sports Drink,185.99,86
4425,Local Bakery Cinnamon Roll,177.5,90
4426,Fresh Dairy Greek Yogurt,244.49,94
4427,Classic Pantry Soy Sauce 1L,208.25,98
4428,Original Frozen Frozen Pizza,129.49,3
4429,Salted Produce Garlic Bulb,82.25,7
4430,Spicy Meat Lamb Chops,200.99,11
4431,Deluxe Bath Mouthwash,163.99,15
4432,Imported Clean Floor Wax,426.0,19
4433,Natural Office Highlighter,74.25,23
4434,Organic Tech Earphones,1572.5,27
4435,Premium Pet Cat Food 1kg,182.49,31
4436,Roasted Coffee Espresso Beans,376.0,35
4437,Sweet Tea Hibiscus Leaves,476.99,39
4438,Light Snack Popcorn Bag,109.25,43
4439,Special Drink Juice Box,187.49,47
4440,Local Bakery Banana Bread,220.75,51
4441,Roasted Coffee Cappuccino Sticks,657.5,94
4442,Sweet Tea Jasmine Pearls,500.74,98
4443,Light Snack Trail Mix,155.24,3
4444,Special Drink Sports Drink,189.24,7
4445,Local Bakery Cinnamon Roll,180.75,11
4446,Fresh Dairy Greek Yogurt,247.74,15
4447,Classic Pantry Soy Sauce 1L,211.5,19
4448,Original Frozen Frozen Pizza,132.74,23
4449,Salted Produce Garlic Bulb,85.5,27
4450,Spicy Meat Lamb Chops,204.24,31
4451,Deluxe Bath Mouthwash,167.24,35
4452,Imported Clean Floor Wax,429.25,39
4453,Natural Office Highlighter,77.5,43
4454,Organic Tech Earphones,1575.75,47
4455,Premium Pet Cat Food 1kg,185.74,51
4456,Roasted Coffee Espresso Beans,379.25,55
4457,Sweet Tea Hibiscus Leaves,480.24,59
4458,Light Snack Popcorn Bag,112.5,63
4459,Special Drink Juice Box,190.74,67
4460,Local Bakery Banana Bread,224.0,71
4461,Roasted Coffee Cappuccino Sticks,660.75,15
4462,Sweet Tea Jasmine Pearls,503.99,19
4463,Light Snack Trail Mix,158.49,23
4464,Special Drink Sports Drink,192.49,27
4465,Local Bakery Cinnamon Roll,184.0,31
4466,Fresh Dairy Greek Yogurt,250.99,35
4467,Classic Pantry Soy Sauce 1L,214.75,39
4468,Original Frozen Frozen Pizza,135.99,43
4469,Salted Produce Garlic Bulb,88.75,47
4470,Spicy Meat Lamb Chops,207.49,51
4471,Deluxe Bath Mouthwash,170.49,55
4472,Imported Clean Floor Wax,432.5,59
4473,Natural Office Highlighter,80.75,63
4474,Organic Tech Earphones,1579.0,67
4475,Premium Pet Cat Food 1kg,188.99,71
4476,Roasted Coffee Espresso Beans,382.5,75
4477,Sweet Tea Hibiscus Leaves,483.49,79
4478,Light Snack Popcorn Bag,115.75,83
4479,Special Drink Juice Box,193.99,87
4480,Local Bakery Banana Bread,204.5,91
4481,Roasted Coffee Cappuccino Sticks,641.25,35
4482,Sweet Tea Jasmine Pearls,484.49,39
4483,Light Snack Trail Mix,138.99,43
4484,Special Drink Sports Drink,172.99,47
4485,Local Bakery Cinnamon Roll,164.5,51
4486,Fresh Dairy Greek Yogurt,231.49,55
4487,Classic Pantry Soy Sauce 1L,195.25,59
4488,Original Frozen Frozen Pizza,116.49,63
4489,Salted Produce Garlic Bulb,69.25,67
4490,Spicy Meat Lamb Chops,187.99,71
4491,Deluxe Bath Mouthwash,150.99,75
4492,Imported Clean Floor Wax,413.0,79
4493,Natural Office Highlighter,61.25,83
4494,Organic Tech Earphones,1559.5,87
4495,Premium Pet Cat Food 1kg,169.49,91
4496,Roasted Coffee Espresso Beans,363.0,95
4497,Sweet Tea Hibiscus Leaves,463.99,99
4498,Light Snack Popcorn Bag,96.25,4
4499,Special Drink Juice Box,174.49,8
4500,Local Bakery Banana Bread,207.75,12
4501,Roasted Coffee Cappuccino Sticks,644.5,55
4502,Sweet Tea Jasmine Pearls,487.74,59
4503,Light Snack Trail Mix,142.24,63
4504,Special Drink Sports Drink,176.24,67
4505,Local Bakery Cinnamon Roll,167.75,71
4506,Fresh Dairy Greek Yogurt,234.74,75
4507,Classic Pantry Soy Sauce 1L,198.5,79
4508,Original Frozen Frozen Pizza,119.74,83
4509,Salted Produce Garlic Bulb,72.5,87
4510,Spicy Meat Lamb Chops,191.24,91
4511,Deluxe Bath Mouthwash,154.24,95
4512,Imported Clean Floor Wax,416.25,99
4513,Natural Office Highlighter,64.5,4
4514,Organic Tech Earphones,1562.75,8
4515,Premium Pet Cat Food 1kg,172.74,12
4516,Roasted Coffee Espresso Beans,366.25,16
4517,Sweet Tea Hibiscus Leaves,467.24,20
4518,Light Snack Popcorn Bag,99.5,24
4519,Special Drink Juice Box,177.74,28
4520,Local Bakery Banana Bread,211.0,32
4521,Roasted Coffee Cappuccino Sticks,647.75,75
4522,Sweet Tea Jasmine Pearls,490.99,79
4523,Light Snack Trail Mix,145.49,83
4524,Special Drink Sports Drink,179.49,87
4525,Local Bakery Cinnamon Roll,171.0,91
4526,Fresh Dairy Greek Yogurt,237.99,95
4527,Classic Pantry Soy Sauce 1L,201.75,99
4528,Original Frozen Frozen Pizza,122.99,4
4529,Salted Produce Garlic Bulb,75.75,8
4530,Spicy Meat Lamb Chops,194.49,12
4531,Deluxe Bath Mouthwash,157.49,16
4532,Imported Clean Floor Wax,419.5,20
4533,Natural Office Highlighter,67.75,24
4534,Organic Tech Earphones,1566.0,28
4535,Premium Pet Cat Food 1kg,175.99,32
4536,Roasted Coffee Espresso Beans,369.5,36
4537,Sweet Tea Hibiscus Leaves,470.49,40
4538,Light Snack Popcorn Bag,102.75,44
4539,Special Drink Juice Box,180.99,48
4540,Local Bakery Banana Bread,214.25,52
4541,Roasted Coffee Cappuccino Sticks,651.0,95
4542,Sweet Tea Jasmine Pearls,494.24,99
4543,Light Snack Trail Mix,148.74,4
4544,Special Drink Sports Drink,182.74,8
4545,Local Bakery Cinnamon Roll,174.25,12
4546,Fresh Dairy Greek Yogurt,241.24,16
4547,Classic Pantry Soy Sauce 1L,205.0,20
4548,Original Frozen Frozen Pizza,126.24,24
4549,Salted Produce Garlic Bulb,79.0,28
4550,Spicy Meat Lamb Chops,197.74,32
4551,Deluxe Bath Mouthwash,160.74,36
4552,Imported Clean Floor Wax,422.75,40
4553,Natural Office Highlighter,71.0,44
4554,Organic Tech Earphones,1569.25,48
4555,Premium Pet Cat Food 1kg,179.24,52
4556,Roasted Coffee Espresso Beans,372.75,56
4557,Sweet Tea Hibiscus Leaves,473.74,60
4558,Light Snack Popcorn Bag,106.0,64
4559,Special Drink Juice Box,184.24,68
4560,Local Bakery Banana Bread,217.5,72
4561,Roasted Coffee Cappuccino Sticks,654.25,16
4562,Sweet Tea Jasmine Pearls,497.49,20
4563,Light Snack Trail Mix,151.99,24
4564,Special Drink Sports Drink,185.99,28
4565,Local Bakery Cinnamon Roll,177.5,32
4566,Fresh Dairy Greek Yogurt,244.49,36
4567,Classic Pantry Soy Sauce 1L,208.25,40
4568,Original Frozen Frozen Pizza,129.49,44
4569,Salted Produce Garlic Bulb,82.25,48
4570,Spicy Meat Lamb Chops,200.99,52
4571,Deluxe Bath Mouthwash,163.99,56
4572,Imported Clean Floor Wax,426.0,60
4573,Natural Office Highlighter,74.25,64
4574,Organic Tech Earphones,1572.5,68
4575,Premium Pet Cat Food 1kg,182.49,72
4576,Roasted Coffee Espresso Beans,376.0,76
4577,Sweet Tea Hibiscus Leaves,476.99,80
4578,Light Snack Popcorn Bag,109.25,84
4579,Special Drink Juice Box,187.49,88
4580,Local Bakery Banana Bread,220.75,92
4581,Roasted Coffee Cappuccino Sticks,657.5,36
4582,Sweet Tea Jasmine Pearls,500.74,40
4583,Light Snack Trail Mix,155.24,44
4584,Special Drink Sports Drink,189.24,48
4585,Local Bakery Cinnamon Roll,180.75,52
4586,Fresh Dairy Greek Yogurt,247.74,56
4587,Classic Pantry Soy Sauce 1L,211.5,60
4588,Original Frozen Frozen Pizza,132.74,64
4589,Salted Produce Garlic Bulb,85.5,68
4590,Spicy Meat Lamb Chops,204.24,72
4591,Deluxe Bath Mouthwash,167.24,76
4592,Imported Clean Floor Wax,429.25,80
4593,Natural Office Highlighter,77.5,84
4594,Organic Tech Earphones,1575.75,88
4595,Premium Pet Cat Food 1kg,185.74,92
4596,Roasted Coffee Espresso Beans,379.25,96
4597,Sweet Tea Hibiscus Leaves,480.24,1
4598,Light Snack Popcorn Bag,112.5,5
4599,Special Drink Juice Box,190.74,9
4600,Local Bakery Banana Bread,224.0,13
4601,Roasted Coffee Cappuccino Sticks,660.75,56
4602,Sweet Tea Jasmine Pearls,503.99,60
4603,Light Snack Trail Mix,158.49,64
4604,Special Drink Sports Drink,192.49,68
4605,Local Bakery Cinnamon Roll,184.0,72
4606,Fresh Dairy Greek Yogurt,250.99,76
4607,Classic Pantry Soy Sauce 1L,214.75,80
4608,Original Frozen Frozen Pizza,135.99,84
4609,Salted Produce Garlic Bulb,88.75,88
4610,Spicy Meat Lamb Chops,207.49,92
4611,Deluxe Bath Mouthwash,170.49,96
4612,Imported Clean Floor Wax,432.5,1
4613,Natural Office Highlighter,80.75,5
4614,Organic Tech Earphones,1579.0,9
4615,Premium Pet Cat Food 1kg,188.99,13
4616,Roasted Coffee Espresso Beans,382.5,17
4617,Sweet Tea Hibiscus Leaves,483.49,21
4618,Light Snack Popcorn Bag,115.75,25
4619,Special Drink Juice Box,193.99,29
4620,Local Bakery Banana Bread,204.5,33
4621,Roasted Coffee Cappuccino Sticks,641.25,76
4622,Sweet Tea Jasmine Pearls,484.49,80
4623,Light Snack Trail Mix,138.99,84
4624,Special Drink Sports Drink,172.99,88
4625,Local Bakery Cinnamon Roll,164.5,92
4626,Fresh Dairy Greek Yogurt,231.49,96
4627,Classic Pantry Soy Sauce 1L,195.25,1
4628,Original Frozen Frozen Pizza,116.49,5
4629,Salted Produce Garlic Bulb,69.25,9
4630,Spicy Meat Lamb Chops,187.99,13
4631,Deluxe Bath Mouthwash,150.99,17
4632,Imported Clean Floor Wax,413.0,21
4633,Natural Office Highlighter,61.25,25
4634,Organic Tech Earphones,1559.5,29
4635,Premium Pet Cat Food 1kg,169.49,33
4636,Roasted Coffee Espresso Beans,363.0,37
4637,Sweet Tea Hibiscus Leaves,463.99,41
4638,Light Snack Popcorn Bag,96.25,45
4639,Special Drink Juice Box,174.49,49
4640,Local Bakery Banana Bread,207.75,53
4641,Roasted Coffee Cappuccino Sticks,644.5,96
4642,Sweet Tea Jasmine Pearls,487.74,1
4643,Light Snack Trail Mix,142.24,5
4644,Special Drink Sports Drink,176.24,9
4645,Local Bakery Cinnamon Roll,167.75,13
4646,Fresh Dairy Greek Yogurt,234.74,17
4647,Classic Pantry Soy Sauce 1L,198.5,21
4648,Original Frozen Frozen Pizza,119.74,25
4649,Salted Produce Garlic Bulb,72.5,29
4650,Spicy Meat Lamb Chops,191.24,33
4651,Deluxe Bath Mouthwash,154.24,37
4652,Imported Clean Floor Wax,416.25,41
4653,Natural Office Highlighter,64.5,45
4654,Organic Tech Earphones,1562.75,49
4655,Premium Pet Cat Food 1kg,172.74,53
4656,Roasted Coffee Espresso Beans,366.25,57
4657,Sweet Tea Hibiscus Leaves,467.24,61
4658,Light Snack Popcorn Bag,99.5,65
4659,Special Drink Juice Box,177.74,69
4660,Local Bakery Banana Bread,211.0,73
4661,Roasted Coffee Cappuccino Sticks,647.75,17
4662,Sweet Tea Jasmine Pearls,490.99,21
4663,Light Snack Trail Mix,145.49,25
4664,Special Drink Sports Drink,179.49,29
4665,Local Bakery Cinnamon Roll,171.0,33
4666,Fresh Dairy Greek Yogurt,237.99,37
4667,Classic Pantry Soy Sauce 1L,201.75,41
4668,Original Frozen Frozen Pizza,122.99,45
4669,Salted Produce Garlic Bulb,75.75,49
4670,Spicy Meat Lamb Chops,194.49,53
4671,Deluxe Bath Mouthwash,157.49,57
4672,Imported Clean Floor Wax,419.5,61
4673,Natural Office Highlighter,67.75,65
4674,Organic Tech Earphones,1566.0,69
4675,Premium Pet Cat Food 1kg,175.99,73
4676,Roasted Coffee Espresso Beans,369.5,77
4677,Sweet Tea Hibiscus Leaves,470.49,81
4678,Light Snack Popcorn Bag,102.75,85
4679,Special Drink Juice Box,180.99,89
4680,Local Bakery Banana Bread,214.25,93
4681,Roasted Coffee Cappuccino Sticks,651.0,37
4682,Sweet Tea Jasmine Pearls,494.24,41
4683,Light Snack Trail Mix,148.74,45
4684,Special Drink Sports Drink,182.74,49
4685,Local Bakery Cinnamon Roll,174.25,53
4686,Fresh Dairy Greek Yogurt,241.24,57
4687,Classic Pantry Soy Sauce 1L,205.0,61
4688,Original Frozen Frozen Pizza,126.24,65
4689,Salted Produce Garlic Bulb,79.0,69
4690,Spicy Meat Lamb Chops,197.74,73
4691,Deluxe Bath Mouthwash,160.74,77
4692,Imported Clean Floor Wax,422.75,81
4693,Natural Office Highlighter,71.0,85
4694,Organic Tech Earphones,1569.25,89
4695,Premium Pet Cat Food 1kg,179.24,93
4696,Roasted Coffee Espresso Beans,372.75,97
4697,Sweet Tea Hibiscus Leaves,473.74,2
4698,Light Snack Popcorn Bag,106.0,6
4699,Special Drink Juice Box,184.24,10
4700,Local Bakery Banana Bread,217.5,14
4701,Roasted Coffee Cappuccino Sticks,654.25,57
4702,Sweet Tea Jasmine Pearls,497.49,61
4703,Light Snack Trail Mix,151.99,65
4704,Special Drink Sports Drink,185.99,69
4705,Local Bakery Cinnamon Roll,177.5,73
4706,Fresh Dairy Greek Yogurt,244.49,77
4707,Classic Pantry Soy Sauce 1L,208.25,81
4708,Original Frozen Frozen Pizza,129.49,85
4709,Salted Produce Garlic Bulb,82.25,89
4710,Spicy Meat Lamb Chops,200.99,93
4711,Deluxe Bath Mouthwash,163.99,97
4712,Imported Clean Floor Wax,426.0,2
4713,Natural Office Highlighter,74.25,6
4714,Organic Tech Earphones,1572.5,10
4715,Premium Pet Cat Food 1kg,182.49,14
4716,Roasted Coffee Espresso Beans,376.0,18
4717,Sweet Tea Hibiscus Leaves,476.99,22
4718,Light Snack Popcorn Bag,109.25,26
4719,Special Drink Juice Box,187.49,30
4720,Local Bakery Banana Bread,220.75,34
4721,Roasted Coffee Cappuccino Sticks,657.5,77
4722,Sweet Tea Jasmine Pearls,500.74,81
4723,Light Snack Trail Mix,155.24,85
4724,Special Drink Sports Drink,189.24,89
4725,Local Bakery Cinnamon Roll,180.75,93
4726,Fresh Dairy Greek Yogurt,247.74,97
4727,Classic Pantry Soy Sauce 1L,211.5,2
4728,Original Frozen Frozen Pizza,132.74,6
4729,Salted Produce Garlic Bulb,85.5,10
4730,Spicy Meat Lamb Chops,204.24,14
4731,Deluxe Bath Mouthwash,167.24,18
4732,Imported Clean Floor Wax,429.25,22
4733,Natural Office Highlighter,77.5,26
4734,Organic Tech Earphones,1575.75,30
4735,Premium Pet Cat Food 1kg,185.74,34
4736,Roasted Coffee Espresso Beans,379.25,38
4737,Sweet Tea Hibiscus Leaves,480.24,42
4738,Light Snack Popcorn Bag,112.5,46
4739,Special Drink Juice Box,190.74,50
4740,Local Bakery Banana Bread,224.0,54
4741,Roasted Coffee Cappuccino Sticks,660.75,97
4742,Sweet Tea Jasmine Pearls,503.99,2
4743,Light Snack Trail Mix,158.49,6
4744,Special Drink Sports Drink,192.49,10
4745,Local Bakery Cinnamon Roll,184.0,14
4746,Fresh Dairy Greek Yogurt,250.99,18
4747,Classic Pantry Soy Sauce 1L,214.75,22
4748,Original Frozen Frozen Pizza,135.99,26
4749,Salted Produce Garlic Bulb,88.75,30
4750,Spicy Meat Lamb Chops,207.49,34
4751,Deluxe Bath Mouthwash,170.49,38
4752,Imported Clean Floor Wax,432.5,42
4753,Natural Office Highlighter,80.75,46
4754,Organic Tech Earphones,1579.0,50
4755,Premium Pet Cat Food 1kg,188.99,54
4756,Roasted Coffee Espresso Beans,382.5,58
4757,Sweet Tea Hibiscus Leaves,483.49,62
4758,Light Snack Popcorn Bag,115.75,66
4759,Special Drink Juice Box,193.99,70
4760,Local Bakery Banana Bread,204.5,74
4761,Roasted Coffee Cappuccino Sticks,641.25,18
4762,Sweet Tea Jasmine Pearls,484.49,22
4763,Light Snack Trail Mix,138.99,26
4764,Special Drink Sports Drink,172.99,30
4765,Local Bakery Cinnamon Roll,164.5,34
4766,Fresh Dairy Greek Yogurt,231.49,38
4767,Classic Pantry Soy Sauce 1L,195.25,42
4768,Original Frozen Frozen Pizza,116.49,46
4769,Salted Produce Garlic Bulb,69.25,50
4770,Spicy Meat Lamb Chops,187.99,54
4771,Deluxe Bath Mouthwash,150.99,58
4772,Imported Clean Floor Wax,413.0,62
4773,Natural Office Highlighter,61.25,66
4774,Organic Tech Earphones,1559.5,70
4775,Premium Pet Cat Food 1kg,169.49,74
4776,Roasted Coffee Espresso Beans,363.0,78
4777,Sweet Tea Hibiscus Leaves,463.99,82
4778,Light Snack Popcorn Bag,96.25,86
4779,Special Drink Juice Box,174.49,90
4780,Local Bakery Banana Bread,207.75,94
4781,Roasted Coffee Cappuccino Sticks,644.5,38
4782,Sweet Tea Jasmine Pearls,487.74,42
4783,Light Snack Trail Mix,142.24,46
4784,Special Drink Sports Drink,176.24,50
4785,Local Bakery Cinnamon Roll,167.75,54
4786,Fresh Dairy Greek Yogurt,234.74,58
4787,Classic Pantry Soy Sauce 1L,198.5,62
4788,Original Frozen Frozen Pizza,119.74,66
4789,Salted Produce Garlic Bulb,72.5,70
4790,Spicy Meat Lamb Chops,191.24,74
4791,Deluxe Bath Mouthwash,154.24,78
4792,Imported Clean Floor Wax,416.25,82
4793,Natural Office Highlighter,64.5,86
4794,Organic Tech Earphones,1562.75,90
4795,Premium Pet Cat Food 1kg,172.74,94
4796,Roasted Coffee Espresso Beans,366.25,98
4797,Sweet Tea Hibiscus Leaves,467.24,3
4798,Light Snack Popcorn Bag,99.5,7
4799,Special Drink Juice Box,177.74,11
4800,Local Bakery Banana Bread,211.0,15
4801,Roasted Coffee Cappuccino Sticks,647.75,58
4802,Sweet Tea Jasmine Pearls,490.99,62
4803,Light Snack Trail Mix,145.49,66
4804,Special Drink Sports Drink,179.49,70
4805,Local Bakery Cinnamon Roll,171.0,74
4806,Fresh Dairy Greek Yogurt,237.99,78
4807,Classic Pantry Soy Sauce 1L,201.75,82
4808,Original Frozen Frozen Pizza,122.99,86
4809,Salted Produce Garlic Bulb,75.75,90
4810,Spicy Meat Lamb Chops,194.49,94
4811,Deluxe Bath Mouthwash,157.49,98
4812,Imported Clean Floor Wax,419.5,3
4813,Natural Office Highlighter,67.75,7
4814,Organic Tech Earphones,1566.0,11
4815,Premium Pet Cat Food 1kg,175.99,15
4816,Roasted Coffee Espresso Beans,369.5,19
4817,Sweet Tea Hibiscus Leaves,470.49,23
4818,Light Snack Popcorn Bag,102.75,27
4819,Special Drink Juice Box,180.99,31
4820,Local Bakery Banana Bread,214.25,35
4821,Roasted Coffee Cappuccino Sticks,651.0,78
4822,Sweet Tea Jasmine Pearls,494.24,82
4823,Light Snack Trail Mix,148.74,86
4824,Special Drink Sports Drink,182.74,90
4825,Local Bakery Cinnamon Roll,174.25,94
4826,Fresh Dairy Greek Yogurt,241.24,98
4827,Classic Pantry Soy Sauce 1L,205.0,3
4828,Original Frozen Frozen Pizza,126.24,7
4829,Salted Produce Garlic Bulb,79.0,11
4830,Spicy Meat Lamb Chops,197.74,15
4831,Deluxe Bath Mouthwash,160.74,19
4832,Imported Clean Floor Wax,422.75,23
4833,Natural Office Highlighter,71.0,27
4834,Organic Tech Earphones,1569.25,31
4835,Premium Pet Cat Food 1kg,179.24,35
4836,Roasted Coffee Espresso Beans,372.75,39
4837,Sweet Tea Hibiscus Leaves,473.74,43
4838,Light Snack Popcorn Bag,106.0,47
4839,Special Drink Juice Box,184.24,51
4840,Local Bakery Banana Bread,217.5,55
4841,Roasted Coffee Cappuccino Sticks,654.25,98
4842,Sweet Tea Jasmine Pearls,497.49,3
4843,Light Snack Trail Mix,151.99,7
4844,Special Drink Sports Drink,185.99,11
4845,Local Bakery Cinnamon Roll,177.5,15
4846,Fresh Dairy Greek Yogurt,244.49,19
4847,Classic Pantry Soy Sauce 1L,208.25,23
4848,Original Frozen Frozen Pizza,129.49,27
4849,Salted Produce Garlic Bulb,82.25,31
4850,Spicy Meat Lamb Chops,200.99,35
4851,Deluxe Bath Mouthwash,163.99,39
4852,Imported Clean Floor Wax,426.0,43
4853,Natural Office Highlighter,74.25,47
4854,Organic Tech Earphones,1572.5,51
4855,Premium Pet Cat Food 1kg,182.49,55
4856,Roasted Coffee Espresso Beans,376.0,59
4857,Sweet Tea Hibiscus Leaves,476.99,63
4858,Light Snack Popcorn Bag,109.25,67
4859,Special Drink Juice Box,187.49,71
4860,Local Bakery Banana Bread,220.75,75
4861,Roasted Coffee Cappuccino Sticks,657.5,19
4862,Sweet Tea Jasmine Pearls,500.74,23
4863,Light Snack Trail Mix,155.24,27
4864,Special Drink Sports Drink,189.24,31
4865,Local Bakery Cinnamon Roll,180.75,35
4866,Fresh Dairy Greek Yogurt,247.74,39
4867,Classic Pantry Soy Sauce 1L,211.5,43
4868,Original Frozen Frozen Pizza,132.74,47
4869,Salted Produce Garlic Bulb,85.5,51
4870,Spicy Meat Lamb Chops,204.24,55
4871,Deluxe Bath Mouthwash,167.24,59
4872,Imported Clean Floor Wax,429.25,63
4873,Natural Office Highlighter,77.5,67
4874,Organic Tech Earphones,1575.75,71
4875,Premium Pet Cat Food 1kg,185.74,75
4876,Roasted Coffee Espresso Beans,379.25,79
4877,Sweet Tea Hibiscus Leaves,480.24,83
4878,Light Snack Popcorn Bag,112.5,87
4879,Special Drink Juice Box,190.74,91
4880,Local Bakery Banana Bread,224.0,95
4881,Roasted Coffee Cappuccino Sticks,660.75,39
4882,Sweet Tea Jasmine Pearls,503.99,43
4883,Light Snack Trail Mix,158.49,47
4884,Special Drink Sports Drink,192.49,51
4885,Local Bakery Cinnamon Roll,184.0,55
4886,Fresh Dairy Greek Yogurt,250.99,59
4887,Classic Pantry Soy Sauce 1L,214.75,63
4888,Original Frozen Frozen Pizza,135.99,67
4889,Salted Produce Garlic Bulb,88.75,71
4890,Spicy Meat Lamb Chops,207.49,75
4891,Deluxe Bath Mouthwash,170.49,79
4892,Imported Clean Floor Wax,432.5,83
4893,Natural Office Highlighter,80.75,87
4894,Organic Tech Earphones,1579.0,91
4895,Premium Pet Cat Food 1kg,188.99,95
4896,Roasted Coffee Espresso Beans,382.5,99
4897,Sweet Tea Hibiscus Leaves,483.49,4
4898,Light Snack Popcorn Bag,115.75,8
4899,Special Drink Juice Box,193.99,12
4900,Local Bakery Banana Bread,204.5,16
4901,Roasted Coffee Cappuccino Sticks,641.25,59
4902,Sweet Tea Jasmine Pearls,484.49,63
4903,Light Snack Trail Mix,138.99,67
4904,Special Drink Sports Drink,172.99,71
4905,Local Bakery Cinnamon Roll,164.5,75
4906,Fresh Dairy Greek Yogurt,231.49,79
4907,Classic Pantry Soy Sauce 1L,195.25,83
4908,Original Frozen Frozen Pizza,116.49,87
4909,Salted Produce Garlic Bulb,69.25,91
4910,Spicy Meat Lamb Chops,187.99,95
4911,Deluxe Bath Mouthwash,150.99,99
4912,Imported Clean Floor Wax,413.0,4
4913,Natural Office Highlighter,61.25,8
4914,Organic Tech Earphones,1559.5,12
4915,Premium Pet Cat Food 1kg,169.49,16
4916,Roasted Coffee Espresso Beans,363.0,20
4917,Sweet Tea Hibiscus Leaves,463.99,24
4918,Light Snack Popcorn Bag,96.25,28
4919,Special Drink Juice Box,174.49,32
4920,Local Bakery Banana Bread,207.75,36
4921,Roasted Coffee Cappuccino Sticks,644.5,79
4922,Sweet Tea Jasmine Pearls,487.74,83
4923,Light Snack Trail Mix,142.24,87
4924,Special Drink Sports Drink,176.24,91
4925,Local Bakery Cinnamon Roll,167.75,95
4926,Fresh Dairy Greek Yogurt,234.74,99
4927,Classic Pantry Soy Sauce 1L,198.5,4
4928,Original Frozen Frozen Pizza,119.74,8
4929,Salted Produce Garlic Bulb,72.5,12
4930,Spicy Meat Lamb Chops,191.24,16
4931,Deluxe Bath Mouthwash,154.24,20
4932,Imported Clean Floor Wax,416.25,24
4933,Natural Office Highlighter,64.5,28
4934,Organic Tech Earphones,1562.75,32
4935,Premium Pet Cat Food 1kg,172.74,36
4936,Roasted Coffee Espresso Beans,366.25,40
4937,Sweet Tea Hibiscus Leaves,467.24,44
4938,Light Snack Popcorn Bag,99.5,48
4939,Special Drink Juice Box,177.74,52
4940,Local Bakery Banana Bread,211.0,56
4941,Roasted Coffee Cappuccino Sticks,647.75,99
4942,Sweet Tea Jasmine Pearls,490.99,4
4943,Light Snack Trail Mix,145.49,8
4944,Special Drink Sports Drink,179.49,12
4945,Local Bakery Cinnamon Roll,171.0,16
4946,Fresh Dairy Greek Yogurt,237.99,20
4947,Classic Pantry Soy Sauce 1L,201.75,24
4948,Original Frozen Frozen Pizza,122.99,28
4949,Salted Produce Garlic Bulb,75.75,32
4950,Spicy Meat Lamb Chops,194.49,36
4951,Deluxe Bath Mouthwash,157.49,40
4952,Imported Clean Floor Wax,419.5,44
4953,Natural Office Highlighter,67.75,48
4954,Organic Tech Earphones,1566.0,52
4955,Premium Pet Cat Food 1kg,175.99,56
4956,Roasted Coffee Espresso Beans,369.5,60
4957,Sweet Tea Hibiscus Leaves,470.49,64
4958,Light Snack Popcorn Bag,102.75,68
4959,Special Drink Juice Box,180.99,72
4960,Local Bakery Banana Bread,214.25,76
4961,Roasted Coffee Cappuccino Sticks,651.0,20
4962,Sweet Tea Jasmine Pearls,494.24,24
4963,Light Snack Trail Mix,148.74,28
4964,Special Drink Sports Drink,182.74,32
4965,Local Bakery Cinnamon Roll,174.25,36
4966,Fresh Dairy Greek Yogurt,241.24,40
4967,Classic Pantry Soy Sauce 1L,205.0,44
4968,Original Frozen Frozen Pizza,126.24,48
4969,Salted Produce Garlic Bulb,79.0,52
4970,Spicy Meat Lamb Chops,197.74,56
4971,Deluxe Bath Mouthwash,160.74,60
4972,Imported Clean Floor Wax,422.75,64
4973,Natural Office Highlighter,71.0,68
4974,Organic Tech Earphones,1569.25,72
4975,Premium Pet Cat Food 1kg,179.24,76
4976,Roasted Coffee Espresso Beans,372.75,80
4977,Sweet Tea Hibiscus Leaves,473.74,84
4978,Light Snack Popcorn Bag,106.0,88
4979,Special Drink Juice Box,184.24,92
4980,Local Bakery Banana Bread,217.5,96
4981,Roasted Coffee Cappuccino Sticks,654.25,40
4982,Sweet Tea Jasmine Pearls,497.49,44
4983,Light Snack Trail Mix,151.99,48
4984,Special Drink Sports Drink,185.99,52
4985,Local Bakery Cinnamon Roll,177.5,56
4986,Fresh Dairy Greek Yogurt,244.49,60
4987,Classic Pantry Soy Sauce 1L,208.25,64
4988,Original Frozen Frozen Pizza,129.49,68
4989,Salted Produce Garlic Bulb,82.25,72
4990,Spicy Meat Lamb Chops,200.99,76
4991,Deluxe Bath Mouthwash,163.99,80
4992,Imported Clean Floor Wax,426.0,84
4993,Natural Office Highlighter,74.25,88
4994,Organic Tech Earphones,1572.5,92
4995,Premium Pet Cat Food 1kg,182.49,96
4996,Roasted Coffee Espresso Beans,376.0,1
4997,Sweet Tea Hibiscus Leaves,476.99,5
4998,Light Snack Popcorn Bag,109.25,9
4999,Special Drink Juice Box,187.49,13
5000,Local Bakery Banana Bread,220.75,17
5001,Roasted Coffee Cappuccino Sticks,657.5,60
5002,Sweet Tea Jasmine Pearls,500.74,64
5003,Light Snack Trail Mix,155.24,68
5004,Special Drink Sports Drink,189.24,72
5005,Local Bakery Cinnamon Roll,180.75,76
5006,Fresh Dairy Greek Yogurt,247.74,80
5007,Classic Pantry Soy Sauce 1L,211.5,84
5008,Original Frozen Frozen Pizza,132.74,88
5009,Salted Produce Garlic Bulb,85.5,92
5010,Spicy Meat Lamb Chops,204.24,96
5011,Deluxe Bath Mouthwash,167.24,1
5012,Imported Clean Floor Wax,429.25,5
5013,Natural Office Highlighter,77.5,9
5014,Organic Tech Earphones,1575.75,13
5015,Premium Pet Cat Food 1kg,185.74,17
5016,Roasted Coffee Espresso Beans,379.25,21
5017,Sweet Tea Hibiscus Leaves,480.24,25
5018,Light Snack Popcorn Bag,112.5,29
5019,Special Drink Juice Box,190.74,33
5020,Local Bakery Banana Bread,224.0,37
5021,Roasted Coffee Cappuccino Sticks,660.75,80
5022,Sweet Tea Jasmine Pearls,503.99,84
5023,Light Snack Trail Mix,158.49,88
5024,Special Drink Sports Drink,192.49,92
5025,Local Bakery Cinnamon Roll,184.0,96
5026,Fresh Dairy Greek Yogurt,250.99,1
5027,Classic Pantry Soy Sauce 1L,214.75,5
5028,Original Frozen Frozen Pizza,135.99,9
5029,Salted Produce Garlic Bulb,88.75,13
5030,Spicy Meat Lamb Chops,207.49,17
5031,Deluxe Bath Mouthwash,170.49,21
5032,Imported Clean Floor Wax,432.5,25
5033,Natural Office Highlighter,80.75,29
5034,Organic Tech Earphones,1579.0,33
5035,Premium Pet Cat Food 1kg,188.99,37
5036,Roasted Coffee Espresso Beans,382.5,41
5037,Sweet Tea Hibiscus Leaves,483.49,45
5038,Light Snack Popcorn Bag,115.75,49
5039,Special Drink Juice Box,193.99,53
5040,Local Bakery Banana Bread,204.5,57
5041,Roasted Coffee Cappuccino Sticks,641.25,1
5042,Sweet Tea Jasmine Pearls,484.49,5
5043,Light Snack Trail Mix,138.99,9
5044,Special Drink Sports Drink,172.99,13
5045,Local Bakery Cinnamon Roll,164.5,17
5046,Fresh Dairy Greek Yogurt,231.49,21
5047,Classic Pantry Soy Sauce 1L,195.25,25
5048,Original Frozen Frozen Pizza,116.49,29
5049,Salted Produce Garlic Bulb,69.25,33
5050,Spicy Meat Lamb Chops,187.99,37
5051,Deluxe Bath Mouthwash,150.99,41
5052,Imported Clean Floor Wax,413.0,45
5053,Natural Office Highlighter,61.25,49
5054,Organic Tech Earphones,1559.5,53
5055,Premium Pet Cat Food 1kg,169.49,57
5056,Roasted Coffee Espresso Beans,363.0,61
5057,Sweet Tea Hibiscus Leaves,463.99,65
5058,Light Snack Popcorn Bag,96.25,69
5059,Special Drink Juice Box,174.49,73
5060,Local Bakery Banana Bread,207.75,77
5061,Roasted Coffee Cappuccino Sticks,644.5,21
5062,Sweet Tea Jasmine Pearls,487.74,25
5063,Light Snack Trail Mix,142.24,29
5064,Special Drink Sports Drink,176.24,33
5065,Local Bakery Cinnamon Roll,167.75,37
5066,Fresh Dairy Greek Yogurt,234.74,41
5067,Classic Pantry Soy Sauce 1L,198.5,45
5068,Original Frozen Frozen Pizza,119.74,49
5069,Salted Produce Garlic Bulb,72.5,53
5070,Spicy Meat Lamb Chops,191.24,57
5071,Deluxe Bath Mouthwash,154.24,61
5072,Imported Clean Floor Wax,416.25,65
5073,Natural Office Highlighter,64.5,69
5074,Organic Tech Earphones,1562.75,73
5075,Premium Pet Cat Food 1kg,172.74,77
5076,Roasted Coffee Espresso Beans,366.25,81
5077,Sweet Tea Hibiscus Leaves,467.24,85
5078,Light Snack Popcorn Bag,99.5,89
5079,Special Drink Juice Box,177.74,93
5080,Local Bakery Banana Bread,211.0,97
5081,Roasted Coffee Cappuccino Sticks,647.75,41
5082,Sweet Tea Jasmine Pearls,490.99,45
5083,Light Snack Trail Mix,145.49,49
5084,Special Drink Sports Drink,179.49,53
5085,Local Bakery Cinnamon Roll,171.0,57
5086,Fresh Dairy Greek Yogurt,237.99,61
5087,Classic Pantry Soy Sauce 1L,201.75,65
5088,Original Frozen Frozen Pizza,122.99,69
5089,Salted Produce Garlic Bulb,75.75,73
5090,Spicy Meat Lamb Chops,194.49,77
5091,Deluxe Bath Mouthwash,157.49,81
5092,Imported Clean Floor Wax,419.5,85
5093,Natural Office Highlighter,67.75,89
5094,Organic Tech Earphones,1566.0,93
5095,Premium Pet Cat Food 1kg,175.99,97
5096,Roasted Coffee Espresso Beans,369.5,2
5097,Sweet Tea Hibiscus Leaves,470.49,6
5098,Light Snack Popcorn Bag,102.75,10
5099,Special Drink Juice Box,180.99,14
5100,Local Bakery Banana Bread,214.25,18
5101,Roasted Coffee Cappuccino Sticks,651.0,61
5102,Sweet Tea Jasmine Pearls,494.24,65
5103,Light Snack Trail Mix,148.74,69
5104,Special Drink Sports Drink,182.74,73
5105,Local Bakery Cinnamon Roll,174.25,77
5106,Fresh Dairy Greek Yogurt,241.24,81
5107,Classic Pantry Soy Sauce 1L,205.0,85
5108,Original Frozen Frozen Pizza,126.24,89
5109,Salted Produce Garlic Bulb,79.0,93
5110,Spicy Meat Lamb Chops,197.74,97
5111,Deluxe Bath Mouthwash,160.74,2
5112,Imported Clean Floor Wax,422.75,6
5113,Natural Office Highlighter,71.0,10
5114,Organic Tech Earphones,1569.25,14
5115,Premium Pet Cat Food 1kg,179.24,18
5116,Roasted Coffee Espresso Beans,372.75,22
5117,Sweet Tea Hibiscus Leaves,473.74,26
5118,Light Snack Popcorn Bag,106.0,30
5119,Special Drink Juice Box,184.24,34
5120,Local Bakery Banana Bread,217.5,38
5121,Roasted Coffee Cappuccino Sticks,654.25,81
5122,Sweet Tea Jasmine Pearls,497.49,85
5123,Light Snack Trail Mix,151.99,89
5124,Special Drink Sports Drink,185.99,93
5125,Local Bakery Cinnamon Roll,177.5,97
5126,Fresh Dairy Greek Yogurt,244.49,2
5127,Classic Pantry Soy Sauce 1L,208.25,6
5128,Original Frozen Frozen Pizza,129.49,10
5129,Salted Produce Garlic Bulb,82.25,14
5130,Spicy Meat Lamb Chops,200.99,18
5131,Deluxe Bath Mouthwash,163.99,22
5132,Imported Clean Floor Wax,426.0,26
5133,Natural Office Highlighter,74.25,30
5134,Organic Tech Earphones,1572.5,34
5135,Premium Pet Cat Food 1kg,182.49,38
5136,Roasted Coffee Espresso Beans,376.0,42
5137,Sweet Tea Hibiscus Leaves,476.99,46
5138,Light Snack Popcorn Bag,109.25,50
5139,Special Drink Juice Box,187.49,54
5140,Local Bakery Banana Bread,220.75,58
5141,Roasted Coffee Cappuccino Sticks,657.5,2
5142,Sweet Tea Jasmine Pearls,500.74,6
5143,Light Snack Trail Mix,155.24,10
5144,Special Drink Sports Drink,189.24,14
5145,Local Bakery Cinnamon Roll,180.75,18
5146,Fresh Dairy Greek Yogurt,247.74,22
5147,Classic Pantry Soy Sauce 1L,211.5,26
5148,Original Frozen Frozen Pizza,132.74,30
5149,Salted Produce Garlic Bulb,85.5,34
5150,Spicy Meat Lamb Chops,204.24,38
5151,Deluxe Bath Mouthwash,167.24,42
5152,Imported Clean Floor Wax,429.25,46
5153,Natural Office Highlighter,77.5,50
5154,Organic Tech Earphones,1575.75,54
5155,Premium Pet Cat Food 1kg,185.74,58
5156,Roasted Coffee Espresso Beans,379.25,62
5157,Sweet Tea Hibiscus Leaves,480.24,66
5158,Light Snack Popcorn Bag,112.5,70
5159,Special Drink Juice Box,190.74,74
5160,Local Bakery Banana Bread,224.0,78
5161,Roasted Coffee Cappuccino Sticks,660.75,22
5162,Sweet Tea Jasmine Pearls,503.99,26
5163,Light Snack Trail Mix,158.49,30
5164,Special Drink Sports Drink,192.49,34
5165,Local Bakery Cinnamon Roll,184.0,38
5166,Fresh Dairy Greek Yogurt,250.99,42
5167,Classic Pantry Soy Sauce 1L,214.75,46
5168,Original Frozen Frozen Pizza,135.99,50
5169,Salted Produce Garlic Bulb,88.75,54
5170,Spicy Meat Lamb Chops,207.49,58
5171,Deluxe Bath Mouthwash,170.49,62
5172,Imported Clean Floor Wax,432.5,66
5173,Natural Office Highlighter,80.75,70
5174,Organic Tech Earphones,1579.0,74
5175,Premium Pet Cat Food 1kg,188.99,78
5176,Roasted Coffee Espresso Beans,382.5,82
5177,Sweet Tea Hibiscus Leaves,483.49,86
5178,Light Snack Popcorn Bag,115.75,90
5179,Special Drink Juice Box,193.99,94
5180,Local Bakery Banana Bread,204.5,98
5181,Roasted Coffee Cappuccino Sticks,641.25,42
5182,Sweet Tea Jasmine Pearls,484.49,46
5183,Light Snack Trail Mix,138.99,50
5184,Special Drink Sports Drink,172.99,54
5185,Local Bakery Cinnamon Roll,164.5,58
5186,Fresh Dairy Greek Yogurt,231.49,62
5187,Classic Pantry Soy Sauce 1L,195.25,66
5188,Original Frozen Frozen Pizza,116.49,70
5189,Salted Produce Garlic Bulb,69.25,74
5190,Spicy Meat Lamb Chops,187.99,78
5191,Deluxe Bath Mouthwash,150.99,82
5192,Imported Clean Floor Wax,413.0,86
5193,Natural Office Highlighter,61.25,90
5194,Organic Tech Earphones,1559.5,94
5195,Premium Pet Cat Food 1kg,169.49,98
5196,Roasted Coffee Espresso Beans,363.0,3
5197,Sweet Tea Hibiscus Leaves,463.99,7
5198,Light Snack Popcorn Bag,96.25,11
5199,Special Drink Juice Box,174.49,15
5200,Local Bakery Banana Bread,207.75,19
5201,Roasted Coffee Cappuccino Sticks,644.5,62
5202,Sweet Tea Jasmine Pearls,487.74,66
5203,Light Snack Trail Mix,142.24,70
5204,Special Drink Sports Drink,176.24,74
5205,Local Bakery Cinnamon Roll,167.75,78
5206,Fresh Dairy Greek Yogurt,234.74,82
5207,Classic Pantry Soy Sauce 1L,198.5,86
5208,Original Frozen Frozen Pizza,119.74,90
5209,Salted Produce Garlic Bulb,72.5,94
5210,Spicy Meat Lamb Chops,191.24,98
5211,Deluxe Bath Mouthwash,154.24,3
5212,Imported Clean Floor Wax,416.25,7
5213,Natural Office Highlighter,64.5,11
5214,Organic Tech Earphones,1562.75,15
5215,Premium Pet Cat Food 1kg,172.74,19
5216,Roasted Coffee Espresso Beans,366.25,23
5217,Sweet Tea Hibiscus Leaves,467.24,27
5218,Light Snack Popcorn Bag,99.5,31
5219,Special Drink Juice Box,177.74,35
5220,Local Bakery Banana Bread,211.0,39
5221,Roasted Coffee Cappuccino Sticks,647.75,82
5222,Sweet Tea Jasmine Pearls,490.99,86
5223,Light Snack Trail Mix,145.49,90
5224,Special Drink Sports Drink,179.49,94
5225,Local Bakery Cinnamon Roll,171.0,98
5226,Fresh Dairy Greek Yogurt,237.99,3
5227,Classic Pantry Soy Sauce 1L,201.75,7
5228,Original Frozen Frozen Pizza,122.99,11
5229,Salted Produce Garlic Bulb,75.75,15
5230,Spicy Meat Lamb Chops,194.49,19
5231,Deluxe Bath Mouthwash,157.49,23
5232,Imported Clean Floor Wax,419.5,27
5233,Natural Office Highlighter,67.75,31
5234,Organic Tech Earphones,1566.0,35
5235,Premium Pet Cat Food 1kg,175.99,39
5236,Roasted Coffee Espresso Beans,369.5,43
5237,Sweet Tea Hibiscus Leaves,470.49,47
5238,Light Snack Popcorn Bag,102.75,51
5239,Special Drink Juice Box,180.99,55
5240,Local Bakery Banana Bread,214.25,59
5241,Roasted Coffee Cappuccino Sticks,651.0,3
5242,Sweet Tea Jasmine Pearls,494.24,7
5243,Light Snack Trail Mix,148.74,11
5244,Special Drink Sports Drink,182.74,15
5245,Local Bakery Cinnamon Roll,174.25,19
5246,Fresh Dairy Greek Yogurt,241.24,23
5247,Classic Pantry Soy Sauce 1L,205.0,27
5248,Original Frozen Frozen Pizza,126.24,31
5249,Salted Produce Garlic Bulb,79.0,35
5250,Spicy Meat Lamb Chops,197.74,39
5251,Deluxe Bath Mouthwash,160.74,43
5252,Imported Clean Floor Wax,422.75,47
5253,Natural Office Highlighter,71.0,51
5254,Organic Tech Earphones,1569.25,55
5255,Premium Pet Cat Food 1kg,179.24,59
5256,Roasted Coffee Espresso Beans,372.75,63
5257,Sweet Tea Hibiscus Leaves,473.74,67
5258,Light Snack Popcorn Bag,106.0,71
5259,Special Drink Juice Box,184.24,75
5260,Local Bakery Banana Bread,217.5,79
5261,Roasted Coffee Cappuccino Sticks,654.25,23
5262,Sweet Tea Jasmine Pearls,497.49,27
5263,Light Snack Trail Mix,151.99,31
5264,Special Drink Sports Drink,185.99,35
5265,Local Bakery Cinnamon Roll,177.5,39
5266,Fresh Dairy Greek Yogurt,244.49,43
5267,Classic Pantry Soy Sauce 1L,208.25,47
5268,Original Frozen Frozen Pizza,129.49,51
5269,Salted Produce Garlic Bulb,82.25,55
5270,Spicy Meat Lamb Chops,200.99,59
5271,Deluxe Bath Mouthwash,163.99,63
5272,Imported Clean Floor Wax,426.0,67
5273,Natural Office Highlighter,74.25,71
5274,Organic Tech Earphones,1572.5,75
5275,Premium Pet Cat Food 1kg,182.49,79
5276,Roasted Coffee Espresso Beans,376.0,83
5277,Sweet Tea Hibiscus Leaves,476.99,87
5278,Light Snack Popcorn Bag,109.25,91
5279,Special Drink Juice Box,187.49,95
5280,Local Bakery Banana Bread,220.75,99
5281,Roasted Coffee Cappuccino Sticks,657.5,43
5282,Sweet Tea Jasmine Pearls,500.74,47
5283,Light Snack Trail Mix,155.24,51
5284,Special Drink Sports Drink,189.24,55
5285,Local Bakery Cinnamon Roll,180.75,59
5286,Fresh Dairy Greek Yogurt,247.74,63
5287,Classic Pantry Soy Sauce 1L,211.5,67
5288,Original Frozen Frozen Pizza,132.74,71
5289,Salted Produce Garlic Bulb,85.5,75
5290,Spicy Meat Lamb Chops,204.24,79
5291,Deluxe Bath Mouthwash,167.24,83
5292,Imported Clean Floor Wax,429.25,87
5293,Natural Office Highlighter,77.5,91
5294,Organic Tech Earphones,1575.75,95
5295,Premium Pet Cat Food 1kg,185.74,99
5296,Roasted Coffee Espresso Beans,379.25,4
5297,Sweet Tea Hibiscus Leaves,480.24,8
5298,Light Snack Popcorn Bag,112.5,12
5299,Special Drink Juice Box,190.74,16
5300,Local Bakery Banana Bread,224.0,20
5301,Roasted Coffee Cappuccino Sticks,660.75,63
5302,Sweet Tea Jasmine Pearls,503.99,67
5303,Light Snack Trail Mix,158.49,71
5304,Special Drink Sports Drink,192.49,75
5305,Local Bakery Cinnamon Roll,184.0,79
5306,Fresh Dairy Greek Yogurt,250.99,83
5307,Classic Pantry Soy Sauce 1L,214.75,87
5308,Original Frozen Frozen Pizza,135.99,91
5309,Salted Produce Garlic Bulb,88.75,95
5310,Spicy Meat Lamb Chops,207.49,99
5311,Deluxe Bath Mouthwash,170.49,4
5312,Imported Clean Floor Wax,432.5,8
5313,Natural Office Highlighter,80.75,12
5314,Organic Tech Earphones,1579.0,16
5315,Premium Pet Cat Food 1kg,188.99,20
5316,Roasted Coffee Espresso Beans,382.5,24
5317,Sweet Tea Hibiscus Leaves,483.49,28
5318,Light Snack Popcorn Bag,115.75,32
5319,Special Drink Juice Box,193.99,36
5320,Local Bakery Banana Bread,204.5,40
5321,Roasted Coffee Cappuccino Sticks,641.25,83
5322,Sweet Tea Jasmine Pearls,484.49,87
5323,Light Snack Trail Mix,138.99,91
5324,Special Drink Sports Drink,172.99,95
5325,Local Bakery Cinnamon Roll,164.5,99
5326,Fresh Dairy Greek Yogurt,231.49,4
5327,Classic Pantry Soy Sauce 1L,195.25,8
5328,Original Frozen Frozen Pizza,116.49,12
5329,Salted Produce Garlic Bulb,69.25,16
5330,Spicy Meat Lamb Chops,187.99,20
5331,Deluxe Bath Mouthwash,150.99,24
5332,Imported Clean Floor Wax,413.0,28
5333,Natural Office Highlighter,61.25,32
5334,Organic Tech Earphones,1559.5,36
5335,Premium Pet Cat Food 1kg,169.49,40
5336,Roasted Coffee Espresso Beans,363.0,44
5337,Sweet Tea Hibiscus Leaves,463.99,48
5338,Light Snack Popcorn Bag,96.25,52
5339,Special Drink Juice Box,174.49,56
5340,Local Bakery Banana Bread,207.75,60
5341,Roasted Coffee Cappuccino Sticks,644.5,4
5342,Sweet Tea Jasmine Pearls,487.74,8
5343,Light Snack Trail Mix,142.24,12
5344,Special Drink Sports Drink,176.24,16
5345,Local Bakery Cinnamon Roll,167.75,20
5346,Fresh Dairy Greek Yogurt,234.74,24
5347,Classic Pantry Soy Sauce 1L,198.5,28
5348,Original Frozen Frozen Pizza,119.74,32
5349,Salted Produce Garlic Bulb,72.5,36
5350,Spicy Meat Lamb Chops,191.24,40
5351,Deluxe Bath Mouthwash,154.24,44
5352,Imported Clean Floor Wax,416.25,48
5353,Natural Office Highlighter,64.5,52
5354,Organic Tech Earphones,1562.75,56
5355,Premium Pet Cat Food 1kg,172.74,60
5356,Roasted Coffee Espresso Beans,366.25,64
5357,Sweet Tea Hibiscus Leaves,467.24,68
5358,Light Snack Popcorn Bag,99.5,72
5359,Special Drink Juice Box,177.74,76
5360,Local Bakery Banana Bread,211.0,80
5361,Roasted Coffee Cappuccino Sticks,647.75,24
5362,Sweet Tea Jasmine Pearls,490.99,28
5363,Light Snack Trail Mix,145.49,32
5364,Special Drink Sports Drink,179.49,36
5365,Local Bakery Cinnamon Roll,171.0,40
5366,Fresh Dairy Greek Yogurt,237.99,44
5367,Classic Pantry Soy Sauce 1L,201.75,48
5368,Original Frozen Frozen Pizza,122.99,52
5369,Salted Produce Garlic Bulb,75.75,56
5370,Spicy Meat Lamb Chops,194.49,60
5371,Deluxe Bath Mouthwash,157.49,64
5372,Imported Clean Floor Wax,419.5,68
5373,Natural Office Highlighter,67.75,72
5374,Organic Tech Earphones,1566.0,76
5375,Premium Pet Cat Food 1kg,175.99,80
5376,Roasted Coffee Espresso Beans,369.5,84
5377,Sweet Tea Hibiscus Leaves,470.49,88
5378,Light Snack Popcorn Bag,102.75,92
5379,Special Drink Juice Box,180.99,96
5380,Local Bakery Banana Bread,214.25,1
5381,Roasted Coffee Cappuccino Sticks,651.0,44
5382,Sweet Tea Jasmine Pearls,494.24,48
5383,Light Snack Trail Mix,148.74,52
5384,Special Drink Sports Drink,182.74,56
5385,Local Bakery Cinnamon Roll,174.25,60
5386,Fresh Dairy Greek Yogurt,241.24,64
5387,Classic Pantry Soy Sauce 1L,205.0,68
5388,Original Frozen Frozen Pizza,126.24,72
5389,Salted Produce Garlic Bulb,79.0,76
5390,Spicy Meat Lamb Chops,197.74,80
5391,Deluxe Bath Mouthwash,160.74,84
5392,Imported Clean Floor Wax,422.75,88
5393,Natural Office Highlighter,71.0,92
5394,Organic Tech Earphones,1569.25,96
5395,Premium Pet Cat Food 1kg,179.24,1
5396,Roasted Coffee Espresso Beans,372.75,5
5397,Sweet Tea Hibiscus Leaves,473.74,9
5398,Light Snack Popcorn Bag,106.0,13
5399,Special Drink Juice Box,184.24,17
5400,Local Bakery Banana Bread,217.5,21
5401,Roasted Coffee Cappuccino Sticks,654.25,64
5402,Sweet Tea Jasmine Pearls,497.49,68
5403,Light Snack Trail Mix,151.99,72
5404,Special Drink Sports Drink,185.99,76
5405,Local Bakery Cinnamon Roll,177.5,80
5406,Fresh Dairy Greek Yogurt,244.49,84
5407,Classic Pantry Soy Sauce 1L,208.25,88
5408,Original Frozen Frozen Pizza,129.49,92
5409,Salted Produce Garlic Bulb,82.25,96
5410,Spicy Meat Lamb Chops,200.99,1
5411,Deluxe Bath Mouthwash,163.99,5
5412,Imported Clean Floor Wax,426.0,9
5413,Natural Office Highlighter,74.25,13
5414,Organic Tech Earphones,1572.5,17
5415,Premium Pet Cat Food 1kg,182.49,21
5416,Roasted Coffee Espresso Beans,376.0,25
5417,Sweet Tea Hibiscus Leaves,476.99,29
5418,Light Snack Popcorn Bag,109.25,33
5419,Special Drink Juice Box,187.49,37
5420,Local Bakery Banana Bread,220.75,41
5421,Roasted Coffee Cappuccino Sticks,657.5,84
5422,Sweet Tea Jasmine Pearls,500.74,88
5423,Light Snack Trail Mix,155.24,92
5424,Special Drink Sports Drink,189.24,96
5425,Local Bakery Cinnamon Roll,180.75,1
5426,Fresh Dairy Greek Yogurt,247.74,5
5427,Classic Pantry Soy Sauce 1L,211.5,9
5428,Original Frozen Frozen Pizza,132.74,13
5429,Salted Produce Garlic Bulb,85.5,17
5430,Spicy Meat Lamb Chops,204.24,21
5431,Deluxe Bath Mouthwash,167.24,25
5432,Imported Clean Floor Wax,429.25,29
5433,Natural Office Highlighter,77.5,33
5434,Organic Tech Earphones,1575.75,37
5435,Premium Pet Cat Food 1kg,185.74,41
5436,Roasted Coffee Espresso Beans,379.25,45
5437,Sweet Tea Hibiscus Leaves,480.24,49
5438,Light Snack Popcorn Bag,112.5,53
5439,Special Drink Juice Box,190.74,57
5440,Local Bakery Banana Bread,224.0,61
5441,Roasted Coffee Cappuccino Sticks,660.75,5
5442,Sweet Tea Jasmine Pearls,503.99,9
5443,Light Snack Trail Mix,158.49,13
5444,Special Drink Sports Drink,192.49,17
5445,Local Bakery Cinnamon Roll,184.0,21
5446,Fresh Dairy Greek Yogurt,250.99,25
5447,Classic Pantry Soy Sauce 1L,214.75,29
5448,Original Frozen Frozen Pizza,135.99,33
5449,Salted Produce Garlic Bulb,88.75,37
5450,Spicy Meat Lamb Chops,207.49,41
5451,Deluxe Bath Mouthwash,170.49,45
5452,Imported Clean Floor Wax,432.5,49
5453,Natural Office Highlighter,80.75,53
5454,Organic Tech Earphones,1579.0,57
5455,Premium Pet Cat Food 1kg,188.99,61
5456,Roasted Coffee Espresso Beans,382.5,65
5457,Sweet Tea Hibiscus Leaves,483.49,69
5458,Light Snack Popcorn Bag,115.75,73
5459,Special Drink Juice Box,193.99,77
5460,Local Bakery Banana Bread,204.5,81
5461,Roasted Coffee Cappuccino Sticks,641.25,25
5462,Sweet Tea Jasmine Pearls,484.49,29
5463,Light Snack Trail Mix,138.99,33
5464,Special Drink Sports Drink,172.99,37
5465,Local Bakery Cinnamon Roll,164.5,41
5466,Fresh Dairy Greek Yogurt,231.49,45
5467,Classic Pantry Soy Sauce 1L,195.25,49
5468,Original Frozen Frozen Pizza,116.49,53
5469,Salted Produce Garlic Bulb,69.25,57
5470,Spicy Meat Lamb Chops,187.99,61
5471,Deluxe Bath Mouthwash,150.99,65
5472,Imported Clean Floor Wax,413.0,69
5473,Natural Office Highlighter,61.25,73
5474,Organic Tech Earphones,1559.5,77
5475,Premium Pet Cat Food 1kg,169.49,81
5476,Roasted Coffee Espresso Beans,363.0,85
5477,Sweet Tea Hibiscus Leaves,463.99,89
5478,Light Snack Popcorn Bag,96.25,93
5479,Special Drink Juice Box,174.49,97
5480,Local Bakery Banana Bread,207.75,2
5481,Roasted Coffee Cappuccino Sticks,644.5,45
5482,Sweet Tea Jasmine Pearls,487.74,49
5483,Light Snack Trail Mix,142.24,53
5484,Special Drink Sports Drink,176.24,57
5485,Local Bakery Cinnamon Roll,167.75,61
5486,Fresh Dairy Greek Yogurt,234.74,65
5487,Classic Pantry Soy Sauce 1L,198.5,69
5488,Original Frozen Frozen Pizza,119.74,73
5489,Salted Produce Garlic Bulb,72.5,77
5490,Spicy Meat Lamb Chops,191.24,81
5491,Deluxe Bath Mouthwash,154.24,85
5492,Imported Clean Floor Wax,416.25,89
5493,Natural Office Highlighter,64.5,93
5494,Organic Tech Earphones,1562.75,97
5495,Premium Pet Cat Food 1kg,172.74,2
5496,Roasted Coffee Espresso Beans,366.25,6
5497,Sweet Tea Hibiscus Leaves,467.24,10
5498,Light Snack Popcorn Bag,99.5,14
5499,Special Drink Juice Box,177.74,18
5500,Local Bakery Banana Bread,211.0,22
5501,Roasted Coffee Cappuccino Sticks,647.75,65
5502,Sweet Tea Jasmine Pearls,490.99,69
5503,Light Snack Trail Mix,145.49,73
5504,Special Drink Sports Drink,179.49,77
5505,Local Bakery Cinnamon Roll,171.0,81
5506,Fresh Dairy Greek Yogurt,237.99,85
5507,Classic Pantry Soy Sauce 1L,201.75,89
5508,Original Frozen Frozen Pizza,122.99,93
5509,Salted Produce Garlic Bulb,75.75,97
5510,Spicy Meat Lamb Chops,194.49,2
5511,Deluxe Bath Mouthwash,157.49,6
5512,Imported Clean Floor Wax,419.5,10
5513,Natural Office Highlighter,67.75,14
5514,Organic Tech Earphones,1566.0,18
5515,Premium Pet Cat Food 1kg,175.99,22
5516,Roasted Coffee Espresso Beans,369.5,26
5517,Sweet Tea Hibiscus Leaves,470.49,30
5518,Light Snack Popcorn Bag,102.75,34
5519,Special Drink Juice Box,180.99,38
5520,Local Bakery Banana Bread,214.25,42
5521,Roasted Coffee Cappuccino Sticks,651.0,85
5522,Sweet Tea Jasmine Pearls,494.24,89
5523,Light Snack Trail Mix,148.74,93
5524,Special Drink Sports Drink,182.74,97
5525,Local Bakery Cinnamon Roll,174.25,2
5526,Fresh Dairy Greek Yogurt,241.24,6
5527,Classic Pantry Soy Sauce 1L,205.0,10
5528,Original Frozen Frozen Pizza,126.24,14
5529,Salted Produce Garlic Bulb,79.0,18
5530,Spicy Meat Lamb Chops,197.74,22
5531,Deluxe Bath Mouthwash,160.74,26
5532,Imported Clean Floor Wax,422.75,30
5533,Natural Office Highlighter,71.0,34
5534,Organic Tech Earphones,1569.25,38
5535,Premium Pet Cat Food 1kg,179.24,42
5536,Roasted Coffee Espresso Beans,372.75,46
5537,Sweet Tea Hibiscus Leaves,473.74,50
5538,Light Snack Popcorn Bag,106.0,54
5539,Special Drink Juice Box,184.24,58
5540,Local Bakery Banana Bread,217.5,62
5541,Roasted Coffee Cappuccino Sticks,654.25,6
5542,Sweet Tea Jasmine Pearls,497.49,10
5543,Light Snack Trail Mix,151.99,14
5544,Special Drink Sports Drink,185.99,18
5545,Local Bakery Cinnamon Roll,177.5,22
5546,Fresh Dairy Greek Yogurt,244.49,26
5547,Classic Pantry Soy Sauce 1L,208.25,30
5548,Original Frozen Frozen Pizza,129.49,34
5549,Salted Produce Garlic Bulb,82.25,38
5550,Spicy Meat Lamb Chops,200.99,42
5551,Deluxe Bath Mouthwash,163.99,46
5552,Imported Clean Floor Wax,426.0,50
5553,Natural Office Highlighter,74.25,54
5554,Organic Tech Earphones,1572.5,58
5555,Premium Pet Cat Food 1kg,182.49,62
5556,Roasted Coffee Espresso Beans,376.0,66
5557,Sweet Tea Hibiscus Leaves,476.99,70
5558,Light Snack Popcorn Bag,109.25,74
5559,Special Drink Juice Box,187.49,78
5560,Local Bakery Banana Bread,220.75,82
5561,Roasted Coffee Cappuccino Sticks,657.5,26
5562,Sweet Tea Jasmine Pearls,500.74,30
5563,Light Snack Trail Mix,155.24,34
5564,Special Drink Sports Drink,189.24,38
5565,Local Bakery Cinnamon Roll,180.75,42
5566,Fresh Dairy Greek Yogurt,247.74,46
5567,Classic Pantry Soy Sauce 1L,211.5,50
5568,Original Frozen Frozen Pizza,132.74,54
5569,Salted Produce Garlic Bulb,85.5,58
5570,Spicy Meat Lamb Chops,204.24,62
5571,Deluxe Bath Mouthwash,167.24,66
5572,Imported Clean Floor Wax,429.25,70
5573,Natural Office Highlighter,77.5,74
5574,Organic Tech Earphones,1575.75,78
5575,Premium Pet Cat Food 1kg,185.74,82
5576,Roasted Coffee Espresso Beans,379.25,86
5577,Sweet Tea Hibiscus Leaves,480.24,90
5578,Light Snack Popcorn Bag,112.5,94
5579,Special Drink Juice Box,190.74,98
5580,Local Bakery Banana Bread,224.0,3
5581,Roasted Coffee Cappuccino Sticks,660.75,46
5582,Sweet Tea Jasmine Pearls,503.99,50
5583,Light Snack Trail Mix,158.49,54
5584,Special Drink Sports Drink,192.49,58
5585,Local Bakery Cinnamon Roll,184.0,62
5586,Fresh Dairy Greek Yogurt,250.99,66
5587,Classic Pantry Soy Sauce 1L,214.75,70
5588,Original Frozen Frozen Pizza,135.99,74
5589,Salted Produce Garlic Bulb,88.75,78
5590,Spicy Meat Lamb Chops,207.49,82
5591,Deluxe Bath Mouthwash,170.49,86
5592,Imported Clean Floor Wax,432.5,90
5593,Natural Office Highlighter,80.75,94
5594,Organic Tech Earphones,1579.0,98
5595,Premium Pet Cat Food 1kg,188.99,3
5596,Roasted Coffee Espresso Beans,382.5,7
5597,Sweet Tea Hibiscus Leaves,483.49,11
5598,Light Snack Popcorn Bag,115.75,15
5599,Special Drink Juice Box,193.99,19
5600,Local Bakery Banana Bread,204.5,23
5601,Roasted Coffee Cappuccino Sticks,641.25,66
5602,Sweet Tea Jasmine Pearls,484.49,70
5603,Light Snack Trail Mix,138.99,74
5604,Special Drink Sports Drink,172.99,78
5605,Local Bakery Cinnamon Roll,164.5,82
5606,Fresh Dairy Greek Yogurt,231.49,86
5607,Classic Pantry Soy Sauce 1L,195.25,90
5608,Original Frozen Frozen Pizza,116.49,94
5609,Salted Produce Garlic Bulb,69.25,98
5610,Spicy Meat Lamb Chops,187.99,3
5611,Deluxe Bath Mouthwash,150.99,7
5612,Imported Clean Floor Wax,413.0,11
5613,Natural Office Highlighter,61.25,15
5614,Organic Tech Earphones,1559.5,19
5615,Premium Pet Cat Food 1kg,169.49,23
5616,Roasted Coffee Espresso Beans,363.0,27
5617,Sweet Tea Hibiscus Leaves,463.99,31
5618,Light Snack Popcorn Bag,96.25,35
5619,Special Drink Juice Box,174.49,39
5620,Local Bakery Banana Bread,207.75,43
5621,Roasted Coffee Cappuccino Sticks,644.5,86
5622,Sweet Tea Jasmine Pearls,487.74,90
5623,Light Snack Trail Mix,142.24,94
5624,Special Drink Sports Drink,176.24,98
5625,Local Bakery Cinnamon Roll,167.75,3
5626,Fresh Dairy Greek Yogurt,234.74,7
5627,Classic Pantry Soy Sauce 1L,198.5,11
5628,Original Frozen Frozen Pizza,119.74,15
5629,Salted Produce Garlic Bulb,72.5,19
5630,Spicy Meat Lamb Chops,191.24,23
5631,Deluxe Bath Mouthwash,154.24,27
5632,Imported Clean Floor Wax,416.25,31
5633,Natural Office Highlighter,64.5,35
5634,Organic Tech Earphones,1562.75,39
5635,Premium Pet Cat Food 1kg,172.74,43
5636,Roasted Coffee Espresso Beans,366.25,47
5637,Sweet Tea Hibiscus Leaves,467.24,51
5638,Light Snack Popcorn Bag,99.5,55
5639,Special Drink Juice Box,177.74,59
5640,Local Bakery Banana Bread,211.0,63
5641,Roasted Coffee Cappuccino Sticks,647.75,7
5642,Sweet Tea Jasmine Pearls,490.99,11
5643,Light Snack Trail Mix,145.49,15
5644,Special Drink Sports Drink,179.49,19
5645,Local Bakery Cinnamon Roll,171.0,23
5646,Fresh Dairy Greek Yogurt,237.99,27
5647,Classic Pantry Soy Sauce 1L,201.75,31
5648,Original Frozen Frozen Pizza,122.99,35
5649,Salted Produce Garlic Bulb,75.75,39
5650,Spicy Meat Lamb Chops,194.49,43
5651,Deluxe Bath Mouthwash,157.49,47
5652,Imported Clean Floor Wax,419.5,51
5653,Natural Office Highlighter,67.75,55
5654,Organic Tech Earphones,1566.0,59
5655,Premium Pet Cat Food 1kg,175.99,63
5656,Roasted Coffee Espresso Beans,369.5,67
5657,Sweet Tea Hibiscus Leaves,470.49,71
5658,Light Snack Popcorn Bag,102.75,75
5659,Special Drink Juice Box,180.99,79
5660,Local Bakery Banana Bread,214.25,83
5661,Roasted Coffee Cappuccino Sticks,651.0,27
5662,Sweet Tea Jasmine Pearls,494.24,31
5663,Light Snack Trail Mix,148.74,35
5664,Special Drink Sports Drink,182.74,39
5665,Local Bakery Cinnamon Roll,174.25,43
5666,Fresh Dairy Greek Yogurt,241.24,47
5667,Classic Pantry Soy Sauce 1L,205.0,51
5668,Original Frozen Frozen Pizza,126.24,55
5669,Salted Produce Garlic Bulb,79.0,59
5670,Spicy Meat Lamb Chops,197.74,63
5671,Deluxe Bath Mouthwash,160.74,67
5672,Imported Clean Floor Wax,422.75,71
5673,Natural Office Highlighter,71.0,75
5674,Organic Tech Earphones,1569.25,79
5675,Premium Pet Cat Food 1kg,179.24,83
5676,Roasted Coffee Espresso Beans,372.75,87
5677,Sweet Tea Hibiscus Leaves,473.74,91
5678,Light Snack Popcorn Bag,106.0,95
5679,Special Drink Juice Box,184.24,99
5680,Local Bakery Banana Bread,217.5,4
5681,Roasted Coffee Cappuccino Sticks,654.25,47
5682,Sweet Tea Jasmine Pearls,497.49,51
5683,Light Snack Trail Mix,151.99,55
5684,Special Drink Sports Drink,185.99,59
5685,Local Bakery Cinnamon Roll,177.5,63
5686,Fresh Dairy Greek Yogurt,244.49,67
5687,Classic Pantry Soy Sauce 1L,208.25,71
5688,Original Frozen Frozen Pizza,129.49,75
5689,Salted Produce Garlic Bulb,82.25,79
5690,Spicy Meat Lamb Chops,200.99,83
5691,Deluxe Bath Mouthwash,163.99,87
5692,Imported Clean Floor Wax,426.0,91
5693,Natural Office Highlighter,74.25,95
5694,Organic Tech Earphones,1572.5,99
5695,Premium Pet Cat Food 1kg,182.49,4
5696,Roasted Coffee Espresso Beans,376.0,8
5697,Sweet Tea Hibiscus Leaves,476.99,12
5698,Light Snack Popcorn Bag,109.25,16
5699,Special Drink Juice Box,187.49,20
5700,Local Bakery Banana Bread,220.75,24
5701,Roasted Coffee Cappuccino Sticks,657.5,67
5702,Sweet Tea Jasmine Pearls,500.74,71
5703,Light Snack Trail Mix,155.24,75
5704,Special Drink Sports Drink,189.24,79
5705,Local Bakery Cinnamon Roll,180.75,83
5706,Fresh Dairy Greek Yogurt,247.74,87
5707,Classic Pantry Soy Sauce 1L,211.5,91
5708,Original Frozen Frozen Pizza,132.74,95
5709,Salted Produce Garlic Bulb,85.5,99
5710,Spicy Meat Lamb Chops,204.24,4
5711,Deluxe Bath Mouthwash,167.24,8
5712,Imported Clean Floor Wax,429.25,12
5713,Natural Office Highlighter,77.5,16
5714,Organic Tech Earphones,1575.75,20
5715,Premium Pet Cat Food 1kg,185.74,24
5716,Roasted Coffee Espresso Beans,379.25,28
5717,Sweet Tea Hibiscus Leaves,480.24,32
5718,Light Snack Popcorn Bag,112.5,36
5719,Special Drink Juice Box,190.74,40
5720,Local Bakery Banana Bread,224.0,44
5721,Roasted Coffee Cappuccino Sticks,660.75,87
5722,Sweet Tea Jasmine Pearls,503.99,91
5723,Light Snack Trail Mix,158.49,95
5724,Special Drink Sports Drink,192.49,99
5725,Local Bakery Cinnamon Roll,184.0,4
5726,Fresh Dairy Greek Yogurt,250.99,8
5727,Classic Pantry Soy Sauce 1L,214.75,12
5728,Original Frozen Frozen Pizza,135.99,16
5729,Salted Produce Garlic Bulb,88.75,20
5730,Spicy Meat Lamb Chops,207.49,24
5731,Deluxe Bath Mouthwash,170.49,28
5732,Imported Clean Floor Wax,432.5,32
5733,Natural Office Highlighter,80.75,36
5734,Organic Tech Earphones,1579.0,40
5735,Premium Pet Cat Food 1kg,188.99,44
5736,Roasted Coffee Espresso Beans,382.5,48
5737,Sweet Tea Hibiscus Leaves,483.49,52
5738,Light Snack Popcorn Bag,115.75,56
5739,Special Drink Juice Box,193.99,60
5740,Local Bakery Banana Bread,204.5,64
5741,Roasted Coffee Cappuccino Sticks,641.25,8
5742,Sweet Tea Jasmine Pearls,484.49,12
5743,Light Snack Trail Mix,138.99,16
5744,Special Drink Sports Drink,172.99,20
5745,Local Bakery Cinnamon Roll,164.5,24
5746,Fresh Dairy Greek Yogurt,231.49,28
5747,Classic Pantry Soy Sauce 1L,195.25,32
5748,Original Frozen Frozen Pizza,116.49,36
5749,Salted Produce Garlic Bulb,69.25,40
5750,Spicy Meat Lamb Chops,187.99,44
5751,Deluxe Bath Mouthwash,150.99,48
5752,Imported Clean Floor Wax,413.0,52
5753,Natural Office Highlighter,61.25,56
5754,Organic Tech Earphones,1559.5,60
5755,Premium Pet Cat Food 1kg,169.49,64
5756,Roasted Coffee Espresso Beans,363.0,68
5757,Sweet Tea Hibiscus Leaves,463.99,72
5758,Light Snack Popcorn Bag,96.25,76
5759,Special Drink Juice Box,174.49,80
5760,Local Bakery Banana Bread,207.75,84
5761,Roasted Coffee Cappuccino Sticks,644.5,28
5762,Sweet Tea Jasmine Pearls,487.74,32
5763,Light Snack Trail Mix,142.24,36
5764,Special Drink Sports Drink,176.24,40
5765,Local Bakery Cinnamon Roll,167.75,44
5766,Fresh Dairy Greek Yogurt,234.74,48
5767,Classic Pantry Soy Sauce 1L,198.5,52
5768,Original Frozen Frozen Pizza,119.74,56
5769,Salted Produce Garlic Bulb,72.5,60
5770,Spicy Meat Lamb Chops,191.24,64
5771,Deluxe Bath Mouthwash,154.24,68
5772,Imported Clean Floor Wax,416.25,72
5773,Natural Office Highlighter,64.5,76
5774,Organic Tech Earphones,1562.75,80
5775,Premium Pet Cat Food 1kg,172.74,84
5776,Roasted Coffee Espresso Beans,366.25,88
5777,Sweet Tea Hibiscus Leaves,467.24,92
5778,Light Snack Popcorn Bag,99.5,96
5779,Special Drink Juice Box,177.74,1
5780,Local Bakery Banana Bread,211.0,5
5781,Roasted Coffee Cappuccino Sticks,647.75,48
5782,Sweet Tea Jasmine Pearls,490.99,52
5783,Light Snack Trail Mix,145.49,56
5784,Special Drink Sports Drink,179.49,60
5785,Local Bakery Cinnamon Roll,171.0,64
5786,Fresh Dairy Greek Yogurt,237.99,68
5787,Classic Pantry Soy Sauce 1L,201.75,72
5788,Original Frozen Frozen Pizza,122.99,76
5789,Salted Produce Garlic Bulb,75.75,80
5790,Spicy Meat Lamb Chops,194.49,84
5791,Deluxe Bath Mouthwash,157.49,88
5792,Imported Clean Floor Wax,419.5,92
5793,Natural Office Highlighter,67.75,96
5794,Organic Tech Earphones,1566.0,1
5795,Premium Pet Cat Food 1kg,175.99,5
5796,Roasted Coffee Espresso Beans,369.5,9
5797,Sweet Tea Hibiscus Leaves,470.49,13
5798,Light Snack Popcorn Bag,102.75,17
5799,Special Drink Juice Box,180.99,21
5800,Local Bakery Banana Bread,214.25,25
5801,Roasted Coffee Cappuccino Sticks,651.0,68
5802,Sweet Tea Jasmine Pearls,494.24,72
5803,Light Snack Trail Mix,148.74,76
5804,Special Drink Sports Drink,182.74,80
5805,Local Bakery Cinnamon Roll,174.25,84
5806,Fresh Dairy Greek Yogurt,241.24,88
5807,Classic Pantry Soy Sauce 1L,205.0,92
5808,Original Frozen Frozen Pizza,126.24,96
5809,Salted Produce Garlic Bulb,79.0,1
5810,Spicy Meat Lamb Chops,197.74,5
5811,Deluxe Bath Mouthwash,160.74,9
5812,Imported Clean Floor Wax,422.75,13
5813,Natural Office Highlighter,71.0,17
5814,Organic Tech Earphones,1569.25,21
5815,Premium Pet Cat Food 1kg,179.24,25
5816,Roasted Coffee Espresso Beans,372.75,29
5817,Sweet Tea Hibiscus Leaves,473.74,33
5818,Light Snack Popcorn Bag,106.0,37
5819,Special Drink Juice Box,184.24,41
5820,Local Bakery Banana Bread,217.5,45
5821,Roasted Coffee Cappuccino Sticks,654.25,88
5822,Sweet Tea Jasmine Pearls,497.49,92
5823,Light Snack Trail Mix,151.99,96
5824,Special Drink Sports Drink,185.99,1
5825,Local Bakery Cinnamon Roll,177.5,5
5826,Fresh Dairy Greek Yogurt,244.49,9
5827,Classic Pantry Soy Sauce 1L,208.25,13
5828,Original Frozen Frozen Pizza,129.49,17
5829,Salted Produce Garlic Bulb,82.25,21
5830,Spicy Meat Lamb Chops,200.99,25
5831,Deluxe Bath Mouthwash,163.99,29
5832,Imported Clean Floor Wax,426.0,33
5833,Natural Office Highlighter,74.25,37
5834,Organic Tech Earphones,1572.5,41
5835,Premium Pet Cat Food 1kg,182.49,45
5836,Roasted Coffee Espresso Beans,376.0,49
5837,Sweet Tea Hibiscus Leaves,476.99,53
5838,Light Snack Popcorn Bag,109.25,57
5839,Special Drink Juice Box,187.49,61
5840,Local Bakery Banana Bread,220.75,65
5841,Roasted Coffee Cappuccino Sticks,657.5,9
5842,Sweet Tea Jasmine Pearls,500.74,13
5843,Light Snack Trail Mix,155.24,17
5844,Special Drink Sports Drink,189.24,21
5845,Local Bakery Cinnamon Roll,180.75,25
5846,Fresh Dairy Greek Yogurt,247.74,29
5847,Classic Pantry Soy Sauce 1L,211.5,33
5848,Original Frozen Frozen Pizza,132.74,37
5849,Salted Produce Garlic Bulb,85.5,41
5850,Spicy Meat Lamb Chops,204.24,45
5851,Deluxe Bath Mouthwash,167.24,49
5852,Imported Clean Floor Wax,429.25,53
5853,Natural Office Highlighter,77.5,57
5854,Organic Tech Earphones,1575.75,61
5855,Premium Pet Cat Food 1kg,185.74,65
5856,Roasted Coffee Espresso Beans,379.25,69
5857,Sweet Tea Hibiscus Leaves,480.24,73
5858,Light Snack Popcorn Bag,112.5,77
5859,Special Drink Juice Box,190.74,81
5860,Local Bakery Banana Bread,224.0,85
5861,Roasted Coffee Cappuccino Sticks,660.75,29
5862,Sweet Tea Jasmine Pearls,503.99,33
5863,Light Snack Trail Mix,158.49,37
5864,Special Drink Sports Drink,192.49,41
5865,Local Bakery Cinnamon Roll,184.0,45
5866,Fresh Dairy Greek Yogurt,250.99,49
5867,Classic Pantry Soy Sauce 1L,214.75,53
5868,Original Frozen Frozen Pizza,135.99,57
5869,Salted Produce Garlic Bulb,88.75,61
5870,Spicy Meat Lamb Chops,207.49,65
5871,Deluxe Bath Mouthwash,170.49,69
5872,Imported Clean Floor Wax,432.5,73
5873,Natural Office Highlighter,80.75,77
5874,Organic Tech Earphones,1579.0,81
5875,Premium Pet Cat Food 1kg,188.99,85
5876,Roasted Coffee Espresso Beans,382.5,89
5877,Sweet Tea Hibiscus Leaves,483.49,93
5878,Light Snack Popcorn Bag,115.75,97
5879,Special Drink Juice Box,193.99,2
5880,Local Bakery Banana Bread,204.5,6
5881,Roasted Coffee Cappuccino Sticks,641.25,49
5882,Sweet Tea Jasmine Pearls,484.49,53
5883,Light Snack Trail Mix,138.99,57
5884,Special Drink Sports Drink,172.99,61
5885,Local Bakery Cinnamon Roll,164.5,65
5886,Fresh Dairy Greek Yogurt,231.49,69
5887,Classic Pantry Soy Sauce 1L,195.25,73
5888,Original Frozen Frozen Pizza,116.49,77
5889,Salted Produce Garlic Bulb,69.25,81
5890,Spicy Meat Lamb Chops,187.99,85
5891,Deluxe Bath Mouthwash,150.99,89
5892,Imported Clean Floor Wax,413.0,93
5893,Natural Office Highlighter,61.25,97
5894,Organic Tech Earphones,1559.5,2
5895,Premium Pet Cat Food 1kg,169.49,6
5896,Roasted Coffee Espresso Beans,363.0,10
5897,Sweet Tea Hibiscus Leaves,463.99,14
5898,Light Snack Popcorn Bag,96.25,18
5899,Special Drink Juice Box,174.49,22
5900,Local Bakery Banana Bread,207.75,26
5901,Roasted Coffee Cappuccino Sticks,644.5,69
5902,Sweet Tea Jasmine Pearls,487.74,73
5903,Light Snack Trail Mix,142.24,77
5904,Special Drink Sports Drink,176.24,81
5905,Local Bakery Cinnamon Roll,167.75,85
5906,Fresh Dairy Greek Yogurt,234.74,89
5907,Classic Pantry Soy Sauce 1L,198.5,93
5908,Original Frozen Frozen Pizza,119.74,97
5909,Salted Produce Garlic Bulb,72.5,2
5910,Spicy Meat Lamb Chops,191.24,6
5911,Deluxe Bath Mouthwash,154.24,10
5912,Imported Clean Floor Wax,416.25,14
5913,Natural Office Highlighter,64.5,18
5914,Organic Tech Earphones,1562.75,22
5915,Premium Pet Cat Food 1kg,172.74,26
5916,Roasted Coffee Espresso Beans,366.25,30
5917,Sweet Tea Hibiscus Leaves,467.24,34
5918,Light Snack Popcorn Bag,99.5,38
5919,Special Drink Juice Box,177.74,42
5920,Local Bakery Banana Bread,211.0,46
5921,Roasted Coffee Cappuccino Sticks,647.75,89
5922,Sweet Tea Jasmine Pearls,490.99,93
5923,Light Snack Trail Mix,145.49,97
5924,Special Drink Sports Drink,179.49,2
5925,Local Bakery Cinnamon Roll,171.0,6
5926,Fresh Dairy Greek Yogurt,237.99,10
5927,Classic Pantry Soy Sauce 1L,201.75,14
5928,Original Frozen Frozen Pizza,122.99,18
5929,Salted Produce Garlic Bulb,75.75,22
5930,Spicy Meat Lamb Chops,194.49,26
5931,Deluxe Bath Mouthwash,157.49,30
5932,Imported Clean Floor Wax,419.5,34
5933,Natural Office Highlighter,67.75,38
5934,Organic Tech Earphones,1566.0,42
5935,Premium Pet Cat Food 1kg,175.99,46
5936,Roasted Coffee Espresso Beans,369.5,50
5937,Sweet Tea Hibiscus Leaves,470.49,54
5938,Light Snack Popcorn Bag,102.75,58
5939,Special Drink Juice Box,180.99,62
5940,Local Bakery Banana Bread,214.25,66
5941,Roasted Coffee Cappuccino Sticks,651.0,10
5942,Sweet Tea Jasmine Pearls,494.24,14
5943,Light Snack Trail Mix,148.74,18
5944,Special Drink Sports Drink,182.74,22
5945,Local Bakery Cinnamon Roll,174.25,26
5946,Fresh Dairy Greek Yogurt,241.24,30
5947,Classic Pantry Soy Sauce 1L,205.0,34
5948,Original Frozen Frozen Pizza,126.24,38
5949,Salted Produce Garlic Bulb,79.0,42
5950,Spicy Meat Lamb Chops,197.74,46
5951,Deluxe Bath Mouthwash,160.74,50
5952,Imported Clean Floor Wax,422.75,54
5953,Natural Office Highlighter,71.0,58
5954,Organic Tech Earphones,1569.25,62
5955,Premium Pet Cat Food 1kg,179.24,66
5956,Roasted Coffee Espresso Beans,372.75,70
5957,Sweet Tea Hibiscus Leaves,473.74,74
5958,Light Snack Popcorn Bag,106.0,78
5959,Special Drink Juice Box,184.24,82
5960,Local Bakery Banana Bread,217.5,86
5961,Roasted Coffee Cappuccino Sticks,654.25,30
5962,Sweet Tea Jasmine Pearls,497.49,34
5963,Light Snack Trail Mix,151.99,38
5964,Special Drink Sports Drink,185.99,42
5965,Local Bakery Cinnamon Roll,177.5,46
5966,Fresh Dairy Greek Yogurt,244.49,50
5967,Classic Pantry Soy Sauce 1L,208.25,54
5968,Original Frozen Frozen Pizza,129.49,58
5969,Salted Produce Garlic Bulb,82.25,62
5970,Spicy Meat Lamb Chops,200.99,66
5971,Deluxe Bath Mouthwash,163.99,70
5972,Imported Clean Floor Wax,426.0,74
5973,Natural Office Highlighter,74.25,78
5974,Organic Tech Earphones,1572.5,82
5975,Premium Pet Cat Food 1kg,182.49,86
5976,Roasted Coffee Espresso Beans,376.0,90
5977,Sweet Tea Hibiscus Leaves,476.99,94
5978,Light Snack Popcorn Bag,109.25,98
5979,Special Drink Juice Box,187.49,3
5980,Local Bakery Banana Bread,220.75,7
5981,Roasted Coffee Cappuccino Sticks,657.5,50
5982,Sweet Tea Jasmine Pearls,500.74,54
5983,Light Snack Trail Mix,155.24,58
5984,Special Drink Sports Drink,189.24,62
5985,Local Bakery Cinnamon Roll,180.75,66
5986,Fresh Dairy Greek Yogurt,247.74,70
5987,Classic Pantry Soy Sauce 1L,211.5,74
5988,Original Frozen Frozen Pizza,132.74,78
5989,Salted Produce Garlic Bulb,85.5,82
5990,Spicy Meat Lamb Chops,204.24,86
5991,Deluxe Bath Mouthwash,167.24,90
5992,Imported Clean Floor Wax,429.25,94
5993,Natural Office Highlighter,77.5,98
5994,Organic Tech Earphones,1575.75,3
5995,Premium Pet Cat Food 1kg,185.74,7
5996,Roasted Coffee Espresso Beans,379.25,11
5997,Sweet Tea Hibiscus Leaves,480.24,15
5998,Light Snack Popcorn Bag,112.5,19
5999,Special Drink Juice Box,190.74,23
6000,Local Bakery Banana Bread,224.0,27
6001,Roasted Coffee Cappuccino Sticks,660.75,70
6002,Sweet Tea Jasmine Pearls,503.99,74
6003,Light Snack Trail Mix,158.49,78
6004,Special Drink Sports Drink,192.49,82
6005,Local Bakery Cinnamon Roll,184.0,86
6006,Fresh Dairy Greek Yogurt,250.99,90
6007,Classic Pantry Soy Sauce 1L,214.75,94
6008,Original Frozen Frozen Pizza,135.99,98
6009,Salted Produce Garlic Bulb,88.75,3
6010,Spicy Meat Lamb Chops,207.49,7
6011,Deluxe Bath Mouthwash,170.49,11
6012,Imported Clean Floor Wax,432.5,15
6013,Natural Office Highlighter,80.75,19
6014,Organic Tech Earphones,1579.0,23
6015,Premium Pet Cat Food 1kg,188.99,27
6016,Roasted Coffee Espresso Beans,382.5,31
6017,Sweet Tea Hibiscus Leaves,483.49,35
6018,Light Snack Popcorn Bag,115.75,39
6019,Special Drink Juice Box,193.99,43
6020,Local Bakery Banana Bread,204.5,47
6021,Roasted Coffee Cappuccino Sticks,641.25,90
6022,Sweet Tea Jasmine Pearls,484.49,94
6023,Light Snack Trail Mix,138.99,98
6024,Special Drink Sports Drink,172.99,3
6025,Local Bakery Cinnamon Roll,164.5,7
6026,Fresh Dairy Greek Yogurt,231.49,11
6027,Classic Pantry Soy Sauce 1L,195.25,15
6028,Original Frozen Frozen Pizza,116.49,19
6029,Salted Produce Garlic Bulb,69.25,23
6030,Spicy Meat Lamb Chops,187.99,27
6031,Deluxe Bath Mouthwash,150.99,31
6032,Imported Clean Floor Wax,413.0,35
6033,Natural Office Highlighter,61.25,39
6034,Organic Tech Earphones,1559.5,43
6035,Premium Pet Cat Food 1kg,169.49,47
6036,Roasted Coffee Espresso Beans,363.0,51
6037,Sweet Tea Hibiscus Leaves,463.99,55
6038,Light Snack Popcorn Bag,96.25,59
6039,Special Drink Juice Box,174.49,63
6040,Local Bakery Banana Bread,207.75,67
6041,Roasted Coffee Cappuccino Sticks,644.5,11
6042,Sweet Tea Jasmine Pearls,487.74,15
6043,Light Snack Trail Mix,142.24,19
6044,Special Drink Sports Drink,176.24,23
6045,Local Bakery Cinnamon Roll,167.75,27
6046,Fresh Dairy Greek Yogurt,234.74,31
6047,Classic Pantry Soy Sauce 1L,198.5,35
6048,Original Frozen Frozen Pizza,119.74,39
6049,Salted Produce Garlic Bulb,72.5,43
6050,Spicy Meat Lamb Chops,191.24,47
6051,Deluxe Bath Mouthwash,154.24,51
6052,Imported Clean Floor Wax,416.25,55
6053,Natural Office Highlighter,64.5,59
6054,Organic Tech Earphones,1562.75,63
6055,Premium Pet Cat Food 1kg,172.74,67
6056,Roasted Coffee Espresso Beans,366.25,71
6057,Sweet Tea Hibiscus Leaves,467.24,75
6058,Light Snack Popcorn Bag,99.5,79
6059,Special Drink Juice Box,177.74,83
6060,Local Bakery Banana Bread,211.0,87
6061,Roasted Coffee Cappuccino Sticks,647.75,31
6062,Sweet Tea Jasmine Pearls,490.99,35
6063,Light Snack Trail Mix,145.49,39
6064,Special Drink Sports Drink,179.49,43
6065,Local Bakery Cinnamon Roll,171.0,47
6066,Fresh Dairy Greek Yogurt,237.99,51
6067,Classic Pantry Soy Sauce 1L,201.75,55
6068,Original Frozen Frozen Pizza,122.99,59
6069,Salted Produce Garlic Bulb,75.75,63
6070,Spicy Meat Lamb Chops,194.49,67
6071,Deluxe Bath Mouthwash,157.49,71
6072,Imported Clean Floor Wax,419.5,75
6073,Natural Office Highlighter,67.75,79
6074,Organic Tech Earphones,1566.0,83
6075,Premium Pet Cat Food 1kg,175.99,87
6076,Roasted Coffee Espresso Beans,369.5,91
6077,Sweet Tea Hibiscus Leaves,470.49,95
6078,Light Snack Popcorn Bag,102.75,99
6079,Special Drink Juice Box,180.99,4
6080,Local Bakery Banana Bread,214.25,8
6081,Roasted Coffee Cappuccino Sticks,651.0,51
6082,Sweet Tea Jasmine Pearls,494.24,55
6083,Light Snack Trail Mix,148.74,59
6084,Special Drink Sports Drink,182.74,63
6085,Local Bakery Cinnamon Roll,174.25,67
6086,Fresh Dairy Greek Yogurt,241.24,71
6087,Classic Pantry Soy Sauce 1L,205.0,75
6088,Original Frozen Frozen Pizza,126.24,79
6089,Salted Produce Garlic Bulb,79.0,83
6090,Spicy Meat Lamb Chops,197.74,87
6091,Deluxe Bath Mouthwash,160.74,91
6092,Imported Clean Floor Wax,422.75,95
6093,Natural Office Highlighter,71.0,99
6094,Organic Tech Earphones,1569.25,4
6095,Premium Pet Cat Food 1kg,179.24,8
6096,Roasted Coffee Espresso Beans,372.75,12
6097,Sweet Tea Hibiscus Leaves,473.74,16
6098,Light Snack Popcorn Bag,106.0,20
6099,Special Drink Juice Box,184.24,24
6100,Local Bakery Banana Bread,217.5,28
6101,Roasted Coffee Cappuccino Sticks,654.25,71
6102,Sweet Tea Jasmine Pearls,497.49,75
6103,Light Snack Trail Mix,151.99,79
6104,Special Drink Sports Drink,185.99,83
6105,Local Bakery Cinnamon Roll,177.5,87
6106,Fresh Dairy Greek Yogurt,244.49,91
6107,Classic Pantry Soy Sauce 1L,208.25,95
6108,Original Frozen Frozen Pizza,129.49,99
6109,Salted Produce Garlic Bulb,82.25,4
6110,Spicy Meat Lamb Chops,200.99,8
6111,Deluxe Bath Mouthwash,163.99,12
6112,Imported Clean Floor Wax,426.0,16
6113,Natural Office Highlighter,74.25,20
6114,Organic Tech Earphones,1572.5,24
6115,Premium Pet Cat Food 1kg,182.49,28
6116,Roasted Coffee Espresso Beans,376.0,32
6117,Sweet Tea Hibiscus Leaves,476.99,36
6118,Light Snack Popcorn Bag,109.25,40
6119,Special Drink Juice Box,187.49,44
6120,Local Bakery Banana Bread,220.75,48
6121,Roasted Coffee Cappuccino Sticks,657.5,91
6122,Sweet Tea Jasmine Pearls,500.74,95
6123,Light Snack Trail Mix,155.24,99
6124,Special Drink Sports Drink,189.24,4
6125,Local Bakery Cinnamon Roll,180.75,8
6126,Fresh Dairy Greek Yogurt,247.74,12
6127,Classic Pantry Soy Sauce 1L,211.5,16
6128,Original Frozen Frozen Pizza,132.74,20
6129,Salted Produce Garlic Bulb,85.5,24
6130,Spicy Meat Lamb Chops,204.24,28
6131,Deluxe Bath Mouthwash,167.24,32
6132,Imported Clean Floor Wax,429.25,36
6133,Natural Office Highlighter,77.5,40
6134,Organic Tech Earphones,1575.75,44
6135,Premium Pet Cat Food 1kg,185.74,48
6136,Roasted Coffee Espresso Beans,379.25,52
6137,Sweet Tea Hibiscus Leaves,480.24,56
6138,Light Snack Popcorn Bag,112.5,60
6139,Special Drink Juice Box,190.74,64
6140,Local Bakery Banana Bread,224.0,68
6141,Roasted Coffee Cappuccino Sticks,660.75,12
6142,Sweet Tea Jasmine Pearls,503.99,16
6143,Light Snack Trail Mix,158.49,20
6144,Special Drink Sports Drink,192.49,24
6145,Local Bakery Cinnamon Roll,184.0,28
6146,Fresh Dairy Greek Yogurt,250.99,32
6147,Classic Pantry Soy Sauce 1L,214.75,36
6148,Original Frozen Frozen Pizza,135.99,40
6149,Salted Produce Garlic Bulb,88.75,44
6150,Spicy Meat Lamb Chops,207.49,48
6151,Deluxe Bath Mouthwash,170.49,52
6152,Imported Clean Floor Wax,432.5,56
6153,Natural Office Highlighter,80.75,60
6154,Organic Tech Earphones,1579.0,64
6155,Premium Pet Cat Food 1kg,188.99,68
6156,Roasted Coffee Espresso Beans,382.5,72
6157,Sweet Tea Hibiscus Leaves,483.49,76
6158,Light Snack Popcorn Bag,115.75,80
6159,Special Drink Juice Box,193.99,84
6160,Local Bakery Banana Bread,204.5,88
6161,Roasted Coffee Cappuccino Sticks,641.25,32
6162,Sweet Tea Jasmine Pearls,484.49,36
6163,Light Snack Trail Mix,138.99,40
6164,Special Drink Sports Drink,172.99,44
6165,Local Bakery Cinnamon Roll,164.5,48
6166,Fresh Dairy Greek Yogurt,231.49,52
6167,Classic Pantry Soy Sauce 1L,195.25,56
6168,Original Frozen Frozen Pizza,116.49,60
6169,Salted Produce Garlic Bulb,69.25,64
6170,Spicy Meat Lamb Chops,187.99,68
6171,Deluxe Bath Mouthwash,150.99,72
6172,Imported Clean Floor Wax,413.0,76
6173,Natural Office Highlighter,61.25,80
6174,Organic Tech Earphones,1559.5,84
6175,Premium Pet Cat Food 1kg,169.49,88
6176,Roasted Coffee Espresso Beans,363.0,92
6177,Sweet Tea Hibiscus Leaves,463.99,96
6178,Light Snack Popcorn Bag,96.25,1
6179,Special Drink Juice Box,174.49,5
6180,Local Bakery Banana Bread,207.75,9
6181,Roasted Coffee Cappuccino Sticks,644.5,52
6182,Sweet Tea Jasmine Pearls,487.74,56
6183,Light Snack Trail Mix,142.24,60
6184,Special Drink Sports Drink,176.24,64
6185,Local Bakery Cinnamon Roll,167.75,68
6186,Fresh Dairy Greek Yogurt,234.74,72
6187,Classic Pantry Soy Sauce 1L,198.5,76
6188,Original Frozen Frozen Pizza,119.74,80
6189,Salted Produce Garlic Bulb,72.5,84
6190,Spicy Meat Lamb Chops,191.24,88
6191,Deluxe Bath Mouthwash,154.24,92
6192,Imported Clean Floor Wax,416.25,96
6193,Natural Office Highlighter,64.5,1
6194,Organic Tech Earphones,1562.75,5
6195,Premium Pet Cat Food 1kg,172.74,9
6196,Roasted Coffee Espresso Beans,366.25,13
6197,Sweet Tea Hibiscus Leaves,467.24,17
6198,Light Snack Popcorn Bag,99.5,21
6199,Special Drink Juice Box,177.74,25
6200,Local Bakery Banana Bread,211.0,29
6201,Roasted Coffee Cappuccino Sticks,647.75,72
6202,Sweet Tea Jasmine Pearls,490.99,76
6203,Light Snack Trail Mix,145.49,80
6204,Special Drink Sports Drink,179.49,84
6205,Local Bakery Cinnamon Roll,171.0,88
6206,Fresh Dairy Greek Yogurt,237.99,92
6207,Classic Pantry Soy Sauce 1L,201.75,96
6208,Original Frozen Frozen Pizza,122.99,1
6209,Salted Produce Garlic Bulb,75.75,5
6210,Spicy Meat Lamb Chops,194.49,9
6211,Deluxe Bath Mouthwash,157.49,13
6212,Imported Clean Floor Wax,419.5,17
6213,Natural Office Highlighter,67.75,21
6214,Organic Tech Earphones,1566.0,25
6215,Premium Pet Cat Food 1kg,175.99,29
6216,Roasted Coffee Espresso Beans,369.5,33
6217,Sweet Tea Hibiscus Leaves,470.49,37
6218,Light Snack Popcorn Bag,102.75,41
6219,Special Drink Juice Box,180.99,45
6220,Local Bakery Banana Bread,214.25,49
6221,Roasted Coffee Cappuccino Sticks,651.0,92
6222,Sweet Tea Jasmine Pearls,494.24,96
6223,Light Snack Trail Mix,148.74,1
6224,Special Drink Sports Drink,182.74,5
6225,Local Bakery Cinnamon Roll,174.25,9
6226,Fresh Dairy Greek Yogurt,241.24,13
6227,Classic Pantry Soy Sauce 1L,205.0,17
6228,Original Frozen Frozen Pizza,126.24,21
6229,Salted Produce Garlic Bulb,79.0,25
6230,Spicy Meat Lamb Chops,197.74,29
6231,Deluxe Bath Mouthwash,160.74,33
6232,Imported Clean Floor Wax,422.75,37
6233,Natural Office Highlighter,71.0,41
6234,Organic Tech Earphones,1569.25,45
6235,Premium Pet Cat Food 1kg,179.24,49
6236,Roasted Coffee Espresso Beans,372.75,53
6237,Sweet Tea Hibiscus Leaves,473.74,57
6238,Light Snack Popcorn Bag,106.0,61
6239,Special Drink Juice Box,184.24,65
6240,Local Bakery Banana Bread,217.5,69
6241,Roasted Coffee Cappuccino Sticks,654.25,13
6242,Sweet Tea Jasmine Pearls,497.49,17
6243,Light Snack Trail Mix,151.99,21
6244,Special Drink Sports Drink,185.99,25
6245,Local Bakery Cinnamon Roll,177.5,29
6246,Fresh Dairy Greek Yogurt,244.49,33
6247,Classic Pantry Soy Sauce 1L,208.25,37
6248,Original Frozen Frozen Pizza,129.49,41
6249,Salted Produce Garlic Bulb,82.25,45
6250,Spicy Meat Lamb Chops,200.99,49
6251,Deluxe Bath Mouthwash,163.99,53
6252,Imported Clean Floor Wax,426.0,57
6253,Natural Office Highlighter,74.25,61
6254,Organic Tech Earphones,1572.5,65
6255,Premium Pet Cat Food 1kg,182.49,69
6256,Roasted Coffee Espresso Beans,376.0,73
6257,Sweet Tea Hibiscus Leaves,476.99,77
6258,Light Snack Popcorn Bag,109.25,81
6259,Special Drink Juice Box,187.49,85
6260,Local Bakery Banana Bread,220.75,89
6261,Roasted Coffee Cappuccino Sticks,657.5,33
6262,Sweet Tea Jasmine Pearls,500.74,37
6263,Light Snack Trail Mix,155.24,41
6264,Special Drink Sports Drink,189.24,45
6265,Local Bakery Cinnamon Roll,180.75,49
6266,Fresh Dairy Greek Yogurt,247.74,53
6267,Classic Pantry Soy Sauce 1L,211.5,57
6268,Original Frozen Frozen Pizza,132.74,61
6269,Salted Produce Garlic Bulb,85.5,65
6270,Spicy Meat Lamb Chops,204.24,69
6271,Deluxe Bath Mouthwash,167.24,73
6272,Imported Clean Floor Wax,429.25,77
6273,Natural Office Highlighter,77.5,81
6274,Organic Tech Earphones,1575.75,85
6275,Premium Pet Cat Food 1kg,185.74,89
6276,Roasted Coffee Espresso Beans,379.25,93
6277,Sweet Tea Hibiscus Leaves,480.24,97
6278,Light Snack Popcorn Bag,112.5,2
6279,Special Drink Juice Box,190.74,6
6280,Local Bakery Banana Bread,224.0,10
6281,Roasted Coffee Cappuccino Sticks,660.75,53
6282,Sweet Tea Jasmine Pearls,503.99,57
6283,Light Snack Trail Mix,158.49,61
6284,Special Drink Sports Drink,192.49,65
6285,Local Bakery Cinnamon Roll,184.0,69
6286,Fresh Dairy Greek Yogurt,250.99,73
6287,Classic Pantry Soy Sauce 1L,214.75,77
6288,Original Frozen Frozen Pizza,135.99,81
6289,Salted Produce Garlic Bulb,88.75,85
6290,Spicy Meat Lamb Chops,207.49,89
6291,Deluxe Bath Mouthwash,170.49,93
6292,Imported Clean Floor Wax,432.5,97
6293,Natural Office Highlighter,80.75,2
6294,Organic Tech Earphones,1579.0,6
6295,Premium Pet Cat Food 1kg,188.99,10
6296,Roasted Coffee Espresso Beans,382.5,14
6297,Sweet Tea Hibiscus Leaves,483.49,18
6298,Light Snack Popcorn Bag,115.75,22
6299,Special Drink Juice Box,193.99,26
6300,Local Bakery Banana Bread,204.5,30
6301,Roasted Coffee Cappuccino Sticks,641.25,73
6302,Sweet Tea Jasmine Pearls,484.49,77
6303,Light Snack Trail Mix,138.99,81
6304,Special Drink Sports Drink,172.99,85
6305,Local Bakery Cinnamon Roll,164.5,89
6306,Fresh Dairy Greek Yogurt,231.49,93
6307,Classic Pantry Soy Sauce 1L,195.25,97
6308,Original Frozen Frozen Pizza,116.49,2
6309,Salted Produce Garlic Bulb,69.25,6
6310,Spicy Meat Lamb Chops,187.99,10
6311,Deluxe Bath Mouthwash,150.99,14
6312,Imported Clean Floor Wax,413.0,18
6313,Natural Office Highlighter,61.25,22
6314,Organic Tech Earphones,1559.5,26
6315,Premium Pet Cat Food 1kg,169.49,30
6316,Roasted Coffee Espresso Beans,363.0,34
6317,Sweet Tea Hibiscus Leaves,463.99,38
6318,Light Snack Popcorn Bag,96.25,42
6319,Special Drink Juice Box,174.49,46
6320,Local Bakery Banana Bread,207.75,50
6321,Roasted Coffee Cappuccino Sticks,644.5,93
6322,Sweet Tea Jasmine Pearls,487.74,97
6323,Light Snack Trail Mix,142.24,2
6324,Special Drink Sports Drink,176.24,6
6325,Local Bakery Cinnamon Roll,167.75,10
6326,Fresh Dairy Greek Yogurt,234.74,14
6327,Classic Pantry Soy Sauce 1L,198.5,18
6328,Original Frozen Frozen Pizza,119.74,22
6329,Salted Produce Garlic Bulb,72.5,26
6330,Spicy Meat Lamb Chops,191.24,30
6331,Deluxe Bath Mouthwash,154.24,34
6332,Imported Clean Floor Wax,416.25,38
6333,Natural Office Highlighter,64.5,42
6334,Organic Tech Earphones,1562.75,46
6335,Premium Pet Cat Food 1kg,172.74,50
6336,Roasted Coffee Espresso Beans,366.25,54
6337,Sweet Tea Hibiscus Leaves,467.24,58
6338,Light Snack Popcorn Bag,99.5,62
6339,Special Drink Juice Box,177.74,66
6340,Local Bakery Banana Bread,211.0,70
6341,Roasted Coffee Cappuccino Sticks,647.75,14
6342,Sweet Tea Jasmine Pearls,490.99,18
6343,Light Snack Trail Mix,145.49,22
6344,Special Drink Sports Drink,179.49,26
6345,Local Bakery Cinnamon Roll,171.0,30
6346,Fresh Dairy Greek Yogurt,237.99,34
6347,Classic Pantry Soy Sauce 1L,201.75,38
6348,Original Frozen Frozen Pizza,122.99,42
6349,Salted Produce Garlic Bulb,75.75,46
6350,Spicy Meat Lamb Chops,194.49,50
6351,Deluxe Bath Mouthwash,157.49,54
6352,Imported Clean Floor Wax,419.5,58
6353,Natural Office Highlighter,67.75,62
6354,Organic Tech Earphones,1566.0,66
6355,Premium Pet Cat Food 1kg,175.99,70
6356,Roasted Coffee Espresso Beans,369.5,74
6357,Sweet Tea Hibiscus Leaves,470.49,78
6358,Light Snack Popcorn Bag,102.75,82
6359,Special Drink Juice Box,180.99,86
6360,Local Bakery Banana Bread,214.25,90
6361,Roasted Coffee Cappuccino Sticks,651.0,34
6362,Sweet Tea Jasmine Pearls,494.24,38
6363,Light Snack Trail Mix,148.74,42
6364,Special Drink Sports Drink,182.74,46
6365,Local Bakery Cinnamon Roll,174.25,50
6366,Fresh Dairy Greek Yogurt,241.24,54
6367,Classic Pantry Soy Sauce 1L,205.0,58
6368,Original Frozen Frozen Pizza,126.24,62
6369,Salted Produce Garlic Bulb,79.0,66
6370,Spicy Meat Lamb Chops,197.74,70
6371,Deluxe Bath Mouthwash,160.74,74
6372,Imported Clean Floor Wax,422.75,78
6373,Natural Office Highlighter,71.0,82
6374,Organic Tech Earphones,1569.25,86
6375,Premium Pet Cat Food 1kg,179.24,90
6376,Roasted Coffee Espresso Beans,372.75,94
6377,Sweet Tea Hibiscus Leaves,473.74,98
6378,Light Snack Popcorn Bag,106.0,3
6379,Special Drink Juice Box,184.24,7
6380,Local Bakery Banana Bread,217.5,11
6381,Roasted Coffee Cappuccino Sticks,654.25,54
6382,Sweet Tea Jasmine Pearls,497.49,58
6383,Light Snack Trail Mix,151.99,62
6384,Special Drink Sports Drink,185.99,66
6385,Local Bakery Cinnamon Roll,177.5,70
6386,Fresh Dairy Greek Yogurt,244.49,74
6387,Classic Pantry Soy Sauce 1L,208.25,78
6388,Original Frozen Frozen Pizza,129.49,82
6389,Salted Produce Garlic Bulb,82.25,86
6390,Spicy Meat Lamb Chops,200.99,90
6391,Deluxe Bath Mouthwash,163.99,94
6392,Imported Clean Floor Wax,426.0,98
6393,Natural Office Highlighter,74.25,3
6394,Organic Tech Earphones,1572.5,7
6395,Premium Pet Cat Food 1kg,182.49,11
6396,Roasted Coffee Espresso Beans,376.0,15
6397,Sweet Tea Hibiscus Leaves,476.99,19
6398,Light Snack Popcorn Bag,109.25,23
6399,Special Drink Juice Box,187.49,27
6400,Local Bakery Banana Bread,220.75,31
6401,Roasted Coffee Cappuccino Sticks,657.5,74
6402,Sweet Tea Jasmine Pearls,500.74,78
6403,Light Snack Trail Mix,155.24,82
6404,Special Drink Sports Drink,189.24,86
6405,Local Bakery Cinnamon Roll,180.75,90
6406,Fresh Dairy Greek Yogurt,247.74,94
6407,Classic Pantry Soy Sauce 1L,211.5,98
6408,Original Frozen Frozen Pizza,132.74,3
6409,Salted Produce Garlic Bulb,85.5,7
6410,Spicy Meat Lamb Chops,204.24,11
6411,Deluxe Bath Mouthwash,167.24,15
6412,Imported Clean Floor Wax,429.25,19
6413,Natural Office Highlighter,77.5,23
6414,Organic Tech Earphones,1575.75,27
6415,Premium Pet Cat Food 1kg,185.74,31
6416,Roasted Coffee Espresso Beans,379.25,35
6417,Sweet Tea Hibiscus Leaves,480.24,39
6418,Light Snack Popcorn Bag,112.5,43
6419,Special Drink Juice Box,190.74,47
6420,Local Bakery Banana Bread,224.0,51
6421,Roasted Coffee Cappuccino Sticks,660.75,94
6422,Sweet Tea Jasmine Pearls,503.99,98
6423,Light Snack Trail Mix,158.49,3
6424,Special Drink Sports Drink,192.49,7
6425,Local Bakery Cinnamon Roll,184.0,11
6426,Fresh Dairy Greek Yogurt,250.99,15
6427,Classic Pantry Soy Sauce 1L,214.75,19
6428,Original Frozen Frozen Pizza,135.99,23
6429,Salted Produce Garlic Bulb,88.75,27
6430,Spicy Meat Lamb Chops,207.49,31
6431,Deluxe Bath Mouthwash,170.49,35
6432,Imported Clean Floor Wax,432.5,39
6433,Natural Office Highlighter,80.75,43
6434,Organic Tech Earphones,1579.0,47
6435,Premium Pet Cat Food 1kg,188.99,51
6436,Roasted Coffee Espresso Beans,382.5,55
6437,Sweet Tea Hibiscus Leaves,483.49,59
6438,Light Snack Popcorn Bag,115.75,63
6439,Special Drink Juice Box,193.99,67
6440,Local Bakery Banana Bread,204.5,71
6441,Roasted Coffee Cappuccino Sticks,641.25,15
6442,Sweet Tea Jasmine Pearls,484.49,19
6443,Light Snack Trail Mix,138.99,23
6444,Special Drink Sports Drink,172.99,27
6445,Local Bakery Cinnamon Roll,164.5,31
6446,Fresh Dairy Greek Yogurt,231.49,35
6447,Classic Pantry Soy Sauce 1L,195.25,39
6448,Original Frozen Frozen Pizza,116.49,43
6449,Salted Produce Garlic Bulb,69.25,47
6450,Spicy Meat Lamb Chops,187.99,51
6451,Deluxe Bath Mouthwash,150.99,55
6452,Imported Clean Floor Wax,413.0,59
6453,Natural Office Highlighter,61.25,63
6454,Organic Tech Earphones,1559.5,67
6455,Premium Pet Cat Food 1kg,169.49,71
6456,Roasted Coffee Espresso Beans,363.0,75
6457,Sweet Tea Hibiscus Leaves,463.99,79
6458,Light Snack Popcorn Bag,96.25,83
6459,Special Drink Juice Box,174.49,87
6460,Local Bakery Banana Bread,207.75,91
6461,Roasted Coffee Cappuccino Sticks,644.5,35
6462,Sweet Tea Jasmine Pearls,487.74,39
6463,Light Snack Trail Mix,142.24,43
6464,Special Drink Sports Drink,176.24,47
6465,Local Bakery Cinnamon Roll,167.75,51
6466,Fresh Dairy Greek Yogurt,234.74,55
6467,Classic Pantry Soy Sauce 1L,198.5,59
6468,Original Frozen Frozen Pizza,119.74,63
6469,Salted Produce Garlic Bulb,72.5,67
6470,Spicy Meat Lamb Chops,191.24,71
6471,Deluxe Bath Mouthwash,154.24,75
6472,Imported Clean Floor Wax,416.25,79
6473,Natural Office Highlighter,64.5,83
6474,Organic Tech Earphones,1562.75,87
6475,Premium Pet Cat Food 1kg,172.74,91
6476,Roasted Coffee Espresso Beans,366.25,95
6477,Sweet Tea Hibiscus Leaves,467.24,99
6478,Light Snack Popcorn Bag,99.5,4
6479,Special Drink Juice Box,177.74,8
6480,Local Bakery Banana Bread,211.0,12
6481,Roasted Coffee Cappuccino Sticks,647.75,55
6482,Sweet Tea Jasmine Pearls,490.99,59
6483,Light Snack Trail Mix,145.49,63
6484,Special Drink Sports Drink,179.49,67
6485,Local Bakery Cinnamon Roll,171.0,71
6486,Fresh Dairy Greek Yogurt,237.99,75
6487,Classic Pantry Soy Sauce 1L,201.75,79
6488,Original Frozen Frozen Pizza,122.99,83
6489,Salted Produce Garlic Bulb,75.75,87
6490,Spicy Meat Lamb Chops,194.49,91
6491,Deluxe Bath Mouthwash,157.49,95
6492,Imported Clean Floor Wax,419.5,99
6493,Natural Office Highlighter,67.75,4
6494,Organic Tech Earphones,1566.0,8
6495,Premium Pet Cat Food 1kg,175.99,12
6496,Roasted Coffee Espresso Beans,369.5,16
6497,Sweet Tea Hibiscus Leaves,470.49,20
6498,Light Snack Popcorn Bag,102.75,24
6499,Special Drink Juice Box,180.99,28
6500,Local Bakery Banana Bread,214.25,32
6501,Roasted Coffee Cappuccino Sticks,651.0,75
6502,Sweet Tea Jasmine Pearls,494.24,79
6503,Light Snack Trail Mix,148.74,83
6504,Special Drink Sports Drink,182.74,87
6505,Local Bakery Cinnamon Roll,174.25,91
6506,Fresh Dairy Greek Yogurt,241.24,95
6507,Classic Pantry Soy Sauce 1L,205.0,99
6508,Original Frozen Frozen Pizza,126.24,4
6509,Salted Produce Garlic Bulb,79.0,8
6510,Spicy Meat Lamb Chops,197.74,12
6511,Deluxe Bath Mouthwash,160.74,16
6512,Imported Clean Floor Wax,422.75,20
6513,Natural Office Highlighter,71.0,24
6514,Organic Tech Earphones,1569.25,28
6515,Premium Pet Cat Food 1kg,179.24,32
6516,Roasted Coffee Espresso Beans,372.75,36
6517,Sweet Tea Hibiscus Leaves,473.74,40
6518,Light Snack Popcorn Bag,106.0,44
6519,Special Drink Juice Box,184.24,48
6520,Local Bakery Banana Bread,217.5,52
6521,Roasted Coffee Cappuccino Sticks,654.25,95
6522,Sweet Tea Jasmine Pearls,497.49,99
6523,Light Snack Trail Mix,151.99,4
6524,Special Drink Sports Drink,185.99,8
6525,Local Bakery Cinnamon Roll,177.5,12
6526,Fresh Dairy Greek Yogurt,244.49,16
6527,Classic Pantry Soy Sauce 1L,208.25,20
6528,Original Frozen Frozen Pizza,129.49,24
6529,Salted Produce Garlic Bulb,82.25,28
6530,Spicy Meat Lamb Chops,200.99,32
6531,Deluxe Bath Mouthwash,163.99,36
6532,Imported Clean Floor Wax,426.0,40
6533,Natural Office Highlighter,74.25,44
6534,Organic Tech Earphones,1572.5,48
6535,Premium Pet Cat Food 1kg,182.49,52
6536,Roasted Coffee Espresso Beans,376.0,56
6537,Sweet Tea Hibiscus Leaves,476.99,60
6538,Light Snack Popcorn Bag,109.25,64
6539,Special Drink Juice Box,187.49,68
6540,Local Bakery Banana Bread,220.75,72
6541,Roasted Coffee Cappuccino Sticks,657.5,16
6542,Sweet Tea Jasmine Pearls,500.74,20
6543,Light Snack Trail Mix,155.24,24
6544,Special Drink Sports Drink,189.24,28
6545,Local Bakery Cinnamon Roll,180.75,32
6546,Fresh Dairy Greek Yogurt,247.74,36
6547,Classic Pantry Soy Sauce 1L,211.5,40
6548,Original Frozen Frozen Pizza,132.74,44
6549,Salted Produce Garlic Bulb,85.5,48
6550,Spicy Meat Lamb Chops,204.24,52
6551,Deluxe Bath Mouthwash,167.24,56
6552,Imported Clean Floor Wax,429.25,60
6553,Natural Office Highlighter,77.5,64
6554,Organic Tech Earphones,1575.75,68
6555,Premium Pet Cat Food 1kg,185.74,72
6556,Roasted Coffee Espresso Beans,379.25,76
6557,Sweet Tea Hibiscus Leaves,480.24,80
6558,Light Snack Popcorn Bag,112.5,84
6559,Special Drink Juice Box,190.74,88
6560,Local Bakery Banana Bread,224.0,92
6561,Roasted Coffee Cappuccino Sticks,660.75,36
6562,Sweet Tea Jasmine Pearls,503.99,40
6563,Light Snack Trail Mix,158.49,44
6564,Special Drink Sports Drink,192.49,48
6565,Local Bakery Cinnamon Roll,184.0,52
6566,Fresh Dairy Greek Yogurt,250.99,56
6567,Classic Pantry Soy Sauce 1L,214.75,60
6568,Original Frozen Frozen Pizza,135.99,64
6569,Salted Produce Garlic Bulb,88.75,68
6570,Spicy Meat Lamb Chops,207.49,72
6571,Deluxe Bath Mouthwash,170.49,76
6572,Imported Clean Floor Wax,432.5,80
6573,Natural Office Highlighter,80.75,84
6574,Organic Tech Earphones,1579.0,88
6575,Premium Pet Cat Food 1kg,188.99,92
6576,Roasted Coffee Espresso Beans,382.5,96
6577,Sweet Tea Hibiscus Leaves,483.49,1
6578,Light Snack Popcorn Bag,115.75,5
6579,Special Drink Juice Box,193.99,9
6580,Local Bakery Banana Bread,204.5,13
6581,Roasted Coffee Cappuccino Sticks,641.25,56
6582,Sweet Tea Jasmine Pearls,484.49,60
6583,Light Snack Trail Mix,138.99,64
6584,Special Drink Sports Drink,172.99,68
6585,Local Bakery Cinnamon Roll,164.5,72
6586,Fresh Dairy Greek Yogurt,231.49,76
6587,Classic Pantry Soy Sauce 1L,195.25,80
6588,Original Frozen Frozen Pizza,116.49,84
6589,Salted Produce Garlic Bulb,69.25,88
6590,Spicy Meat Lamb Chops,187.99,92
6591,Deluxe Bath Mouthwash,150.99,96
6592,Imported Clean Floor Wax,413.0,1
6593,Natural Office Highlighter,61.25,5
6594,Organic Tech Earphones,1559.5,9
6595,Premium Pet Cat Food 1kg,169.49,13
6596,Roasted Coffee Espresso Beans,363.0,17
6597,Sweet Tea Hibiscus Leaves,463.99,21
6598,Light Snack Popcorn Bag,96.25,25
6599,Special Drink Juice Box,174.49,29
6600,Local Bakery Banana Bread,207.75,33
6601,Roasted Coffee Cappuccino Sticks,644.5,76
6602,Sweet Tea Jasmine Pearls,487.74,80
6603,Light Snack Trail Mix,142.24,84
6604,Special Drink Sports Drink,176.24,88
6605,Local Bakery Cinnamon Roll,167.75,92
6606,Fresh Dairy Greek Yogurt,234.74,96
6607,Classic Pantry Soy Sauce 1L,198.5,1
6608,Original Frozen Frozen Pizza,119.74,5
6609,Salted Produce Garlic Bulb,72.5,9
6610,Spicy Meat Lamb Chops,191.24,13
6611,Deluxe Bath Mouthwash,154.24,17
6612,Imported Clean Floor Wax,416.25,21
6613,Natural Office Highlighter,64.5,25
6614,Organic Tech Earphones,1562.75,29
6615,Premium Pet Cat Food 1kg,172.74,33
6616,Roasted Coffee Espresso Beans,366.25,37
6617,Sweet Tea Hibiscus Leaves,467.24,41
6618,Light Snack Popcorn Bag,99.5,45
6619,Special Drink Juice Box,177.74,49
6620,Local Bakery Banana Bread,211.0,53
6621,Roasted Coffee Cappuccino Sticks,647.75,96
6622,Sweet Tea Jasmine Pearls,490.99,1
6623,Light Snack Trail Mix,145.49,5
6624,Special Drink Sports Drink,179.49,9
6625,Local Bakery Cinnamon Roll,171.0,13
6626,Fresh Dairy Greek Yogurt,237.99,17
6627,Classic Pantry Soy Sauce 1L,201.75,21
6628,Original Frozen Frozen Pizza,122.99,25
6629,Salted Produce Garlic Bulb,75.75,29
6630,Spicy Meat Lamb Chops,194.49,33
6631,Deluxe Bath Mouthwash,157.49,37
6632,Imported Clean Floor Wax,419.5,41
6633,Natural Office Highlighter,67.75,45
6634,Organic Tech Earphones,1566.0,49
6635,Premium Pet Cat Food 1kg,175.99,53
6636,Roasted Coffee Espresso Beans,369.5,57
6637,Sweet Tea Hibiscus Leaves,470.49,61
6638,Light Snack Popcorn Bag,102.75,65
6639,Special Drink Juice Box,180.99,69
6640,Local Bakery Banana Bread,214.25,73
6641,Roasted Coffee Cappuccino Sticks,651.0,17
6642,Sweet Tea Jasmine Pearls,494.24,21
6643,Light Snack Trail Mix,148.74,25
6644,Special Drink Sports Drink,182.74,29
6645,Local Bakery Cinnamon Roll,174.25,33
6646,Fresh Dairy Greek Yogurt,241.24,37
6647,Classic Pantry Soy Sauce 1L,205.0,41
6648,Original Frozen Frozen Pizza,126.24,45
6649,Salted Produce Garlic Bulb,79.0,49
6650,Spicy Meat Lamb Chops,197.74,53
6651,Deluxe Bath Mouthwash,160.74,57
6652,Imported Clean Floor Wax,422.75,61
6653,Natural Office Highlighter,71.0,65
6654,Organic Tech Earphones,1569.25,69
6655,Premium Pet Cat Food 1kg,179.24,73
6656,Roasted Coffee Espresso Beans,372.75,77
6657,Sweet Tea Hibiscus Leaves,473.74,81
6658,Light Snack Popcorn Bag,106.0,85
6659,Special Drink Juice Box,184.24,89
6660,Local Bakery Banana Bread,217.5,93
6661,Roasted Coffee Cappuccino Sticks,654.25,37
6662,Sweet Tea Jasmine Pearls,497.49,41
6663,Light Snack Trail Mix,151.99,45
6664,Special Drink Sports Drink,185.99,49
6665,Local Bakery Cinnamon Roll,177.5,53
6666,Fresh Dairy Greek Yogurt,244.49,57
6667,Classic Pantry Soy Sauce 1L,208.25,61
6668,Original Frozen Frozen Pizza,129.49,65
6669,Salted Produce Garlic Bulb,82.25,69
6670,Spicy Meat Lamb Chops,200.99,73
6671,Deluxe Bath Mouthwash,163.99,77
6672,Imported Clean Floor Wax,426.0,81
6673,Natural Office Highlighter,74.25,85
6674,Organic Tech Earphones,1572.5,89
6675,Premium Pet Cat Food 1kg,182.49,93
6676,Roasted Coffee Espresso Beans,376.0,97
6677,Sweet Tea Hibiscus Leaves,476.99,2
6678,Light Snack Popcorn Bag,109.25,6
6679,Special Drink Juice Box,187.49,10
6680,Local Bakery Banana Bread,220.75,14
6681,Roasted Coffee Cappuccino Sticks,657.5,57
6682,Sweet Tea Jasmine Pearls,500.74,61
6683,Light Snack Trail Mix,155.24,65
6684,Special Drink Sports Drink,189.24,69
6685,Local Bakery Cinnamon Roll,180.75,73
6686,Fresh Dairy Greek Yogurt,247.74,77
6687,Classic Pantry Soy Sauce 1L,211.5,81
6688,Original Frozen Frozen Pizza,132.74,85
6689,Salted Produce Garlic Bulb,85.5,89
6690,Spicy Meat Lamb Chops,204.24,93
6691,Deluxe Bath Mouthwash,167.24,97
6692,Imported Clean Floor Wax,429.25,2
6693,Natural Office Highlighter,77.5,6
6694,Organic Tech Earphones,1575.75,10
6695,Premium Pet Cat Food 1kg,185.74,14
6696,Roasted Coffee Espresso Beans,379.25,18
6697,Sweet Tea Hibiscus Leaves,480.24,22
6698,Light Snack Popcorn Bag,112.5,26
6699,Special Drink Juice Box,190.74,30
6700,Local Bakery Banana Bread,224.0,34
6701,Roasted Coffee Cappuccino Sticks,660.75,77
6702,Sweet Tea Jasmine Pearls,503.99,81
6703,Light Snack Trail Mix,158.49,85
6704,Special Drink Sports Drink,192.49,89
6705,Local Bakery Cinnamon Roll,184.0,93
6706,Fresh Dairy Greek Yogurt,250.99,97
6707,Classic Pantry Soy Sauce 1L,214.75,2
6708,Original Frozen Frozen Pizza,135.99,6
6709,Salted Produce Garlic Bulb,88.75,10
6710,Spicy Meat Lamb Chops,207.49,14
6711,Deluxe Bath Mouthwash,170.49,18
6712,Imported Clean Floor Wax,432.5,22
6713,Natural Office Highlighter,80.75,26
6714,Organic Tech Earphones,1579.0,30
6715,Premium Pet Cat Food 1kg,188.99,34
6716,Roasted Coffee Espresso Beans,382.5,38
6717,Sweet Tea Hibiscus Leaves,483.49,42
6718,Light Snack Popcorn Bag,115.75,46
6719,Special Drink Juice Box,193.99,50
6720,Local Bakery Banana Bread,204.5,54
6721,Roasted Coffee Cappuccino Sticks,641.25,97
6722,Sweet Tea Jasmine Pearls,484.49,2
6723,Light Snack Trail Mix,138.99,6
6724,Special Drink Sports Drink,172.99,10
6725,Local Bakery Cinnamon Roll,164.5,14
6726,Fresh Dairy Greek Yogurt,231.49,18
6727,Classic Pantry Soy Sauce 1L,195.25,22
6728,Original Frozen Frozen Pizza,116.49,26
6729,Salted Produce Garlic Bulb,69.25,30
6730,Spicy Meat Lamb Chops,187.99,34
6731,Deluxe Bath Mouthwash,150.99,38
6732,Imported Clean Floor Wax,413.0,42
6733,Natural Office Highlighter,61.25,46
6734,Organic Tech Earphones,1559.5,50
6735,Premium Pet Cat Food 1kg,169.49,54
6736,Roasted Coffee Espresso Beans,363.0,58
6737,Sweet Tea Hibiscus Leaves,463.99,62
6738,Light Snack Popcorn Bag,96.25,66
6739,Special Drink Juice Box,174.49,70
6740,Local Bakery Banana Bread,207.75,74
6741,Roasted Coffee Cappuccino Sticks,644.5,18
6742,Sweet Tea Jasmine Pearls,487.74,22
6743,Light Snack Trail Mix,142.24,26
6744,Special Drink Sports Drink,176.24,30
6745,Local Bakery Cinnamon Roll,167.75,34
6746,Fresh Dairy Greek Yogurt,234.74,38
6747,Classic Pantry Soy Sauce 1L,198.5,42
6748,Original Frozen Frozen Pizza,119.74,46
6749,Salted Produce Garlic Bulb,72.5,50
6750,Spicy Meat Lamb Chops,191.24,54
6751,Deluxe Bath Mouthwash,154.24,58
6752,Imported Clean Floor Wax,416.25,62
6753,Natural Office Highlighter,64.5,66
6754,Organic Tech Earphones,1562.75,70
6755,Premium Pet Cat Food 1kg,172.74,74
6756,Roasted Coffee Espresso Beans,366.25,78
6757,Sweet Tea Hibiscus Leaves,467.24,82
6758,Light Snack Popcorn Bag,99.5,86
6759,Special Drink Juice Box,177.74,90
6760,Local Bakery Banana Bread,211.0,94
6761,Roasted Coffee Cappuccino Sticks,647.75,38
6762,Sweet Tea Jasmine Pearls,490.99,42
6763,Light Snack Trail Mix,145.49,46
6764,Special Drink Sports Drink,179.49,50
6765,Local Bakery Cinnamon Roll,171.0,54
6766,Fresh Dairy Greek Yogurt,237.99,58
6767,Classic Pantry Soy Sauce 1L,201.75,62
6768,Original Frozen Frozen Pizza,122.99,66
6769,Salted Produce Garlic Bulb,75.75,70
6770,Spicy Meat Lamb Chops,194.49,74
6771,Deluxe Bath Mouthwash,157.49,78
6772,Imported Clean Floor Wax,419.5,82
6773,Natural Office Highlighter,67.75,86
6774,Organic Tech Earphones,1566.0,90
6775,Premium Pet Cat Food 1kg,175.99,94
6776,Roasted Coffee Espresso Beans,369.5,98
6777,Sweet Tea Hibiscus Leaves,470.49,3
6778,Light Snack Popcorn Bag,102.75,7
6779,Special Drink Juice Box,180.99,11
6780,Local Bakery Banana Bread,214.25,15
6781,Roasted Coffee Cappuccino Sticks,651.0,58
6782,Sweet Tea Jasmine Pearls,494.24,62
6783,Light Snack Trail Mix,148.74,66
6784,Special Drink Sports Drink,182.74,70
6785,Local Bakery Cinnamon Roll,174.25,74
6786,Fresh Dairy Greek Yogurt,241.24,78
6787,Classic Pantry Soy Sauce 1L,205.0,82
6788,Original Frozen Frozen Pizza,126.24,86
6789,Salted Produce Garlic Bulb,79.0,90
6790,Spicy Meat Lamb Chops,197.74,94
6791,Deluxe Bath Mouthwash,160.74,98
6792,Imported Clean Floor Wax,422.75,3
6793,Natural Office Highlighter,71.0,7
6794,Organic Tech Earphones,1569.25,11
6795,Premium Pet Cat Food 1kg,179.24,15
6796,Roasted Coffee Espresso Beans,372.75,19
6797,Sweet Tea Hibiscus Leaves,473.74,23
6798,Light Snack Popcorn Bag,106.0,27
6799,Special Drink Juice Box,184.24,31
6800,Local Bakery Banana Bread,217.5,35
6801,Roasted Coffee Cappuccino Sticks,654.25,78
6802,Sweet Tea Jasmine Pearls,497.49,82
6803,Light Snack Trail Mix,151.99,86
6804,Special Drink Sports Drink,185.99,90
6805,Local Bakery Cinnamon Roll,177.5,94
6806,Fresh Dairy Greek Yogurt,244.49,98
6807,Classic Pantry Soy Sauce 1L,208.25,3
6808,Original Frozen Frozen Pizza,129.49,7
6809,Salted Produce Garlic Bulb,82.25,11
6810,Spicy Meat Lamb Chops,200.99,15
6811,Deluxe Bath Mouthwash,163.99,19
6812,Imported Clean Floor Wax,426.0,23
6813,Natural Office Highlighter,74.25,27
6814,Organic Tech Earphones,1572.5,31
6815,Premium Pet Cat Food 1kg,182.49,35
6816,Roasted Coffee Espresso Beans,376.0,39
6817,Sweet Tea Hibiscus Leaves,476.99,43
6818,Light Snack Popcorn Bag,109.25,47
6819,Special Drink Juice Box,187.49,51
6820,Local Bakery Banana Bread,220.75,55
6821,Roasted Coffee Cappuccino Sticks,657.5,98
6822,Sweet Tea Jasmine Pearls,500.74,3
6823,Light Snack Trail Mix,155.24,7
6824,Special Drink Sports Drink,189.24,11
6825,Local Bakery Cinnamon Roll,180.75,15
6826,Fresh Dairy Greek Yogurt,247.74,19
6827,Classic Pantry Soy Sauce 1L,211.5,23
6828,Original Frozen Frozen Pizza,132.74,27
6829,Salted Produce Garlic Bulb,85.5,31
6830,Spicy Meat Lamb Chops,204.24,35
6831,Deluxe Bath Mouthwash,167.24,39
6832,Imported Clean Floor Wax,429.25,43
6833,Natural Office Highlighter,77.5,47
6834,Organic Tech Earphones,1575.75,51
6835,Premium Pet Cat Food 1kg,185.74,55
6836,Roasted Coffee Espresso Beans,379.25,59
6837,Sweet Tea Hibiscus Leaves,480.24,63
6838,Light Snack Popcorn Bag,112.5,67
6839,Special Drink Juice Box,190.74,71
6840,Local Bakery Banana Bread,224.0,75
6841,Roasted Coffee Cappuccino Sticks,660.75,19
6842,Sweet Tea Jasmine Pearls,503.99,23
6843,Light Snack Trail Mix,158.49,27
6844,Special Drink Sports Drink,192.49,31
6845,Local Bakery Cinnamon Roll,184.0,35
6846,Fresh Dairy Greek Yogurt,250.99,39
6847,Classic Pantry Soy Sauce 1L,214.75,43
6848,Original Frozen Frozen Pizza,135.99,47
6849,Salted Produce Garlic Bulb,88.75,51
6850,Spicy Meat Lamb Chops,207.49,55
6851,Deluxe Bath Mouthwash,170.49,59
6852,Imported Clean Floor Wax,432.5,63
6853,Natural Office Highlighter,80.75,67
6854,Organic Tech Earphones,1579.0,71
6855,Premium Pet Cat Food 1kg,188.99,75
6856,Roasted Coffee Espresso Beans,382.5,79
6857,Sweet Tea Hibiscus Leaves,483.49,83
6858,Light Snack Popcorn Bag,115.75,87
6859,Special Drink Juice Box,193.99,91
6860,Local Bakery Banana Bread,204.5,95
6861,Roasted Coffee Cappuccino Sticks,641.25,39
6862,Sweet Tea Jasmine Pearls,484.49,43
6863,Light Snack Trail Mix,138.99,47
6864,Special Drink Sports Drink,172.99,51
6865,Local Bakery Cinnamon Roll,164.5,55
6866,Fresh Dairy Greek Yogurt,231.49,59
6867,Classic Pantry Soy Sauce 1L,195.25,63
6868,Original Frozen Frozen Pizza,116.49,67
6869,Salted Produce Garlic Bulb,69.25,71
6870,Spicy Meat Lamb Chops,187.99,75
6871,Deluxe Bath Mouthwash,150.99,79
6872,Imported Clean Floor Wax,413.0,83
6873,Natural Office Highlighter,61.25,87
6874,Organic Tech Earphones,1559.5,91
6875,Premium Pet Cat Food 1kg,169.49,95
6876,Roasted Coffee Espresso Beans,363.0,99
6877,Sweet Tea Hibiscus Leaves,463.99,4
6878,Light Snack Popcorn Bag,96.25,8
6879,Special Drink Juice Box,174.49,12
6880,Local Bakery Banana Bread,207.75,16
6881,Roasted Coffee Cappuccino Sticks,644.5,59
6882,Sweet Tea Jasmine Pearls,487.74,63
6883,Light Snack Trail Mix,142.24,67
6884,Special Drink Sports Drink,176.24,71
6885,Local Bakery Cinnamon Roll,167.75,75
6886,Fresh Dairy Greek Yogurt,234.74,79
6887,Classic Pantry Soy Sauce 1L,198.5,83
6888,Original Frozen Frozen Pizza,119.74,87
6889,Salted Produce Garlic Bulb,72.5,91
6890,Spicy Meat Lamb Chops,191.24,95
6891,Deluxe Bath Mouthwash,154.24,99
6892,Imported Clean Floor Wax,416.25,4
6893,Natural Office Highlighter,64.5,8
6894,Organic Tech Earphones,1562.75,12
6895,Premium Pet Cat Food 1kg,172.74,16
6896,Roasted Coffee Espresso Beans,366.25,20
6897,Sweet Tea Hibiscus Leaves,467.24,24
6898,Light Snack Popcorn Bag,99.5,28
6899,Special Drink Juice Box,177.74,32
6900,Local Bakery Banana Bread,211.0,36
6901,Roasted Coffee Cappuccino Sticks,647.75,79
6902,Sweet Tea Jasmine Pearls,490.99,83
6903,Light Snack Trail Mix,145.49,87
6904,Special Drink Sports Drink,179.49,91
6905,Local Bakery Cinnamon Roll,171.0,95
6906,Fresh Dairy Greek Yogurt,237.99,99
6907,Classic Pantry Soy Sauce 1L,201.75,4
6908,Original Frozen Frozen Pizza,122.99,8
6909,Salted Produce Garlic Bulb,75.75,12
6910,Spicy Meat Lamb Chops,194.49,16
6911,Deluxe Bath Mouthwash,157.49,20
6912,Imported Clean Floor Wax,419.5,24
6913,Natural Office Highlighter,67.75,28
6914,Organic Tech Earphones,1566.0,32
6915,Premium Pet Cat Food 1kg,175.99,36
6916,Roasted Coffee Espresso Beans,369.5,40
6917,Sweet Tea Hibiscus Leaves,470.49,44
6918,Light Snack Popcorn Bag,102.75,48
6919,Special Drink Juice Box,180.99,52
6920,Local Bakery Banana Bread,214.25,56
6921,Roasted Coffee Cappuccino Sticks,651.0,99
6922,Sweet Tea Jasmine Pearls,494.24,4
6923,Light Snack Trail Mix,148.74,8
6924,Special Drink Sports Drink,182.74,12
6925,Local Bakery Cinnamon Roll,174.25,16
6926,Fresh Dairy Greek Yogurt,241.24,20
6927,Classic Pantry Soy Sauce 1L,205.0,24
6928,Original Frozen Frozen Pizza,126.24,28
6929,Salted Produce Garlic Bulb,79.0,32
6930,Spicy Meat Lamb Chops,197.74,36
6931,Deluxe Bath Mouthwash,160.74,40
6932,Imported Clean Floor Wax,422.75,44
6933,Natural Office Highlighter,71.0,48
6934,Organic Tech Earphones,1569.25,52
6935,Premium Pet Cat Food 1kg,179.24,56
6936,Roasted Coffee Espresso Beans,372.75,60
6937,Sweet Tea Hibiscus Leaves,473.74,64
6938,Light Snack Popcorn Bag,106.0,68
6939,Special Drink Juice Box,184.24,72
6940,Local Bakery Banana Bread,217.5,76
6941,Roasted Coffee Cappuccino Sticks,654.25,20
6942,Sweet Tea Jasmine Pearls,497.49,24
6943,Light Snack Trail Mix,151.99,28
6944,Special Drink Sports Drink,185.99,32
6945,Local Bakery Cinnamon Roll,177.5,36
6946,Fresh Dairy Greek Yogurt,244.49,40
6947,Classic Pantry Soy Sauce 1L,208.25,44
6948,Original Frozen Frozen Pizza,129.49,48
6949,Salted Produce Garlic Bulb,82.25,52
6950,Spicy Meat Lamb Chops,200.99,56
6951,Deluxe Bath Mouthwash,163.99,60
6952,Imported Clean Floor Wax,426.0,64
6953,Natural Office Highlighter,74.25,68
6954,Organic Tech Earphones,1572.5,72
6955,Premium Pet Cat Food 1kg,182.49,76
6956,Roasted Coffee Espresso Beans,376.0,80
6957,Sweet Tea Hibiscus Leaves,476.99,84
6958,Light Snack Popcorn Bag,109.25,88
6959,Special Drink Juice Box,187.49,92
6960,Local Bakery Banana Bread,220.75,96
6961,Roasted Coffee Cappuccino Sticks,657.5,40
6962,Sweet Tea Jasmine Pearls,500.74,44
6963,Light Snack Trail Mix,155.24,48
6964,Special Drink Sports Drink,189.24,52
6965,Local Bakery Cinnamon Roll,180.75,56
6966,Fresh Dairy Greek Yogurt,247.74,60
6967,Classic Pantry Soy Sauce 1L,211.5,64
6968,Original Frozen Frozen Pizza,132.74,68
6969,Salted Produce Garlic Bulb,85.5,72
6970,Spicy Meat Lamb Chops,204.24,76
6971,Deluxe Bath Mouthwash,167.24,80
6972,Imported Clean Floor Wax,429.25,84
6973,Natural Office Highlighter,77.5,88
6974,Organic Tech Earphones,1575.75,92
6975,Premium Pet Cat Food 1kg,185.74,96
6976,Roasted Coffee Espresso Beans,379.25,1
6977,Sweet Tea Hibiscus Leaves,480.24,5
6978,Light Snack Popcorn Bag,112.5,9
6979,Special Drink Juice Box,190.74,13
6980,Local Bakery Banana Bread,224.0,17
6981,Roasted Coffee Cappuccino Sticks,660.75,60
6982,Sweet Tea Jasmine Pearls,503.99,64
6983,Light Snack Trail Mix,158.49,68
6984,Special Drink Sports Drink,192.49,72
6985,Local Bakery Cinnamon Roll,184.0,76
6986,Fresh Dairy Greek Yogurt,250.99,80
6987,Classic Pantry Soy Sauce 1L,214.75,84
6988,Original Frozen Frozen Pizza,135.99,88
6989,Salted Produce Garlic Bulb,88.75,92
6990,Spicy Meat Lamb Chops,207.49,96
6991,Deluxe Bath Mouthwash,170.49,1
6992,Imported Clean Floor Wax,432.5,5
6993,Natural Office Highlighter,80.75,9
6994,Organic Tech Earphones,1579.0,13
6995,Premium Pet Cat Food 1kg,188.99,17
6996,Roasted Coffee Espresso Beans,382.5,21
6997,Sweet Tea Hibiscus Leaves,483.49,25
6998,Light Snack Popcorn Bag,115.75,29
6999,Special Drink Juice Box,193.99,33
7000,Local Bakery Banana Bread,204.5,37
7001,Roasted Coffee Cappuccino Sticks,641.25,80
7002,Sweet Tea Jasmine Pearls,484.49,84
7003,Light Snack Trail Mix,138.99,88
7004,Special Drink Sports Drink,172.99,92
7005,Local Bakery Cinnamon Roll,164.5,96
7006,Fresh Dairy Greek Yogurt,231.49,1
7007,Classic Pantry Soy Sauce 1L,195.25,5
7008,Original Frozen Frozen Pizza,116.49,9
7009,Salted Produce Garlic Bulb,69.25,13
7010,Spicy Meat Lamb Chops,187.99,17
7011,Deluxe Bath Mouthwash,150.99,21
7012,Imported Clean Floor Wax,413.0,25
7013,Natural Office Highlighter,61.25,29
7014,Organic Tech Earphones,1559.5,33
7015,Premium Pet Cat Food 1kg,169.49,37
7016,Roasted Coffee Espresso Beans,363.0,41
7017,Sweet Tea Hibiscus Leaves,463.99,45
7018,Light Snack Popcorn Bag,96.25,49
7019,Special Drink Juice Box,174.49,53
7020,Local Bakery Banana Bread,207.75,57
7021,Roasted Coffee Cappuccino Sticks,644.5,1
7022,Sweet Tea Jasmine Pearls,487.74,5
7023,Light Snack Trail Mix,142.24,9
7024,Special Drink Sports Drink,176.24,13
7025,Local Bakery Cinnamon Roll,167.75,17
7026,Fresh Dairy Greek Yogurt,234.74,21
7027,Classic Pantry Soy Sauce 1L,198.5,25
7028,Original Frozen Frozen Pizza,119.74,29
7029,Salted Produce Garlic Bulb,72.5,33
7030,Spicy Meat Lamb Chops,191.24,37
7031,Deluxe Bath Mouthwash,154.24,41
7032,Imported Clean Floor Wax,416.25,45
7033,Natural Office Highlighter,64.5,49
7034,Organic Tech Earphones,1562.75,53
7035,Premium Pet Cat Food 1kg,172.74,57
7036,Roasted Coffee Espresso Beans,366.25,61
7037,Sweet Tea Hibiscus Leaves,467.24,65
7038,Light Snack Popcorn Bag,99.5,69
7039,Special Drink Juice Box,177.74,73
7040,Local Bakery Banana Bread,211.0,77
7041,Roasted Coffee Cappuccino Sticks,647.75,21
7042,Sweet Tea Jasmine Pearls,490.99,25
7043,Light Snack Trail Mix,145.49,29
7044,Special Drink Sports Drink,179.49,33
7045,Local Bakery Cinnamon Roll,171.0,37
7046,Fresh Dairy Greek Yogurt,237.99,41
7047,Classic Pantry Soy Sauce 1L,201.75,45
7048,Original Frozen Frozen Pizza,122.99,49
7049,Salted Produce Garlic Bulb,75.75,53
7050,Spicy Meat Lamb Chops,194.49,57
7051,Deluxe Bath Mouthwash,157.49,61
7052,Imported Clean Floor Wax,419.5,65
7053,Natural Office Highlighter,67.75,69
7054,Organic Tech Earphones,1566.0,73
7055,Premium Pet Cat Food 1kg,175.99,77
7056,Roasted Coffee Espresso Beans,369.5,81
7057,Sweet Tea Hibiscus Leaves,470.49,85
7058,Light Snack Popcorn Bag,102.75,89
7059,Special Drink Juice Box,180.99,93
7060,Local Bakery Banana Bread,214.25,97
7061,Roasted Coffee Cappuccino Sticks,651.0,41
7062,Sweet Tea Jasmine Pearls,494.24,45
7063,Light Snack Trail Mix,148.74,49
7064,Special Drink Sports Drink,182.74,53
7065,Local Bakery Cinnamon Roll,174.25,57
7066,Fresh Dairy Greek Yogurt,241.24,61
7067,Classic Pantry Soy Sauce 1L,205.0,65
7068,Original Frozen Frozen Pizza,126.24,69
7069,Salted Produce Garlic Bulb,79.0,73
7070,Spicy Meat Lamb Chops,197.74,77
7071,Deluxe Bath Mouthwash,160.74,81
7072,Imported Clean Floor Wax,422.75,85
7073,Natural Office Highlighter,71.0,89
7074,Organic Tech Earphones,1569.25,93
7075,Premium Pet Cat Food 1kg,179.24,97
7076,Roasted Coffee Espresso Beans,372.75,2
7077,Sweet Tea Hibiscus Leaves,473.74,6
7078,Light Snack Popcorn Bag,106.0,10
7079,Special Drink Juice Box,184.24,14
7080,Local Bakery Banana Bread,217.5,18
7081,Roasted Coffee Cappuccino Sticks,654.25,61
7082,Sweet Tea Jasmine Pearls,497.49,65
7083,Light Snack Trail Mix,151.99,69
7084,Special Drink Sports Drink,185.99,73
7085,Local Bakery Cinnamon Roll,177.5,77
7086,Fresh Dairy Greek Yogurt,244.49,81
7087,Classic Pantry Soy Sauce 1L,208.25,85
7088,Original Frozen Frozen Pizza,129.49,89
7089,Salted Produce Garlic Bulb,82.25,93
7090,Spicy Meat Lamb Chops,200.99,97
7091,Deluxe Bath Mouthwash,163.99,2
7092,Imported Clean Floor Wax,426.0,6
7093,Natural Office Highlighter,74.25,10
7094,Organic Tech Earphones,1572.5,14
7095,Premium Pet Cat Food 1kg,182.49,18
7096,Roasted Coffee Espresso Beans,376.0,22
7097,Sweet Tea Hibiscus Leaves,476.99,26
7098,Light Snack Popcorn Bag,109.25,30
7099,Special Drink Juice Box,187.49,34
7100,Local Bakery Banana Bread,220.75,38
7101,Roasted Coffee Cappuccino Sticks,657.5,81
7102,Sweet Tea Jasmine Pearls,500.74,85
7103,Light Snack Trail Mix,155.24,89
7104,Special Drink Sports Drink,189.24,93
7105,Local Bakery Cinnamon Roll,180.75,97
7106,Fresh Dairy Greek Yogurt,247.74,2
7107,Classic Pantry Soy Sauce 1L,211.5,6
7108,Original Frozen Frozen Pizza,132.74,10
7109,Salted Produce Garlic Bulb,85.5,14
7110,Spicy Meat Lamb Chops,204.24,18
7111,Deluxe Bath Mouthwash,167.24,22
7112,Imported Clean Floor Wax,429.25,26
7113,Natural Office Highlighter,77.5,30
7114,Organic Tech Earphones,1575.75,34
7115,Premium Pet Cat Food 1kg,185.74,38
7116,Roasted Coffee Espresso Beans,379.25,42
7117,Sweet Tea Hibiscus Leaves,480.24,46
7118,Light Snack Popcorn Bag,112.5,50
7119,Special Drink Juice Box,190.74,54
7120,Local Bakery Banana Bread,224.0,58
7121,Roasted Coffee Cappuccino Sticks,660.75,2
7122,Sweet Tea Jasmine Pearls,503.99,6
7123,Light Snack Trail Mix,158.49,10
7124,Special Drink Sports Drink,192.49,14
7125,Local Bakery Cinnamon Roll,184.0,18
7126,Fresh Dairy Greek Yogurt,250.99,22
7127,Classic Pantry Soy Sauce 1L,214.75,26
7128,Original Frozen Frozen Pizza,135.99,30
7129,Salted Produce Garlic Bulb,88.75,34
7130,Spicy Meat Lamb Chops,207.49,38
7131,Deluxe Bath Mouthwash,170.49,42
7132,Imported Clean Floor Wax,432.5,46
7133,Natural Office Highlighter,80.75,50
7134,Organic Tech Earphones,1579.0,54
7135,Premium Pet Cat Food 1kg,188.99,58
7136,Roasted Coffee Espresso Beans,382.5,62
7137,Sweet Tea Hibiscus Leaves,483.49,66
7138,Light Snack Popcorn Bag,115.75,70
7139,Special Drink Juice Box,193.99,74
7140,Local Bakery Banana Bread,204.5,78
7141,Roasted Coffee Cappuccino Sticks,641.25,22
7142,Sweet Tea Jasmine Pearls,484.49,26
7143,Light Snack Trail Mix,138.99,30
7144,Special Drink Sports Drink,172.99,34
7145,Local Bakery Cinnamon Roll,164.5,38
7146,Fresh Dairy Greek Yogurt,231.49,42
7147,Classic Pantry Soy Sauce 1L,195.25,46
7148,Original Frozen Frozen Pizza,116.49,50
7149,Salted Produce Garlic Bulb,69.25,54
7150,Spicy Meat Lamb Chops,187.99,58
7151,Deluxe Bath Mouthwash,150.99,62
7152,Imported Clean Floor Wax,413.0,66
7153,Natural Office Highlighter,61.25,70
7154,Organic Tech Earphones,1559.5,74
7155,Premium Pet Cat Food 1kg,169.49,78
7156,Roasted Coffee Espresso Beans,363.0,82
7157,Sweet Tea Hibiscus Leaves,463.99,86
7158,Light Snack Popcorn Bag,96.25,90
7159,Special Drink Juice Box,174.49,94
7160,Local Bakery Banana Bread,207.75,98
7161,Roasted Coffee Cappuccino Sticks,644.5,42
7162,Sweet Tea Jasmine Pearls,487.74,46
7163,Light Snack Trail Mix,142.24,50
7164,Special Drink Sports Drink,176.24,54
7165,Local Bakery Cinnamon Roll,167.75,58
7166,Fresh Dairy Greek Yogurt,234.74,62
7167,Classic Pantry Soy Sauce 1L,198.5,66
7168,Original Frozen Frozen Pizza,119.74,70
7169,Salted Produce Garlic Bulb,72.5,74
7170,Spicy Meat Lamb Chops,191.24,78
7171,Deluxe Bath Mouthwash,154.24,82
7172,Imported Clean Floor Wax,416.25,86
7173,Natural Office Highlighter,64.5,90
7174,Organic Tech Earphones,1562.75,94
7175,Premium Pet Cat Food 1kg,172.74,98
7176,Roasted Coffee Espresso Beans,366.25,3
7177,Sweet Tea Hibiscus Leaves,467.24,7
7178,Light Snack Popcorn Bag,99.5,11
7179,Special Drink Juice Box,177.74,15
7180,Local Bakery Banana Bread,211.0,19
7181,Roasted Coffee Cappuccino Sticks,647.75,62
7182,Sweet Tea Jasmine Pearls,490.99,66
7183,Light Snack Trail Mix,145.49,70
7184,Special Drink Sports Drink,179.49,74
7185,Local Bakery Cinnamon Roll,171.0,78
7186,Fresh Dairy Greek Yogurt,237.99,82
7187,Classic Pantry Soy Sauce 1L,201.75,86
7188,Original Frozen Frozen Pizza,122.99,90
7189,Salted Produce Garlic Bulb,75.75,94
7190,Spicy Meat Lamb Chops,194.49,98
7191,Deluxe Bath Mouthwash,157.49,3
7192,Imported Clean Floor Wax,419.5,7
7193,Natural Office Highlighter,67.75,11
7194,Organic Tech Earphones,1566.0,15
7195,Premium Pet Cat Food 1kg,175.99,19
7196,Roasted Coffee Espresso Beans,369.5,23
7197,Sweet Tea Hibiscus Leaves,470.49,27
7198,Light Snack Popcorn Bag,102.75,31
7199,Special Drink Juice Box,180.99,35
7200,Local Bakery Banana Bread,214.25,39
7201,Roasted Coffee Cappuccino Sticks,651.0,82
7202,Sweet Tea Jasmine Pearls,494.24,86
7203,Light Snack Trail Mix,148.74,90
7204,Special Drink Sports Drink,182.74,94
7205,Local Bakery Cinnamon Roll,174.25,98
7206,Fresh Dairy Greek Yogurt,241.24,3
7207,Classic Pantry Soy Sauce 1L,205.0,7
7208,Original Frozen Frozen Pizza,126.24,11
7209,Salted Produce Garlic Bulb,79.0,15
7210,Spicy Meat Lamb Chops,197.74,19
7211,Deluxe Bath Mouthwash,160.74,23
7212,Imported Clean Floor Wax,422.75,27
7213,Natural Office Highlighter,71.0,31
7214,Organic Tech Earphones,1569.25,35
7215,Premium Pet Cat Food 1kg,179.24,39
7216,Roasted Coffee Espresso Beans,372.75,43
7217,Sweet Tea Hibiscus Leaves,473.74,47
7218,Light Snack Popcorn Bag,106.0,51
7219,Special Drink Juice Box,184.24,55
7220,Local Bakery Banana Bread,217.5,59
7221,Roasted Coffee Cappuccino Sticks,654.25,3
7222,Sweet Tea Jasmine Pearls,497.49,7
7223,Light Snack Trail Mix,151.99,11
7224,Special Drink Sports Drink,185.99,15
7225,Local Bakery Cinnamon Roll,177.5,19
7226,Fresh Dairy Greek Yogurt,244.49,23
7227,Classic Pantry Soy Sauce 1L,208.25,27
7228,Original Frozen Frozen Pizza,129.49,31
7229,Salted Produce Garlic Bulb,82.25,35
7230,Spicy Meat Lamb Chops,200.99,39
7231,Deluxe Bath Mouthwash,163.99,43
7232,Imported Clean Floor Wax,426.0,47
7233,Natural Office Highlighter,74.25,51
7234,Organic Tech Earphones,1572.5,55
7235,Premium Pet Cat Food 1kg,182.49,59
7236,Roasted Coffee Espresso Beans,376.0,63
7237,Sweet Tea Hibiscus Leaves,476.99,67
7238,Light Snack Popcorn Bag,109.25,71
7239,Special Drink Juice Box,187.49,75
7240,Local Bakery Banana Bread,220.75,79
7241,Roasted Coffee Cappuccino Sticks,657.5,23
7242,Sweet Tea Jasmine Pearls,500.74,27
7243,Light Snack Trail Mix,155.24,31
7244,Special Drink Sports Drink,189.24,35
7245,Local Bakery Cinnamon Roll,180.75,39
7246,Fresh Dairy Greek Yogurt,247.74,43
7247,Classic Pantry Soy Sauce 1L,211.5,47
7248,Original Frozen Frozen Pizza,132.74,51
7249,Salted Produce Garlic Bulb,85.5,55
7250,Spicy Meat Lamb Chops,204.24,59
7251,Deluxe Bath Mouthwash,167.24,63
7252,Imported Clean Floor Wax,429.25,67
7253,Natural Office Highlighter,77.5,71
7254,Organic Tech Earphones,1575.75,75
7255,Premium Pet Cat Food 1kg,185.74,79
7256,Roasted Coffee Espresso Beans,379.25,83
7257,Sweet Tea Hibiscus Leaves,480.24,87
7258,Light Snack Popcorn Bag,112.5,91
7259,Special Drink Juice Box,190.74,95
7260,Local Bakery Banana Bread,224.0,99
7261,Roasted Coffee Cappuccino Sticks,660.75,43
7262,Sweet Tea Jasmine Pearls,503.99,47
7263,Light Snack Trail Mix,158.49,51
7264,Special Drink Sports Drink,192.49,55
7265,Local Bakery Cinnamon Roll,184.0,59
7266,Fresh Dairy Greek Yogurt,250.99,63
7267,Classic Pantry Soy Sauce 1L,214.75,67
7268,Original Frozen Frozen Pizza,135.99,71
7269,Salted Produce Garlic Bulb,88.75,75
7270,Spicy Meat Lamb Chops,207.49,79
7271,Deluxe Bath Mouthwash,170.49,83
7272,Imported Clean Floor Wax,432.5,87
7273,Natural Office Highlighter,80.75,91
7274,Organic Tech Earphones,1579.0,95
7275,Premium Pet Cat Food 1kg,188.99,99
7276,Roasted Coffee Espresso Beans,382.5,4
7277,Sweet Tea Hibiscus Leaves,483.49,8
7278,Light Snack Popcorn Bag,115.75,12
7279,Special Drink Juice Box,193.99,16
7280,Local Bakery Banana Bread,204.5,20
7281,Roasted Coffee Cappuccino Sticks,641.25,63
7282,Sweet Tea Jasmine Pearls,484.49,67
7283,Light Snack Trail Mix,138.99,71
7284,Special Drink Sports Drink,172.99,75
7285,Local Bakery Cinnamon Roll,164.5,79
7286,Fresh Dairy Greek Yogurt,231.49,83
7287,Classic Pantry Soy Sauce 1L,195.25,87
7288,Original Frozen Frozen Pizza,116.49,91
7289,Salted Produce Garlic Bulb,69.25,95
7290,Spicy Meat Lamb Chops,187.99,99
7291,Deluxe Bath Mouthwash,150.99,4
7292,Imported Clean Floor Wax,413.0,8
7293,Natural Office Highlighter,61.25,12
7294,Organic Tech Earphones,1559.5,16
7295,Premium Pet Cat Food 1kg,169.49,20
7296,Roasted Coffee Espresso Beans,363.0,24
7297,Sweet Tea Hibiscus Leaves,463.99,28
7298,Light Snack Popcorn Bag,96.25,32
7299,Special Drink Juice Box,174.49,36
7300,Local Bakery Banana Bread,207.75,40
7301,Roasted Coffee Cappuccino Sticks,644.5,83
7302,Sweet Tea Jasmine Pearls,487.74,87
7303,Light Snack Trail Mix,142.24,91
7304,Special Drink Sports Drink,176.24,95
7305,Local Bakery Cinnamon Roll,167.75,99
7306,Fresh Dairy Greek Yogurt,234.74,4
7307,Classic Pantry Soy Sauce 1L,198.5,8
7308,Original Frozen Frozen Pizza,119.74,12
7309,Salted Produce Garlic Bulb,72.5,16
7310,Spicy Meat Lamb Chops,191.24,20
7311,Deluxe Bath Mouthwash,154.24,24
7312,Imported Clean Floor Wax,416.25,28
7313,Natural Office Highlighter,64.5,32
7314,Organic Tech Earphones,1562.75,36
7315,Premium Pet Cat Food 1kg,172.74,40
7316,Roasted Coffee Espresso Beans,366.25,44
7317,Sweet Tea Hibiscus Leaves,467.24,48
7318,Light Snack Popcorn Bag,99.5,52
7319,Special Drink Juice Box,177.74,56
7320,Local Bakery Banana Bread,211.0,60
7321,Roasted Coffee Cappuccino Sticks,647.75,4
7322,Sweet Tea Jasmine Pearls,490.99,8
7323,Light Snack Trail Mix,145.49,12
7324,Special Drink Sports Drink,179.49,16
7325,Local Bakery Cinnamon Roll,171.0,20
7326,Fresh Dairy Greek Yogurt,237.99,24
7327,Classic Pantry Soy Sauce 1L,201.75,28
7328,Original Frozen Frozen Pizza,122.99,32
7329,Salted Produce Garlic Bulb,75.75,36
7330,Spicy Meat Lamb Chops,194.49,40
7331,Deluxe Bath Mouthwash,157.49,44
7332,Imported Clean Floor Wax,419.5,48
7333,Natural Office Highlighter,67.75,52
7334,Organic Tech Earphones,1566.0,56
7335,Premium Pet Cat Food 1kg,175.99,60
7336,Roasted Coffee Espresso Beans,369.5,64
7337,Sweet Tea Hibiscus Leaves,470.49,68
7338,Light Snack Popcorn Bag,102.75,72
7339,Special Drink Juice Box,180.99,76
7340,Local Bakery Banana Bread,214.25,80
7341,Roasted Coffee Cappuccino Sticks,651.0,24
7342,Sweet Tea Jasmine Pearls,494.24,28
7343,Light Snack Trail Mix,148.74,32
7344,Special Drink Sports Drink,182.74,36
7345,Local Bakery Cinnamon Roll,174.25,40
7346,Fresh Dairy Greek Yogurt,241.24,44
7347,Classic Pantry Soy Sauce 1L,205.0,48
7348,Original Frozen Frozen Pizza,126.24,52
7349,Salted Produce Garlic Bulb,79.0,56
7350,Spicy Meat Lamb Chops,197.74,60
7351,Deluxe Bath Mouthwash,160.74,64
7352,Imported Clean Floor Wax,422.75,68
7353,Natural Office Highlighter,71.0,72
7354,Organic Tech Earphones,1569.25,76
7355,Premium Pet Cat Food 1kg,179.24,80
7356,Roasted Coffee Espresso Beans,372.75,84
7357,Sweet Tea Hibiscus Leaves,473.74,88
7358,Light Snack Popcorn Bag,106.0,92
7359,Special Drink Juice Box,184.24,96
7360,Local Bakery Banana Bread,217.5,1
7361,Roasted Coffee Cappuccino Sticks,654.25,44
7362,Sweet Tea Jasmine Pearls,497.49,48
7363,Light Snack Trail Mix,151.99,52
7364,Special Drink Sports Drink,185.99,56
7365,Local Bakery Cinnamon Roll,177.5,60
7366,Fresh Dairy Greek Yogurt,244.49,64
7367,Classic Pantry Soy Sauce 1L,208.25,68
7368,Original Frozen Frozen Pizza,129.49,72
7369,Salted Produce Garlic Bulb,82.25,76
7370,Spicy Meat Lamb Chops,200.99,80
7371,Deluxe Bath Mouthwash,163.99,84
7372,Imported Clean Floor Wax,426.0,88
7373,Natural Office Highlighter,74.25,92
7374,Organic Tech Earphones,1572.5,96
7375,Premium Pet Cat Food 1kg,182.49,1
7376,Roasted Coffee Espresso Beans,376.0,5
7377,Sweet Tea Hibiscus Leaves,476.99,9
7378,Light Snack Popcorn Bag,109.25,13
7379,Special Drink Juice Box,187.49,17
7380,Local Bakery Banana Bread,220.75,21
7381,Roasted Coffee Cappuccino Sticks,657.5,64
7382,Sweet Tea Jasmine Pearls,500.74,68
7383,Light Snack Trail Mix,155.24,72
7384,Special Drink Sports Drink,189.24,76
7385,Local Bakery Cinnamon Roll,180.75,80
7386,Fresh Dairy Greek Yogurt,247.74,84
7387,Classic Pantry Soy Sauce 1L,211.5,88
7388,Original Frozen Frozen Pizza,132.74,92
7389,Salted Produce Garlic Bulb,85.5,96
7390,Spicy Meat Lamb Chops,204.24,1
7391,Deluxe Bath Mouthwash,167.24,5
7392,Imported Clean Floor Wax,429.25,9
7393,Natural Office Highlighter,77.5,13
7394,Organic Tech Earphones,1575.75,17
7395,Premium Pet Cat Food 1kg,185.74,21
7396,Roasted Coffee Espresso Beans,379.25,25
7397,Sweet Tea Hibiscus Leaves,480.24,29
7398,Light Snack Popcorn Bag,112.5,33
7399,Special Drink Juice Box,190.74,37
7400,Local Bakery Banana Bread,224.0,41
7401,Roasted Coffee Cappuccino Sticks,660.75,84
7402,Sweet Tea Jasmine Pearls,503.99,88
7403,Light Snack Trail Mix,158.49,92
7404,Special Drink Sports Drink,192.49,96
7405,Local Bakery Cinnamon Roll,184.0,1
7406,Fresh Dairy Greek Yogurt,250.99,5
7407,Classic Pantry Soy Sauce 1L,214.75,9
7408,Original Frozen Frozen Pizza,135.99,13
7409,Salted Produce Garlic Bulb,88.75,17
7410,Spicy Meat Lamb Chops,207.49,21
7411,Deluxe Bath Mouthwash,170.49,25
7412,Imported Clean Floor Wax,432.5,29
7413,Natural Office Highlighter,80.75,33
7414,Organic Tech Earphones,1579.0,37
7415,Premium Pet Cat Food 1kg,188.99,41
7416,Roasted Coffee Espresso Beans,382.5,45
7417,Sweet Tea Hibiscus Leaves,483.49,49
7418,Light Snack Popcorn Bag,115.75,53
7419,Special Drink Juice Box,193.99,57
7420,Local Bakery Banana Bread,204.5,61
7421,Roasted Coffee Cappuccino Sticks,641.25,5
7422,Sweet Tea Jasmine Pearls,484.49,9
7423,Light Snack Trail Mix,138.99,13
7424,Special Drink Sports Drink,172.99,17
7425,Local Bakery Cinnamon Roll,164.5,21
7426,Fresh Dairy Greek Yogurt,231.49,25
7427,Classic Pantry Soy Sauce 1L,195.25,29
7428,Original Frozen Frozen Pizza,116.49,33
7429,Salted Produce Garlic Bulb,69.25,37
7430,Spicy Meat Lamb Chops,187.99,41
7431,Deluxe Bath Mouthwash,150.99,45
7432,Imported Clean Floor Wax,413.0,49
7433,Natural Office Highlighter,61.25,53
7434,Organic Tech Earphones,1559.5,57
7435,Premium Pet Cat Food 1kg,169.49,61
7436,Roasted Coffee Espresso Beans,363.0,65
7437,Sweet Tea Hibiscus Leaves,463.99,69
7438,Light Snack Popcorn Bag,96.25,73
7439,Special Drink Juice Box,174.49,77
7440,Local Bakery Banana Bread,207.75,81
7441,Roasted Coffee Cappuccino Sticks,644.5,25
7442,Sweet Tea Jasmine Pearls,487.74,29
7443,Light Snack Trail Mix,142.24,33
7444,Special Drink Sports Drink,176.24,37
7445,Local Bakery Cinnamon Roll,167.75,41
7446,Fresh Dairy Greek Yogurt,234.74,45
7447,Classic Pantry Soy Sauce 1L,198.5,49
7448,Original Frozen Frozen Pizza,119.74,53
7449,Salted Produce Garlic Bulb,72.5,57
7450,Spicy Meat Lamb Chops,191.24,61
7451,Deluxe Bath Mouthwash,154.24,65
7452,Imported Clean Floor Wax,416.25,69
7453,Natural Office Highlighter,64.5,73
7454,Organic Tech Earphones,1562.75,77
7455,Premium Pet Cat Food 1kg,172.74,81
7456,Roasted Coffee Espresso Beans,366.25,85
7457,Sweet Tea Hibiscus Leaves,467.24,89
7458,Light Snack Popcorn Bag,99.5,93
7459,Special Drink Juice Box,177.74,97
7460,Local Bakery Banana Bread,211.0,2
7461,Roasted Coffee Cappuccino Sticks,647.75,45
7462,Sweet Tea Jasmine Pearls,490.99,49
7463,Light Snack Trail Mix,145.49,53
7464,Special Drink Sports Drink,179.49,57
7465,Local Bakery Cinnamon Roll,171.0,61
7466,Fresh Dairy Greek Yogurt,237.99,65
7467,Classic Pantry Soy Sauce 1L,201.75,69
7468,Original Frozen Frozen Pizza,122.99,73
7469,Salted Produce Garlic Bulb,75.75,77
7470,Spicy Meat Lamb Chops,194.49,81
7471,Deluxe Bath Mouthwash,157.49,85
7472,Imported Clean Floor Wax,419.5,89
7473,Natural Office Highlighter,67.75,93
7474,Organic Tech Earphones,1566.0,97
7475,Premium Pet Cat Food 1kg,175.99,2
7476,Roasted Coffee Espresso Beans,369.5,6
7477,Sweet Tea Hibiscus Leaves,470.49,10
7478,Light Snack Popcorn Bag,102.75,14
7479,Special Drink Juice Box,180.99,18
7480,Local Bakery Banana Bread,214.25,22
7481,Roasted Coffee Cappuccino Sticks,651.0,65
7482,Sweet Tea Jasmine Pearls,494.24,69
7483,Light Snack Trail Mix,148.74,73
7484,Special Drink Sports Drink,182.74,77
7485,Local Bakery Cinnamon Roll,174.25,81
7486,Fresh Dairy Greek Yogurt,241.24,85
7487,Classic Pantry Soy Sauce 1L,205.0,89
7488,Original Frozen Frozen Pizza,126.24,93
7489,Salted Produce Garlic Bulb,79.0,97
7490,Spicy Meat Lamb Chops,197.74,2
7491,Deluxe Bath Mouthwash,160.74,6
7492,Imported Clean Floor Wax,422.75,10
7493,Natural Office Highlighter,71.0,14
7494,Organic Tech Earphones,1569.25,18
7495,Premium Pet Cat Food 1kg,179.24,22
7496,Roasted Coffee Espresso Beans,372.75,26
7497,Sweet Tea Hibiscus Leaves,473.74,30
7498,Light Snack Popcorn Bag,106.0,34
7499,Special Drink Juice Box,184.24,38
7500,Local Bakery Banana Bread,217.5,42
7501,Roasted Coffee Cappuccino Sticks,654.25,85
7502,Sweet Tea Jasmine Pearls,497.49,89
7503,Light Snack Trail Mix,151.99,93
7504,Special Drink Sports Drink,185.99,97
7505,Local Bakery Cinnamon Roll,177.5,2
7506,Fresh Dairy Greek Yogurt,244.49,6
7507,Classic Pantry Soy Sauce 1L,208.25,10
7508,Original Frozen Frozen Pizza,129.49,14
7509,Salted Produce Garlic Bulb,82.25,18
7510,Spicy Meat Lamb Chops,200.99,22
7511,Deluxe Bath Mouthwash,163.99,26
7512,Imported Clean Floor Wax,426.0,30
7513,Natural Office Highlighter,74.25,34
7514,Organic Tech Earphones,1572.5,38
7515,Premium Pet Cat Food 1kg,182.49,42
7516,Roasted Coffee Espresso Beans,376.0,46
7517,Sweet Tea Hibiscus Leaves,476.99,50
7518,Light Snack Popcorn Bag,109.25,54
7519,Special Drink Juice Box,187.49,58
7520,Local Bakery Banana Bread,220.75,62
7521,Roasted Coffee Cappuccino Sticks,657.5,6
7522,Sweet Tea Jasmine Pearls,500.74,10
7523,Light Snack Trail Mix,155.24,14
7524,Special Drink Sports Drink,189.24,18
7525,Local Bakery Cinnamon Roll,180.75,22
7526,Fresh Dairy Greek Yogurt,247.74,26
7527,Classic Pantry Soy Sauce 1L,211.5,30
7528,Original Frozen Frozen Pizza,132.74,34
7529,Salted Produce Garlic Bulb,85.5,38
7530,Spicy Meat Lamb Chops,204.24,42
7531,Deluxe Bath Mouthwash,167.24,46
7532,Imported Clean Floor Wax,429.25,50
7533,Natural Office Highlighter,77.5,54
7534,Organic Tech Earphones,1575.75,58
7535,Premium Pet Cat Food 1kg,185.74,62
7536,Roasted Coffee Espresso Beans,379.25,66
7537,Sweet Tea Hibiscus Leaves,480.24,70
7538,Light Snack Popcorn Bag,112.5,74
7539,Special Drink Juice Box,190.74,78
7540,Local Bakery Banana Bread,224.0,82
7541,Roasted Coffee Cappuccino Sticks,660.75,26
7542,Sweet Tea Jasmine Pearls,503.99,30
7543,Light Snack Trail Mix,158.49,34
7544,Special Drink Sports Drink,192.49,38
7545,Local Bakery Cinnamon Roll,184.0,42
7546,Fresh Dairy Greek Yogurt,250.99,46
7547,Classic Pantry Soy Sauce 1L,214.75,50
7548,Original Frozen Frozen Pizza,135.99,54
7549,Salted Produce Garlic Bulb,88.75,58
7550,Spicy Meat Lamb Chops,207.49,62
7551,Deluxe Bath Mouthwash,170.49,66
7552,Imported Clean Floor Wax,432.5,70
7553,Natural Office Highlighter,80.75,74
7554,Organic Tech Earphones,1579.0,78
7555,Premium Pet Cat Food 1kg,188.99,82
7556,Roasted Coffee Espresso Beans,382.5,86
7557,Sweet Tea Hibiscus Leaves,483.49,90
7558,Light Snack Popcorn Bag,115.75,94
7559,Special Drink Juice Box,193.99,98
7560,Local Bakery Banana Bread,204.5,3
7561,Roasted Coffee Cappuccino Sticks,641.25,46
7562,Sweet Tea Jasmine Pearls,484.49,50
7563,Light Snack Trail Mix,138.99,54
7564,Special Drink Sports Drink,172.99,58
7565,Local Bakery Cinnamon Roll,164.5,62
7566,Fresh Dairy Greek Yogurt,231.49,66
7567,Classic Pantry Soy Sauce 1L,195.25,70
7568,Original Frozen Frozen Pizza,116.49,74
7569,Salted Produce Garlic Bulb,69.25,78
7570,Spicy Meat Lamb Chops,187.99,82
7571,Deluxe Bath Mouthwash,150.99,86
7572,Imported Clean Floor Wax,413.0,90
7573,Natural Office Highlighter,61.25,94
7574,Organic Tech Earphones,1559.5,98
7575,Premium Pet Cat Food 1kg,169.49,3
7576,Roasted Coffee Espresso Beans,363.0,7
7577,Sweet Tea Hibiscus Leaves,463.99,11
7578,Light Snack Popcorn Bag,96.25,15
7579,Special Drink Juice Box,174.49,19
7580,Local Bakery Banana Bread,207.75,23
7581,Roasted Coffee Cappuccino Sticks,644.5,66
7582,Sweet Tea Jasmine Pearls,487.74,70
7583,Light Snack Trail Mix,142.24,74
7584,Special Drink Sports Drink,176.24,78
7585,Local Bakery Cinnamon Roll,167.75,82
7586,Fresh Dairy Greek Yogurt,234.74,86
7587,Classic Pantry Soy Sauce 1L,198.5,90
7588,Original Frozen Frozen Pizza,119.74,94
7589,Salted Produce Garlic Bulb,72.5,98
7590,Spicy Meat Lamb Chops,191.24,3
7591,Deluxe Bath Mouthwash,154.24,7
7592,Imported Clean Floor Wax,416.25,11
7593,Natural Office Highlighter,64.5,15
7594,Organic Tech Earphones,1562.75,19
7595,Premium Pet Cat Food 1kg,172.74,23
7596,Roasted Coffee Espresso Beans,366.25,27
7597,Sweet Tea Hibiscus Leaves,467.24,31
7598,Light Snack Popcorn Bag,99.5,35
7599,Special Drink Juice Box,177.74,39
7600,Local Bakery Banana Bread,211.0,43
7601,Roasted Coffee Cappuccino Sticks,647.75,86
7602,Sweet Tea Jasmine Pearls,490.99,90
7603,Light Snack Trail Mix,145.49,94
7604,Special Drink Sports Drink,179.49,98
7605,Local Bakery Cinnamon Roll,171.0,3
7606,Fresh Dairy Greek Yogurt,237.99,7
7607,Classic Pantry Soy Sauce 1L,201.75,11
7608,Original Frozen Frozen Pizza,122.99,15
7609,Salted Produce Garlic Bulb,75.75,19
7610,Spicy Meat Lamb Chops,194.49,23
7611,Deluxe Bath Mouthwash,157.49,27
7612,Imported Clean Floor Wax,419.5,31
7613,Natural Office Highlighter,67.75,35
7614,Organic Tech Earphones,1566.0,39
7615,Premium Pet Cat Food 1kg,175.99,43
7616,Roasted Coffee Espresso Beans,369.5,47
7617,Sweet Tea Hibiscus Leaves,470.49,51
7618,Light Snack Popcorn Bag,102.75,55
7619,Special Drink Juice Box,180.99,59
7620,Local Bakery Banana Bread,214.25,63
7621,Roasted Coffee Cappuccino Sticks,651.0,7
7622,Sweet Tea Jasmine Pearls,494.24,11
7623,Light Snack Trail Mix,148.74,15
7624,Special Drink Sports Drink,182.74,19
7625,Local Bakery Cinnamon Roll,174.25,23
7626,Fresh Dairy Greek Yogurt,241.24,27
7627,Classic Pantry Soy Sauce 1L,205.0,31
7628,Original Frozen Frozen Pizza,126.24,35
7629,Salted Produce Garlic Bulb,79.0,39
7630,Spicy Meat Lamb Chops,197.74,43
7631,Deluxe Bath Mouthwash,160.74,47
7632,Imported Clean Floor Wax,422.75,51
7633,Natural Office Highlighter,71.0,55
7634,Organic Tech Earphones,1569.25,59
7635,Premium Pet Cat Food 1kg,179.24,63
7636,Roasted Coffee Espresso Beans,372.75,67
7637,Sweet Tea Hibiscus Leaves,473.74,71
7638,Light Snack Popcorn Bag,106.0,75
7639,Special Drink Juice Box,184.24,79
7640,Local Bakery Banana Bread,217.5,83
7641,Roasted Coffee Cappuccino Sticks,654.25,27
7642,Sweet Tea Jasmine Pearls,497.49,31
7643,Light Snack Trail Mix,151.99,35
7644,Special Drink Sports Drink,185.99,39
7645,Local Bakery Cinnamon Roll,177.5,43
7646,Fresh Dairy Greek Yogurt,244.49,47
7647,Classic Pantry Soy Sauce 1L,208.25,51
7648,Original Frozen Frozen Pizza,129.49,55
7649,Salted Produce Garlic Bulb,82.25,59
7650,Spicy Meat Lamb Chops,200.99,63
7651,Deluxe Bath Mouthwash,163.99,67
7652,Imported Clean Floor Wax,426.0,71
7653,Natural Office Highlighter,74.25,75
7654,Organic Tech Earphones,1572.5,79
7655,Premium Pet Cat Food 1kg,182.49,83
7656,Roasted Coffee Espresso Beans,376.0,87
7657,Sweet Tea Hibiscus Leaves,476.99,91
7658,Light Snack Popcorn Bag,109.25,95
7659,Special Drink Juice Box,187.49,99
7660,Local Bakery Banana Bread,220.75,4
7661,Roasted Coffee Cappuccino Sticks,657.5,47
7662,Sweet Tea Jasmine Pearls,500.74,51
7663,Light Snack Trail Mix,155.24,55
7664,Special Drink Sports Drink,189.24,59
7665,Local Bakery Cinnamon Roll,180.75,63
7666,Fresh Dairy Greek Yogurt,247.74,67
7667,Classic Pantry Soy Sauce 1L,211.5,71
7668,Original Frozen Frozen Pizza,132.74,75
7669,Salted Produce Garlic Bulb,85.5,79
7670,Spicy Meat Lamb Chops,204.24,83
7671,Deluxe Bath Mouthwash,167.24,87
7672,Imported Clean Floor Wax,429.25,91
7673,Natural Office Highlighter,77.5,95
7674,Organic Tech Earphones,1575.75,99
7675,Premium Pet Cat Food 1kg,185.74,4
7676,Roasted Coffee Espresso Beans,379.25,8
7677,Sweet Tea Hibiscus Leaves,480.24,12
7678,Light Snack Popcorn Bag,112.5,16
7679,Special Drink Juice Box,190.74,20
7680,Local Bakery Banana Bread,224.0,24
7681,Roasted Coffee Cappuccino Sticks,660.75,67
7682,Sweet Tea Jasmine Pearls,503.99,71
7683,Light Snack Trail Mix,158.49,75
7684,Special Drink Sports Drink,192.49,79
7685,Local Bakery Cinnamon Roll,184.0,83
7686,Fresh Dairy Greek Yogurt,250.99,87
7687,Classic Pantry Soy Sauce 1L,214.75,91
7688,Original Frozen Frozen Pizza,135.99,95
7689,Salted Produce Garlic Bulb,88.75,99
7690,Spicy Meat Lamb Chops,207.49,4
7691,Deluxe Bath Mouthwash,170.49,8
7692,Imported Clean Floor Wax,432.5,12
7693,Natural Office Highlighter,80.75,16
7694,Organic Tech Earphones,1579.0,20
7695,Premium Pet Cat Food 1kg,188.99,24
7696,Roasted Coffee Espresso Beans,382.5,28
7697,Sweet Tea Hibiscus Leaves,483.49,32
7698,Light Snack Popcorn Bag,115.75,36
7699,Special Drink Juice Box,193.99,40
7700,Local Bakery Banana Bread,204.5,44
7701,Roasted Coffee Cappuccino Sticks,641.25,87
7702,Sweet Tea Jasmine Pearls,484.49,91
7703,Light Snack Trail Mix,138.99,95
7704,Special Drink Sports Drink,172.99,99
7705,Local Bakery Cinnamon Roll,164.5,4
7706,Fresh Dairy Greek Yogurt,231.49,8
7707,Classic Pantry Soy Sauce 1L,195.25,12
7708,Original Frozen Frozen Pizza,116.49,16
7709,Salted Produce Garlic Bulb,69.25,20
7710,Spicy Meat Lamb Chops,187.99,24
7711,Deluxe Bath Mouthwash,150.99,28
7712,Imported Clean Floor Wax,413.0,32
7713,Natural Office Highlighter,61.25,36
7714,Organic Tech Earphones,1559.5,40
7715,Premium Pet Cat Food 1kg,169.49,44
7716,Roasted Coffee Espresso Beans,363.0,48
7717,Sweet Tea Hibiscus Leaves,463.99,52
7718,Light Snack Popcorn Bag,96.25,56
7719,Special Drink Juice Box,174.49,60
7720,Local Bakery Banana Bread,207.75,64
7721,Roasted Coffee Cappuccino Sticks,644.5,8
7722,Sweet Tea Jasmine Pearls,487.74,12
7723,Light Snack Trail Mix,142.24,16
7724,Special Drink Sports Drink,176.24,20
7725,Local Bakery Cinnamon Roll,167.75,24
7726,Fresh Dairy Greek Yogurt,234.74,28
7727,Classic Pantry Soy Sauce 1L,198.5,32
7728,Original Frozen Frozen Pizza,119.74,36
7729,Salted Produce Garlic Bulb,72.5,40
7730,Spicy Meat Lamb Chops,191.24,44
7731,Deluxe Bath Mouthwash,154.24,48
7732,Imported Clean Floor Wax,416.25,52
7733,Natural Office Highlighter,64.5,56
7734,Organic Tech Earphones,1562.75,60
7735,Premium Pet Cat Food 1kg,172.74,64
7736,Roasted Coffee Espresso Beans,366.25,68
7737,Sweet Tea Hibiscus Leaves,467.24,72
7738,Light Snack Popcorn Bag,99.5,76
7739,Special Drink Juice Box,177.74,80
7740,Local Bakery Banana Bread,211.0,84
7741,Roasted Coffee Cappuccino Sticks,647.75,28
7742,Sweet Tea Jasmine Pearls,490.99,32
7743,Light Snack Trail Mix,145.49,36
7744,Special Drink Sports Drink,179.49,40
7745,Local Bakery Cinnamon Roll,171.0,44
7746,Fresh Dairy Greek Yogurt,237.99,48
7747,Classic Pantry Soy Sauce 1L,201.75,52
7748,Original Frozen Frozen Pizza,122.99,56
7749,Salted Produce Garlic Bulb,75.75,60
7750,Spicy Meat Lamb Chops,194.49,64
7751,Deluxe Bath Mouthwash,157.49,68
7752,Imported Clean Floor Wax,419.5,72
7753,Natural Office Highlighter,67.75,76
7754,Organic Tech Earphones,1566.0,80
7755,Premium Pet Cat Food 1kg,175.99,84
7756,Roasted Coffee Espresso Beans,369.5,88
7757,Sweet Tea Hibiscus Leaves,470.49,92
7758,Light Snack Popcorn Bag,102.75,96
7759,Special Drink Juice Box,180.99,1
7760,Local Bakery Banana Bread,214.25,5
7761,Roasted Coffee Cappuccino Sticks,651.0,48
7762,Sweet Tea Jasmine Pearls,494.24,52
7763,Light Snack Trail Mix,148.74,56
7764,Special Drink Sports Drink,182.74,60
7765,Local Bakery Cinnamon Roll,174.25,64
7766,Fresh Dairy Greek Yogurt,241.24,68
7767,Classic Pantry Soy Sauce 1L,205.0,72
7768,Original Frozen Frozen Pizza,126.24,76
7769,Salted Produce Garlic Bulb,79.0,80
7770,Spicy Meat Lamb Chops,197.74,84
7771,Deluxe Bath Mouthwash,160.74,88
7772,Imported Clean Floor Wax,422.75,92
7773,Natural Office Highlighter,71.0,96
7774,Organic Tech Earphones,1569.25,1
7775,Premium Pet Cat Food 1kg,179.24,5
7776,Roasted Coffee Espresso Beans,372.75,9
7777,Sweet Tea Hibiscus Leaves,473.74,13
7778,Light Snack Popcorn Bag,106.0,17
7779,Special Drink Juice Box,184.24,21
7780,Local Bakery Banana Bread,217.5,25
7781,Roasted Coffee Cappuccino Sticks,654.25,68
7782,Sweet Tea Jasmine Pearls,497.49,72
7783,Light Snack Trail Mix,151.99,76
7784,Special Drink Sports Drink,185.99,80
7785,Local Bakery Cinnamon Roll,177.5,84
7786,Fresh Dairy Greek Yogurt,244.49,88
7787,Classic Pantry Soy Sauce 1L,208.25,92
7788,Original Frozen Frozen Pizza,129.49,96
7789,Salted Produce Garlic Bulb,82.25,1
7790,Spicy Meat Lamb Chops,200.99,5
7791,Deluxe Bath Mouthwash,163.99,9
7792,Imported Clean Floor Wax,426.0,13
7793,Natural Office Highlighter,74.25,17
7794,Organic Tech Earphones,1572.5,21
7795,Premium Pet Cat Food 1kg,182.49,25
7796,Roasted Coffee Espresso Beans,376.0,29
7797,Sweet Tea Hibiscus Leaves,476.99,33
7798,Light Snack Popcorn Bag,109.25,37
7799,Special Drink Juice Box,187.49,41
7800,Local Bakery Banana Bread,220.75,45
7801,Roasted Coffee Cappuccino Sticks,657.5,88
7802,Sweet Tea Jasmine Pearls,500.74,92
7803,Light Snack Trail Mix,155.24,96
7804,Special Drink Sports Drink,189.24,1
7805,Local Bakery Cinnamon Roll,180.75,5
7806,Fresh Dairy Greek Yogurt,247.74,9
7807,Classic Pantry Soy Sauce 1L,211.5,13
7808,Original Frozen Frozen Pizza,132.74,17
7809,Salted Produce Garlic Bulb,85.5,21
7810,Spicy Meat Lamb Chops,204.24,25
7811,Deluxe Bath Mouthwash,167.24,29
7812,Imported Clean Floor Wax,429.25,33
7813,Natural Office Highlighter,77.5,37
7814,Organic Tech Earphones,1575.75,41
7815,Premium Pet Cat Food 1kg,185.74,45
7816,Roasted Coffee Espresso Beans,379.25,49
7817,Sweet Tea Hibiscus Leaves,480.24,53
7818,Light Snack Popcorn Bag,112.5,57
7819,Special Drink Juice Box,190.74,61
7820,Local Bakery Banana Bread,224.0,65
7821,Roasted Coffee Cappuccino Sticks,660.75,9
7822,Sweet Tea Jasmine Pearls,503.99,13
7823,Light Snack Trail Mix,158.49,17
7824,Special Drink Sports Drink,192.49,21
7825,Local Bakery Cinnamon Roll,184.0,25
7826,Fresh Dairy Greek Yogurt,250.99,29
7827,Classic Pantry Soy Sauce 1L,214.75,33
7828,Original Frozen Frozen Pizza,135.99,37
7829,Salted Produce Garlic Bulb,88.75,41
7830,Spicy Meat Lamb Chops,207.49,45
7831,Deluxe Bath Mouthwash,170.49,49
7832,Imported Clean Floor Wax,432.5,53
7833,Natural Office Highlighter,80.75,57
7834,Organic Tech Earphones,1579.0,61
7835,Premium Pet Cat Food 1kg,188.99,65
7836,Roasted Coffee Espresso Beans,382.5,69
7837,Sweet Tea Hibiscus Leaves,483.49,73
7838,Light Snack Popcorn Bag,115.75,77
7839,Special Drink Juice Box,193.99,81
7840,Local Bakery Banana Bread,204.5,85
7841,Roasted Coffee Cappuccino Sticks,641.25,29
7842,Sweet Tea Jasmine Pearls,484.49,33
7843,Light Snack Trail Mix,138.99,37
7844,Special Drink Sports Drink,172.99,41
7845,Local Bakery Cinnamon Roll,164.5,45
7846,Fresh Dairy Greek Yogurt,231.49,49
7847,Classic Pantry Soy Sauce 1L,195.25,53
7848,Original Frozen Frozen Pizza,116.49,57
7849,Salted Produce Garlic Bulb,69.25,61
7850,Spicy Meat Lamb Chops,187.99,65
7851,Deluxe Bath Mouthwash,150.99,69
7852,Imported Clean Floor Wax,413.0,73
7853,Natural Office Highlighter,61.25,77
7854,Organic Tech Earphones,1559.5,81
7855,Premium Pet Cat Food 1kg,169.49,85
7856,Roasted Coffee Espresso Beans,363.0,89
7857,Sweet Tea Hibiscus Leaves,463.99,93
7858,Light Snack Popcorn Bag,96.25,97
7859,Special Drink Juice Box,174.49,2
7860,Local Bakery Banana Bread,207.75,6
7861,Roasted Coffee Cappuccino Sticks,644.5,49
7862,Sweet Tea Jasmine Pearls,487.74,53
7863,Light Snack Trail Mix,142.24,57
7864,Special Drink Sports Drink,176.24,61
7865,Local Bakery Cinnamon Roll,167.75,65
7866,Fresh Dairy Greek Yogurt,234.74,69
7867,Classic Pantry Soy Sauce 1L,198.5,73
7868,Original Frozen Frozen Pizza,119.74,77
7869,Salted Produce Garlic Bulb,72.5,81
7870,Spicy Meat Lamb Chops,191.24,85
7871,Deluxe Bath Mouthwash,154.24,89
7872,Imported Clean Floor Wax,416.25,93
7873,Natural Office Highlighter,64.5,97
7874,Organic Tech Earphones,1562.75,2
7875,Premium Pet Cat Food 1kg,172.74,6
7876,Roasted Coffee Espresso Beans,366.25,10
7877,Sweet Tea Hibiscus Leaves,467.24,14
7878,Light Snack Popcorn Bag,99.5,18
7879,Special Drink Juice Box,177.74,22
7880,Local Bakery Banana Bread,211.0,26
7881,Roasted Coffee Cappuccino Sticks,647.75,69
7882,Sweet Tea Jasmine Pearls,490.99,73
7883,Light Snack Trail Mix,145.49,77
7884,Special Drink Sports Drink,179.49,81
7885,Local Bakery Cinnamon Roll,171.0,85
7886,Fresh Dairy Greek Yogurt,237.99,89
7887,Classic Pantry Soy Sauce 1L,201.75,93
7888,Original Frozen Frozen Pizza,122.99,97
7889,Salted Produce Garlic Bulb,75.75,2
7890,Spicy Meat Lamb Chops,194.49,6
7891,Deluxe Bath Mouthwash,157.49,10
7892,Imported Clean Floor Wax,419.5,14
7893,Natural Office Highlighter,67.75,18
7894,Organic Tech Earphones,1566.0,22
7895,Premium Pet Cat Food 1kg,175.99,26
7896,Roasted Coffee Espresso Beans,369.5,30
7897,Sweet Tea Hibiscus Leaves,470.49,34
7898,Light Snack Popcorn Bag,102.75,38
7899,Special Drink Juice Box,180.99,42
7900,Local Bakery Banana Bread,214.25,46
7901,Roasted Coffee Cappuccino Sticks,651.0,89
7902,Sweet Tea Jasmine Pearls,494.24,93
7903,Light Snack Trail Mix,148.74,97
7904,Special Drink Sports Drink,182.74,2
7905,Local Bakery Cinnamon Roll,174.25,6
7906,Fresh Dairy Greek Yogurt,241.24,10
7907,Classic Pantry Soy Sauce 1L,205.0,14
7908,Original Frozen Frozen Pizza,126.24,18
7909,Salted Produce Garlic Bulb,79.0,22
7910,Spicy Meat Lamb Chops,197.74,26
7911,Deluxe Bath Mouthwash,160.74,30
7912,Imported Clean Floor Wax,422.75,34
7913,Natural Office Highlighter,71.0,38
7914,Organic Tech Earphones,1569.25,42
7915,Premium Pet Cat Food 1kg,179.24,46
7916,Roasted Coffee Espresso Beans,372.75,50
7917,Sweet Tea Hibiscus Leaves,473.74,54
7918,Light Snack Popcorn Bag,106.0,58
7919,Special Drink Juice Box,184.24,62
7920,Local Bakery Banana Bread,217.5,66
7921,Roasted Coffee Cappuccino Sticks,654.25,10
7922,Sweet Tea Jasmine Pearls,497.49,14
7923,Light Snack Trail Mix,151.99,18
7924,Special Drink Sports Drink,185.99,22
7925,Local Bakery Cinnamon Roll,177.5,26
7926,Fresh Dairy Greek Yogurt,244.49,30
7927,Classic Pantry Soy Sauce 1L,208.25,34
7928,Original Frozen Frozen Pizza,129.49,38
7929,Salted Produce Garlic Bulb,82.25,42
7930,Spicy Meat Lamb Chops,200.99,46
7931,Deluxe Bath Mouthwash,163.99,50
7932,Imported Clean Floor Wax,426.0,54
7933,Natural Office Highlighter,74.25,58
7934,Organic Tech Earphones,1572.5,62
7935,Premium Pet Cat Food 1kg,182.49,66
7936,Roasted Coffee Espresso Beans,376.0,70
7937,Sweet Tea Hibiscus Leaves,476.99,74
7938,Light Snack Popcorn Bag,109.25,78
7939,Special Drink Juice Box,187.49,82
7940,Local Bakery Banana Bread,220.75,86
7941,Roasted Coffee Cappuccino Sticks,657.5,30
7942,Sweet Tea Jasmine Pearls,500.74,34
7943,Light Snack Trail Mix,155.24,38
7944,Special Drink Sports Drink,189.24,42
7945,Local Bakery Cinnamon Roll,180.75,46
7946,Fresh Dairy Greek Yogurt,247.74,50
7947,Classic Pantry Soy Sauce 1L,211.5,54
7948,Original Frozen Frozen Pizza,132.74,58
7949,Salted Produce Garlic Bulb,85.5,62
7950,Spicy Meat Lamb Chops,204.24,66
7951,Deluxe Bath Mouthwash,167.24,70
7952,Imported Clean Floor Wax,429.25,74
7953,Natural Office Highlighter,77.5,78
7954,Organic Tech Earphones,1575.75,82
7955,Premium Pet Cat Food 1kg,185.74,86
7956,Roasted Coffee Espresso Beans,379.25,90
7957,Sweet Tea Hibiscus Leaves,480.24,94
7958,Light Snack Popcorn Bag,112.5,98
7959,Special Drink Juice Box,190.74,3
7960,Local Bakery Banana Bread,224.0,7
7961,Roasted Coffee Cappuccino Sticks,660.75,50
7962,Sweet Tea Jasmine Pearls,503.99,54
7963,Light Snack Trail Mix,158.49,58
7964,Special Drink Sports Drink,192.49,62
7965,Local Bakery Cinnamon Roll,184.0,66
7966,Fresh Dairy Greek Yogurt,250.99,70
7967,Classic Pantry Soy Sauce 1L,214.75,74
7968,Original Frozen Frozen Pizza,135.99,78
7969,Salted Produce Garlic Bulb,88.75,82
7970,Spicy Meat Lamb Chops,207.49,86
7971,Deluxe Bath Mouthwash,170.49,90
7972,Imported Clean Floor Wax,432.5,94
7973,Natural Office Highlighter,80.75,98
7974,Organic Tech Earphones,1579.0,3
7975,Premium Pet Cat Food 1kg,188.99,7
7976,Roasted Coffee Espresso Beans,382.5,11
7977,Sweet Tea Hibiscus Leaves,483.49,15
7978,Light Snack Popcorn Bag,115.75,19
7979,Special Drink Juice Box,193.99,23
7980,Local Bakery Banana Bread,204.5,27
7981,Roasted Coffee Cappuccino Sticks,641.25,70
7982,Sweet Tea Jasmine Pearls,484.49,74
7983,Light Snack Trail Mix,138.99,78
7984,Special Drink Sports Drink,172.99,82
7985,Local Bakery Cinnamon Roll,164.5,86
7986,Fresh Dairy Greek Yogurt,231.49,90
7987,Classic Pantry Soy Sauce 1L,195.25,94
7988,Original Frozen Frozen Pizza,116.49,98
7989,Salted Produce Garlic Bulb,69.25,3
7990,Spicy Meat Lamb Chops,187.99,7
7991,Deluxe Bath Mouthwash,150.99,11
7992,Imported Clean Floor Wax,413.0,15
7993,Natural Office Highlighter,61.25,19
7994,Organic Tech Earphones,1559.5,23
7995,Premium Pet Cat Food 1kg,169.49,27
7996,Roasted Coffee Espresso Beans,363.0,31
7997,Sweet Tea Hibiscus Leaves,463.99,35
7998,Light Snack Popcorn Bag,96.25,39
7999,Special Drink Juice Box,174.49,43
8000,Local Bakery Banana Bread,207.75,47
8001,Roasted Coffee Cappuccino Sticks,644.5,90
8002,Sweet Tea Jasmine Pearls,487.74,94
8003,Light Snack Trail Mix,142.24,98
8004,Special Drink Sports Drink,176.24,3
8005,Local Bakery Cinnamon Roll,167.75,7
8006,Fresh Dairy Greek Yogurt,234.74,11
8007,Classic Pantry Soy Sauce 1L,198.5,15
8008,Original Frozen Frozen Pizza,119.74,19
8009,Salted Produce Garlic Bulb,72.5,23
8010,Spicy Meat Lamb Chops,191.24,27
8011,Deluxe Bath Mouthwash,154.24,31
8012,Imported Clean Floor Wax,416.25,35
8013,Natural Office Highlighter,64.5,39
8014,Organic Tech Earphones,1562.75,43
8015,Premium Pet Cat Food 1kg,172.74,47
8016,Roasted Coffee Espresso Beans,366.25,51
8017,Sweet Tea Hibiscus Leaves,467.24,55
8018,Light Snack Popcorn Bag,99.5,59
8019,Special Drink Juice Box,177.74,63
8020,Local Bakery Banana Bread,211.0,67
8021,Roasted Coffee Cappuccino Sticks,647.75,11
8022,Sweet Tea Jasmine Pearls,490.99,15
8023,Light Snack Trail Mix,145.49,19
8024,Special Drink Sports Drink,179.49,23
8025,Local Bakery Cinnamon Roll,171.0,27
8026,Fresh Dairy Greek Yogurt,237.99,31
8027,Classic Pantry Soy Sauce 1L,201.75,35
8028,Original Frozen Frozen Pizza,122.99,39
8029,Salted Produce Garlic Bulb,75.75,43
8030,Spicy Meat Lamb Chops,194.49,47
8031,Deluxe Bath Mouthwash,157.49,51
8032,Imported Clean Floor Wax,419.5,55
8033,Natural Office Highlighter,67.75,59
8034,Organic Tech Earphones,1566.0,63
8035,Premium Pet Cat Food 1kg,175.99,67
8036,Roasted Coffee Espresso Beans,369.5,71
8037,Sweet Tea Hibiscus Leaves,470.49,75
8038,Light Snack Popcorn Bag,102.75,79
8039,Special Drink Juice Box,180.99,83
8040,Local Bakery Banana Bread,214.25,87
8041,Roasted Coffee Cappuccino Sticks,651.0,31
8042,Sweet Tea Jasmine Pearls,494.24,35
8043,Light Snack Trail Mix,148.74,39
8044,Special Drink Sports Drink,182.74,43
8045,Local Bakery Cinnamon Roll,174.25,47
8046,Fresh Dairy Greek Yogurt,241.24,51
8047,Classic Pantry Soy Sauce 1L,205.0,55
8048,Original Frozen Frozen Pizza,126.24,59
8049,Salted Produce Garlic Bulb,79.0,63
8050,Spicy Meat Lamb Chops,197.74,67
8051,Deluxe Bath Mouthwash,160.74,71
8052,Imported Clean Floor Wax,422.75,75
8053,Natural Office Highlighter,71.0,79
8054,Organic Tech Earphones,1569.25,83
8055,Premium Pet Cat Food 1kg,179.24,87
8056,Roasted Coffee Espresso Beans,372.75,91
8057,Sweet Tea Hibiscus Leaves,473.74,95
8058,Light Snack Popcorn Bag,106.0,99
8059,Special Drink Juice Box,184.24,4
8060,Local Bakery Banana Bread,217.5,8
8061,Roasted Coffee Cappuccino Sticks,654.25,51
8062,Sweet Tea Jasmine Pearls,497.49,55
8063,Light Snack Trail Mix,151.99,59
8064,Special Drink Sports Drink,185.99,63
8065,Local Bakery Cinnamon Roll,177.5,67
8066,Fresh Dairy Greek Yogurt,244.49,71
8067,Classic Pantry Soy Sauce 1L,208.25,75
8068,Original Frozen Frozen Pizza,129.49,79
8069,Salted Produce Garlic Bulb,82.25,83
8070,Spicy Meat Lamb Chops,200.99,87
8071,Deluxe Bath Mouthwash,163.99,91
8072,Imported Clean Floor Wax,426.0,95
8073,Natural Office Highlighter,74.25,99
8074,Organic Tech Earphones,1572.5,4
8075,Premium Pet Cat Food 1kg,182.49,8
8076,Roasted Coffee Espresso Beans,376.0,12
8077,Sweet Tea Hibiscus Leaves,476.99,16
8078,Light Snack Popcorn Bag,109.25,20
8079,Special Drink Juice Box,187.49,24
8080,Local Bakery Banana Bread,220.75,28
8081,Roasted Coffee Cappuccino Sticks,657.5,71
8082,Sweet Tea Jasmine Pearls,500.74,75
8083,Light Snack Trail Mix,155.24,79
8084,Special Drink Sports Drink,189.24,83
8085,Local Bakery Cinnamon Roll,180.75,87
8086,Fresh Dairy Greek Yogurt,247.74,91
8087,Classic Pantry Soy Sauce 1L,211.5,95
8088,Original Frozen Frozen Pizza,132.74,99
8089,Salted Produce Garlic Bulb,85.5,4
8090,Spicy Meat Lamb Chops,204.24,8
8091,Deluxe Bath Mouthwash,167.24,12
8092,Imported Clean Floor Wax,429.25,16
8093,Natural Office Highlighter,77.5,20
8094,Organic Tech Earphones,1575.75,24
8095,Premium Pet Cat Food 1kg,185.74,28
8096,Roasted Coffee Espresso Beans,379.25,32
8097,Sweet Tea Hibiscus Leaves,480.24,36
8098,Light Snack Popcorn Bag,112.5,40
8099,Special Drink Juice Box,190.74,44
8100,Local Bakery Banana Bread,224.0,48
8101,Roasted Coffee Cappuccino Sticks,660.75,91
8102,Sweet Tea Jasmine Pearls,503.99,95
8103,Light Snack Trail Mix,158.49,99
8104,Special Drink Sports Drink,192.49,4
8105,Local Bakery Cinnamon Roll,184.0,8
8106,Fresh Dairy Greek Yogurt,250.99,12
8107,Classic Pantry Soy Sauce 1L,214.75,16
8108,Original Frozen Frozen Pizza,135.99,20
8109,Salted Produce Garlic Bulb,88.75,24
8110,Spicy Meat Lamb Chops,207.49,28
8111,Deluxe Bath Mouthwash,170.49,32
8112,Imported Clean Floor Wax,432.5,36
8113,Natural Office Highlighter,80.75,40
8114,Organic Tech Earphones,1579.0,44
8115,Premium Pet Cat Food 1kg,188.99,48
8116,Roasted Coffee Espresso Beans,382.5,52
8117,Sweet Tea Hibiscus Leaves,483.49,56
8118,Light Snack Popcorn Bag,115.75,60
8119,Special Drink Juice Box,193.99,64
8120,Local Bakery Banana Bread,204.5,68
8121,Roasted Coffee Cappuccino Sticks,641.25,12
8122,Sweet Tea Jasmine Pearls,484.49,16
8123,Light Snack Trail Mix,138.99,20
8124,Special Drink Sports Drink,172.99,24
8125,Local Bakery Cinnamon Roll,164.5,28
8126,Fresh Dairy Greek Yogurt,231.49,32
8127,Classic Pantry Soy Sauce 1L,195.25,36
8128,Original Frozen Frozen Pizza,116.49,40
8129,Salted Produce Garlic Bulb,69.25,44
8130,Spicy Meat Lamb Chops,187.99,48
8131,Deluxe Bath Mouthwash,150.99,52
8132,Imported Clean Floor Wax,413.0,56
8133,Natural Office Highlighter,61.25,60
8134,Organic Tech Earphones,1559.5,64
8135,Premium Pet Cat Food 1kg,169.49,68
8136,Roasted Coffee Espresso Beans,363.0,72
8137,Sweet Tea Hibiscus Leaves,463.99,76
8138,Light Snack Popcorn Bag,96.25,80
8139,Special Drink Juice Box,174.49,84
8140,Local Bakery Banana Bread,207.75,88
8141,Roasted Coffee Cappuccino Sticks,644.5,32
8142,Sweet Tea Jasmine Pearls,487.74,36
8143,Light Snack Trail Mix,142.24,40
8144,Special Drink Sports Drink,176.24,44
8145,Local Bakery Cinnamon Roll,167.75,48
8146,Fresh Dairy Greek Yogurt,234.74,52
8147,Classic Pantry Soy Sauce 1L,198.5,56
8148,Original Frozen Frozen Pizza,119.74,60
8149,Salted Produce Garlic Bulb,72.5,64
8150,Spicy Meat Lamb Chops,191.24,68
8151,Deluxe Bath Mouthwash,154.24,72
8152,Imported Clean Floor Wax,416.25,76
8153,Natural Office Highlighter,64.5,80
8154,Organic Tech Earphones,1562.75,84
8155,Premium Pet Cat Food 1kg,172.74,88
8156,Roasted Coffee Espresso Beans,366.25,92
8157,Sweet Tea Hibiscus Leaves,467.24,96
8158,Light Snack Popcorn Bag,99.5,1
8159,Special Drink Juice Box,177.74,5
8160,Local Bakery Banana Bread,211.0,9
8161,Roasted Coffee Cappuccino Sticks,647.75,52
8162,Sweet Tea Jasmine Pearls,490.99,56
8163,Light Snack Trail Mix,145.49,60
8164,Special Drink Sports Drink,179.49,64
8165,Local Bakery Cinnamon Roll,171.0,68
8166,Fresh Dairy Greek Yogurt,237.99,72
8167,Classic Pantry Soy Sauce 1L,201.75,76
8168,Original Frozen Frozen Pizza,122.99,80
8169,Salted Produce Garlic Bulb,75.75,84
8170,Spicy Meat Lamb Chops,194.49,88
8171,Deluxe Bath Mouthwash,157.49,92
8172,Imported Clean Floor Wax,419.5,96
8173,Natural Office Highlighter,67.75,1
8174,Organic Tech Earphones,1566.0,5
8175,Premium Pet Cat Food 1kg,175.99,9
8176,Roasted Coffee Espresso Beans,369.5,13
8177,Sweet Tea Hibiscus Leaves,470.49,17
8178,Light Snack Popcorn Bag,102.75,21
8179,Special Drink Juice Box,180.99,25
8180,Local Bakery Banana Bread,214.25,29
8181,Roasted Coffee Cappuccino Sticks,651.0,72
8182,Sweet Tea Jasmine Pearls,494.24,76
8183,Light Snack Trail Mix,148.74,80
8184,Special Drink Sports Drink,182.74,84
8185,Local Bakery Cinnamon Roll,174.25,88
8186,Fresh Dairy Greek Yogurt,241.24,92
8187,Classic Pantry Soy Sauce 1L,205.0,96
8188,Original Frozen Frozen Pizza,126.24,1
8189,Salted Produce Garlic Bulb,79.0,5
8190,Spicy Meat Lamb Chops,197.74,9
8191,Deluxe Bath Mouthwash,160.74,13
8192,Imported Clean Floor Wax,422.75,17
8193,Natural Office Highlighter,71.0,21
8194,Organic Tech Earphones,1569.25,25
8195,Premium Pet Cat Food 1kg,179.24,29
8196,Roasted Coffee Espresso Beans,372.75,33
8197,Sweet Tea Hibiscus Leaves,473.74,37
8198,Light Snack Popcorn Bag,106.0,41
8199,Special Drink Juice Box,184.24,45
8200,Local Bakery Banana Bread,217.5,49
8201,Roasted Coffee Cappuccino Sticks,654.25,92
8202,Sweet Tea Jasmine Pearls,497.49,96
8203,Light Snack Trail Mix,151.99,1
8204,Special Drink Sports Drink,185.99,5
8205,Local Bakery Cinnamon Roll,177.5,9
8206,Fresh Dairy Greek Yogurt,244.49,13
8207,Classic Pantry Soy Sauce 1L,208.25,17
8208,Original Frozen Frozen Pizza,129.49,21
8209,Salted Produce Garlic Bulb,82.25,25
8210,Spicy Meat Lamb Chops,200.99,29
8211,Deluxe Bath Mouthwash,163.99,33
8212,Imported Clean Floor Wax,426.0,37
8213,Natural Office Highlighter,74.25,41
8214,Organic Tech Earphones,1572.5,45
8215,Premium Pet Cat Food 1kg,182.49,49
8216,Roasted Coffee Espresso Beans,376.0,53
8217,Sweet Tea Hibiscus Leaves,476.99,57
8218,Light Snack Popcorn Bag,109.25,61
8219,Special Drink Juice Box,187.49,65
8220,Local Bakery Banana Bread,220.75,69
8221,Roasted Coffee Cappuccino Sticks,657.5,13
8222,Sweet Tea Jasmine Pearls,500.74,17
8223,Light Snack Trail Mix,155.24,21
8224,Special Drink Sports Drink,189.24,25
8225,Local Bakery Cinnamon Roll,180.75,29
8226,Fresh Dairy Greek Yogurt,247.74,33
8227,Classic Pantry Soy Sauce 1L,211.5,37
8228,Original Frozen Frozen Pizza,132.74,41
8229,Salted Produce Garlic Bulb,85.5,45
8230,Spicy Meat Lamb Chops,204.24,49
8231,Deluxe Bath Mouthwash,167.24,53
8232,Imported Clean Floor Wax,429.25,57
8233,Natural Office Highlighter,77.5,61
8234,Organic Tech Earphones,1575.75,65
8235,Premium Pet Cat Food 1kg,185.74,69
8236,Roasted Coffee Espresso Beans,379.25,73
8237,Sweet Tea Hibiscus Leaves,480.24,77
8238,Light Snack Popcorn Bag,112.5,81
8239,Special Drink Juice Box,190.74,85
8240,Local Bakery Banana Bread,224.0,89
8241,Roasted Coffee Cappuccino Sticks,660.75,33
8242,Sweet Tea Jasmine Pearls,503.99,37
8243,Light Snack Trail Mix,158.49,41
8244,Special Drink Sports Drink,192.49,45
8245,Local Bakery Cinnamon Roll,184.0,49
8246,Fresh Dairy Greek Yogurt,250.99,53
8247,Classic Pantry Soy Sauce 1L,214.75,57
8248,Original Frozen Frozen Pizza,135.99,61
8249,Salted Produce Garlic Bulb,88.75,65
8250,Spicy Meat Lamb Chops,207.49,69
8251,Deluxe Bath Mouthwash,170.49,73
8252,Imported Clean Floor Wax,432.5,77
8253,Natural Office Highlighter,80.75,81
8254,Organic Tech Earphones,1579.0,85
8255,Premium Pet Cat Food 1kg,188.99,89
8256,Roasted Coffee Espresso Beans,382.5,93
8257,Sweet Tea Hibiscus Leaves,483.49,97
8258,Light Snack Popcorn Bag,115.75,2
8259,Special Drink Juice Box,193.99,6
8260,Local Bakery Banana Bread,204.5,10
8261,Roasted Coffee Cappuccino Sticks,641.25,53
8262,Sweet Tea Jasmine Pearls,484.49,57
8263,Light Snack Trail Mix,138.99,61
8264,Special Drink Sports Drink,172.99,65
8265,Local Bakery Cinnamon Roll,164.5,69
8266,Fresh Dairy Greek Yogurt,231.49,73
8267,Classic Pantry Soy Sauce 1L,195.25,77
8268,Original Frozen Frozen Pizza,116.49,81
8269,Salted Produce Garlic Bulb,69.25,85
8270,Spicy Meat Lamb Chops,187.99,89
8271,Deluxe Bath Mouthwash,150.99,93
8272,Imported Clean Floor Wax,413.0,97
8273,Natural Office Highlighter,61.25,2
8274,Organic Tech Earphones,1559.5,6
8275,Premium Pet Cat Food 1kg,169.49,10
8276,Roasted Coffee Espresso Beans,363.0,14
8277,Sweet Tea Hibiscus Leaves,463.99,18
8278,Light Snack Popcorn Bag,96.25,22
8279,Special Drink Juice Box,174.49,26
8280,Local Bakery Banana Bread,207.75,30
8281,Roasted Coffee Cappuccino Sticks,644.5,73
8282,Sweet Tea Jasmine Pearls,487.74,77
8283,Light Snack Trail Mix,142.24,81
8284,Special Drink Sports Drink,176.24,85
8285,Local Bakery Cinnamon Roll,167.75,89
8286,Fresh Dairy Greek Yogurt,234.74,93
8287,Classic Pantry Soy Sauce 1L,198.5,97
8288,Original Frozen Frozen Pizza,119.74,2
8289,Salted Produce Garlic Bulb,72.5,6
8290,Spicy Meat Lamb Chops,191.24,10
8291,Deluxe Bath Mouthwash,154.24,14
8292,Imported Clean Floor Wax,416.25,18
8293,Natural Office Highlighter,64.5,22
8294,Organic Tech Earphones,1562.75,26
8295,Premium Pet Cat Food 1kg,172.74,30
8296,Roasted Coffee Espresso Beans,366.25,34
8297,Sweet Tea Hibiscus Leaves,467.24,38
8298,Light Snack Popcorn Bag,99.5,42
8299,Special Drink Juice Box,177.74,46
8300,Local Bakery Banana Bread,211.0,50
8301,Roasted Coffee Cappuccino Sticks,647.75,93
8302,Sweet Tea Jasmine Pearls,490.99,97
8303,Light Snack Trail Mix,145.49,2
8304,Special Drink Sports Drink,179.49,6
8305,Local Bakery Cinnamon Roll,171.0,10
8306,Fresh Dairy Greek Yogurt,237.99,14
8307,Classic Pantry Soy Sauce 1L,201.75,18
8308,Original Frozen Frozen Pizza,122.99,22
8309,Salted Produce Garlic Bulb,75.75,26
8310,Spicy Meat Lamb Chops,194.49,30
8311,Deluxe Bath Mouthwash,157.49,34
8312,Imported Clean Floor Wax,419.5,38
8313,Natural Office Highlighter,67.75,42
8314,Organic Tech Earphones,1566.0,46
8315,Premium Pet Cat Food 1kg,175.99,50
8316,Roasted Coffee Espresso Beans,369.5,54
8317,Sweet Tea Hibiscus Leaves,470.49,58
8318,Light Snack Popcorn Bag,102.75,62
8319,Special Drink Juice Box,180.99,66
8320,Local Bakery Banana Bread,214.25,70
8321,Roasted Coffee Cappuccino Sticks,651.0,14
8322,Sweet Tea Jasmine Pearls,494.24,18
8323,Light Snack Trail Mix,148.74,22
8324,Special Drink Sports Drink,182.74,26
8325,Local Bakery Cinnamon Roll,174.25,30
8326,Fresh Dairy Greek Yogurt,241.24,34
8327,Classic Pantry Soy Sauce 1L,205.0,38
8328,Original Frozen Frozen Pizza,126.24,42
8329,Salted Produce Garlic Bulb,79.0,46
8330,Spicy Meat Lamb Chops,197.74,50
8331,Deluxe Bath Mouthwash,160.74,54
8332,Imported Clean Floor Wax,422.75,58
8333,Natural Office Highlighter,71.0,62
8334,Organic Tech Earphones,1569.25,66
8335,Premium Pet Cat Food 1kg,179.24,70
8336,Roasted Coffee Espresso Beans,372.75,74
8337,Sweet Tea Hibiscus Leaves,473.74,78
8338,Light Snack Popcorn Bag,106.0,82
8339,Special Drink Juice Box,184.24,86
8340,Local Bakery Banana Bread,217.5,90
8341,Roasted Coffee Cappuccino Sticks,654.25,34
8342,Sweet Tea Jasmine Pearls,497.49,38
8343,Light Snack Trail Mix,151.99,42
8344,Special Drink Sports Drink,185.99,46
8345,Local Bakery Cinnamon Roll,177.5,50
8346,Fresh Dairy Greek Yogurt,244.49,54
8347,Classic Pantry Soy Sauce 1L,208.25,58
8348,Original Frozen Frozen Pizza,129.49,62
8349,Salted Produce Garlic Bulb,82.25,66
8350,Spicy Meat Lamb Chops,200.99,70
8351,Deluxe Bath Mouthwash,163.99,74
8352,Imported Clean Floor Wax,426.0,78
8353,Natural Office Highlighter,74.25,82
8354,Organic Tech Earphones,1572.5,86
8355,Premium Pet Cat Food 1kg,182.49,90
8356,Roasted Coffee Espresso Beans,376.0,94
8357,Sweet Tea Hibiscus Leaves,476.99,98
8358,Light Snack Popcorn Bag,109.25,3
8359,Special Drink Juice Box,187.49,7
8360,Local Bakery Banana Bread,220.75,11
8361,Roasted Coffee Cappuccino Sticks,657.5,54
8362,Sweet Tea Jasmine Pearls,500.74,58
8363,Light Snack Trail Mix,155.24,62
8364,Special Drink Sports Drink,189.24,66
8365,Local Bakery Cinnamon Roll,180.75,70
8366,Fresh Dairy Greek Yogurt,247.74,74
8367,Classic Pantry Soy Sauce 1L,211.5,78
8368,Original Frozen Frozen Pizza,132.74,82
8369,Salted Produce Garlic Bulb,85.5,86
8370,Spicy Meat Lamb Chops,204.24,90
8371,Deluxe Bath Mouthwash,167.24,94
8372,Imported Clean Floor Wax,429.25,98
8373,Natural Office Highlighter,77.5,3
8374,Organic Tech Earphones,1575.75,7
8375,Premium Pet Cat Food 1kg,185.74,11
8376,Roasted Coffee Espresso Beans,379.25,15
8377,Sweet Tea Hibiscus Leaves,480.24,19
8378,Light Snack Popcorn Bag,112.5,23
8379,Special Drink Juice Box,190.74,27
8380,Local Bakery Banana Bread,224.0,31
8381,Roasted Coffee Cappuccino Sticks,660.75,74
8382,Sweet Tea Jasmine Pearls,503.99,78
8383,Light Snack Trail Mix,158.49,82
8384,Special Drink Sports Drink,192.49,86
8385,Local Bakery Cinnamon Roll,184.0,90
8386,Fresh Dairy Greek Yogurt,250.99,94
8387,Classic Pantry Soy Sauce 1L,214.75,98
8388,Original Frozen Frozen Pizza,135.99,3
8389,Salted Produce Garlic Bulb,88.75,7
8390,Spicy Meat Lamb Chops,207.49,11
8391,Deluxe Bath Mouthwash,170.49,15
8392,Imported Clean Floor Wax,432.5,19
8393,Natural Office Highlighter,80.75,23
8394,Organic Tech Earphones,1579.0,27
8395,Premium Pet Cat Food 1kg,188.99,31
8396,Roasted Coffee Espresso Beans,382.5,35
8397,Sweet Tea Hibiscus Leaves,483.49,39
8398,Light Snack Popcorn Bag,115.75,43
8399,Special Drink Juice Box,193.99,47
8400,Local Bakery Banana Bread,204.5,51
8401,Roasted Coffee Cappuccino Sticks,641.25,94
8402,Sweet Tea Jasmine Pearls,484.49,98
8403,Light Snack Trail Mix,138.99,3
8404,Special Drink Sports Drink,172.99,7
8405,Local Bakery Cinnamon Roll,164.5,11
8406,Fresh Dairy Greek Yogurt,231.49,15
8407,Classic Pantry Soy Sauce 1L,195.25,19
8408,Original Frozen Frozen Pizza,116.49,23
8409,Salted Produce Garlic Bulb,69.25,27
8410,Spicy Meat Lamb Chops,187.99,31
8411,Deluxe Bath Mouthwash,150.99,35
8412,Imported Clean Floor Wax,413.0,39
8413,Natural Office Highlighter,61.25,43
8414,Organic Tech Earphones,1559.5,47
8415,Premium Pet Cat Food 1kg,169.49,51
8416,Roasted Coffee Espresso Beans,363.0,55
8417,Sweet Tea Hibiscus Leaves,463.99,59
8418,Light Snack Popcorn Bag,96.25,63
8419,Special Drink Juice Box,174.49,67
8420,Local Bakery Banana Bread,207.75,71
8421,Roasted Coffee Cappuccino Sticks,644.5,15
8422,Sweet Tea Jasmine Pearls,487.74,19
8423,Light Snack Trail Mix,142.24,23
8424,Special Drink Sports Drink,176.24,27
8425,Local Bakery Cinnamon Roll,167.75,31
8426,Fresh Dairy Greek Yogurt,234.74,35
8427,Classic Pantry Soy Sauce 1L,198.5,39
8428,Original Frozen Frozen Pizza,119.74,43
8429,Salted Produce Garlic Bulb,72.5,47
8430,Spicy Meat Lamb Chops,191.24,51
8431,Deluxe Bath Mouthwash,154.24,55
8432,Imported Clean Floor Wax,416.25,59
8433,Natural Office Highlighter,64.5,63
8434,Organic Tech Earphones,1562.75,67
8435,Premium Pet Cat Food 1kg,172.74,71
8436,Roasted Coffee Espresso Beans,366.25,75
8437,Sweet Tea Hibiscus Leaves,467.24,79
8438,Light Snack Popcorn Bag,99.5,83
8439,Special Drink Juice Box,177.74,87
8440,Local Bakery Banana Bread,211.0,91
8441,Roasted Coffee Cappuccino Sticks,647.75,35
8442,Sweet Tea Jasmine Pearls,490.99,39
8443,Light Snack Trail Mix,145.49,43
8444,Special Drink Sports Drink,179.49,47
8445,Local Bakery Cinnamon Roll,171.0,51
8446,Fresh Dairy Greek Yogurt,237.99,55
8447,Classic Pantry Soy Sauce 1L,201.75,59
8448,Original Frozen Frozen Pizza,122.99,63
8449,Salted Produce Garlic Bulb,75.75,67
8450,Spicy Meat Lamb Chops,194.49,71
8451,Deluxe Bath Mouthwash,157.49,75
8452,Imported Clean Floor Wax,419.5,79
8453,Natural Office Highlighter,67.75,83
8454,Organic Tech Earphones,1566.0,87
8455,Premium Pet Cat Food 1kg,175.99,91
8456,Roasted Coffee Espresso Beans,369.5,95
8457,Sweet Tea Hibiscus Leaves,470.49,99
8458,Light Snack Popcorn Bag,102.75,4
8459,Special Drink Juice Box,180.99,8
8460,Local Bakery Banana Bread,214.25,12
8461,Roasted Coffee Cappuccino Sticks,651.0,55
8462,Sweet Tea Jasmine Pearls,494.24,59
8463,Light Snack Trail Mix,148.74,63
8464,Special Drink Sports Drink,182.74,67
8465,Local Bakery Cinnamon Roll,174.25,71
8466,Fresh Dairy Greek Yogurt,241.24,75
8467,Classic Pantry Soy Sauce 1L,205.0,79
8468,Original Frozen Frozen Pizza,126.24,83
8469,Salted Produce Garlic Bulb,79.0,87
8470,Spicy Meat Lamb Chops,197.74,91
8471,Deluxe Bath Mouthwash,160.74,95
8472,Imported Clean Floor Wax,422.75,99
8473,Natural Office Highlighter,71.0,4
8474,Organic Tech Earphones,1569.25,8
8475,Premium Pet Cat Food 1kg,179.24,12
8476,Roasted Coffee Espresso Beans,372.75,16
8477,Sweet Tea Hibiscus Leaves,473.74,20
8478,Light Snack Popcorn Bag,106.0,24
8479,Special Drink Juice Box,184.24,28
8480,Local Bakery Banana Bread,217.5,32
8481,Roasted Coffee Cappuccino Sticks,654.25,75
8482,Sweet Tea Jasmine Pearls,497.49,79
8483,Light Snack Trail Mix,151.99,83
8484,Special Drink Sports Drink,185.99,87
8485,Local Bakery Cinnamon Roll,177.5,91
8486,Fresh Dairy Greek Yogurt,244.49,95
8487,Classic Pantry Soy Sauce 1L,208.25,99
8488,Original Frozen Frozen Pizza,129.49,4
8489,Salted Produce Garlic Bulb,82.25,8
8490,Spicy Meat Lamb Chops,200.99,12
8491,Deluxe Bath Mouthwash,163.99,16
8492,Imported Clean Floor Wax,426.0,20
8493,Natural Office Highlighter,74.25,24
8494,Organic Tech Earphones,1572.5,28
8495,Premium Pet Cat Food 1kg,182.49,32
8496,Roasted Coffee Espresso Beans,376.0,36
8497,Sweet Tea Hibiscus Leaves,476.99,40
8498,Light Snack Popcorn Bag,109.25,44
8499,Special Drink Juice Box,187.49,48
8500,Local Bakery Banana Bread,220.75,52
8501,Roasted Coffee Cappuccino Sticks,657.5,95
8502,Sweet Tea Jasmine Pearls,500.74,99
8503,Light Snack Trail Mix,155.24,4
8504,Special Drink Sports Drink,189.24,8
8505,Local Bakery Cinnamon Roll,180.75,12
8506,Fresh Dairy Greek Yogurt,247.74,16
8507,Classic Pantry Soy Sauce 1L,211.5,20
8508,Original Frozen Frozen Pizza,132.74,24
8509,Salted Produce Garlic Bulb,85.5,28
8510,Spicy Meat Lamb Chops,204.24,32
8511,Deluxe Bath Mouthwash,167.24,36
8512,Imported Clean Floor Wax,429.25,40
8513,Natural Office Highlighter,77.5,44
8514,Organic Tech Earphones,1575.75,48
8515,Premium Pet Cat Food 1kg,185.74,52
8516,Roasted Coffee Espresso Beans,379.25,56
8517,Sweet Tea Hibiscus Leaves,480.24,60
8518,Light Snack Popcorn Bag,112.5,64
8519,Special Drink Juice Box,190.74,68
8520,Local Bakery Banana Bread,224.0,72
8521,Roasted Coffee Cappuccino Sticks,660.75,16
8522,Sweet Tea Jasmine Pearls,503.99,20
8523,Light Snack Trail Mix,158.49,24
8524,Special Drink Sports Drink,192.49,28
8525,Local Bakery Cinnamon Roll,184.0,32
8526,Fresh Dairy Greek Yogurt,250.99,36
8527,Classic Pantry Soy Sauce 1L,214.75,40
8528,Original Frozen Frozen Pizza,135.99,44
8529,Salted Produce Garlic Bulb,88.75,48
8530,Spicy Meat Lamb Chops,207.49,52
8531,Deluxe Bath Mouthwash,170.49,56
8532,Imported Clean Floor Wax,432.5,60
8533,Natural Office Highlighter,80.75,64
8534,Organic Tech Earphones,1579.0,68
8535,Premium Pet Cat Food 1kg,188.99,72
8536,Roasted Coffee Espresso Beans,382.5,76
8537,Sweet Tea Hibiscus Leaves,483.49,80
8538,Light Snack Popcorn Bag,115.75,84
8539,Special Drink Juice Box,193.99,88
8540,Local Bakery Banana Bread,204.5,92
8541,Roasted Coffee Cappuccino Sticks,641.25,36
8542,Sweet Tea Jasmine Pearls,484.49,40
8543,Light Snack Trail Mix,138.99,44
8544,Special Drink Sports Drink,172.99,48
8545,Local Bakery Cinnamon Roll,164.5,52
8546,Fresh Dairy Greek Yogurt,231.49,56
8547,Classic Pantry Soy Sauce 1L,195.25,60
8548,Original Frozen Frozen Pizza,116.49,64
8549,Salted Produce Garlic Bulb,69.25,68
8550,Spicy Meat Lamb Chops,187.99,72
8551,Deluxe Bath Mouthwash,150.99,76
8552,Imported Clean Floor Wax,413.0,80
8553,Natural Office Highlighter,61.25,84
8554,Organic Tech Earphones,1559.5,88
8555,Premium Pet Cat Food 1kg,169.49,92
8556,Roasted Coffee Espresso Beans,363.0,96
8557,Sweet Tea Hibiscus Leaves,463.99,1
8558,Light Snack Popcorn Bag,96.25,5
8559,Special Drink Juice Box,174.49,9
8560,Local Bakery Banana Bread,207.75,13
8561,Roasted Coffee Cappuccino Sticks,644.5,56
8562,Sweet Tea Jasmine Pearls,487.74,60
8563,Light Snack Trail Mix,142.24,64
8564,Special Drink Sports Drink,176.24,68
8565,Local Bakery Cinnamon Roll,167.75,72
8566,Fresh Dairy Greek Yogurt,234.74,76
8567,Classic Pantry Soy Sauce 1L,198.5,80
8568,Original Frozen Frozen Pizza,119.74,84
8569,Salted Produce Garlic Bulb,72.5,88
8570,Spicy Meat Lamb Chops,191.24,92
8571,Deluxe Bath Mouthwash,154.24,96
8572,Imported Clean Floor Wax,416.25,1
8573,Natural Office Highlighter,64.5,5
8574,Organic Tech Earphones,1562.75,9
8575,Premium Pet Cat Food 1kg,172.74,13
8576,Roasted Coffee Espresso Beans,366.25,17
8577,Sweet Tea Hibiscus Leaves,467.24,21
8578,Light Snack Popcorn Bag,99.5,25
8579,Special Drink Juice Box,177.74,29
8580,Local Bakery Banana Bread,211.0,33
8581,Roasted Coffee Cappuccino Sticks,647.75,76
8582,Sweet Tea Jasmine Pearls,490.99,80
8583,Light Snack Trail Mix,145.49,84
8584,Special Drink Sports Drink,179.49,88
8585,Local Bakery Cinnamon Roll,171.0,92
8586,Fresh Dairy Greek Yogurt,237.99,96
8587,Classic Pantry Soy Sauce 1L,201.75,1
8588,Original Frozen Frozen Pizza,122.99,5
8589,Salted Produce Garlic Bulb,75.75,9
8590,Spicy Meat Lamb Chops,194.49,13
8591,Deluxe Bath Mouthwash,157.49,17
8592,Imported Clean Floor Wax,419.5,21
8593,Natural Office Highlighter,67.75,25
8594,Organic Tech Earphones,1566.0,29
8595,Premium Pet Cat Food 1kg,175.99,33
8596,Roasted Coffee Espresso Beans,369.5,37
8597,Sweet Tea Hibiscus Leaves,470.49,41
8598,Light Snack Popcorn Bag,102.75,45
8599,Special Drink Juice Box,180.99,49
8600,Local Bakery Banana Bread,214.25,53
8601,Roasted Coffee Cappuccino Sticks,651.0,96
8602,Sweet Tea Jasmine Pearls,494.24,1
8603,Light Snack Trail Mix,148.74,5
8604,Special Drink Sports Drink,182.74,9
8605,Local Bakery Cinnamon Roll,174.25,13
8606,Fresh Dairy Greek Yogurt,241.24,17
8607,Classic Pantry Soy Sauce 1L,205.0,21
8608,Original Frozen Frozen Pizza,126.24,25
8609,Salted Produce Garlic Bulb,79.0,29
8610,Spicy Meat Lamb Chops,197.74,33
8611,Deluxe Bath Mouthwash,160.74,37
8612,Imported Clean Floor Wax,422.75,41
8613,Natural Office Highlighter,71.0,45
8614,Organic Tech Earphones,1569.25,49
8615,Premium Pet Cat Food 1kg,179.24,53
8616,Roasted Coffee Espresso Beans,372.75,57
8617,Sweet Tea Hibiscus Leaves,473.74,61
8618,Light Snack Popcorn Bag,106.0,65
8619,Special Drink Juice Box,184.24,69
8620,Local Bakery Banana Bread,217.5,73
8621,Roasted Coffee Cappuccino Sticks,654.25,17
8622,Sweet Tea Jasmine Pearls,497.49,21
8623,Light Snack Trail Mix,151.99,25
8624,Special Drink Sports Drink,185.99,29
8625,Local Bakery Cinnamon Roll,177.5,33
8626,Fresh Dairy Greek Yogurt,244.49,37
8627,Classic Pantry Soy Sauce 1L,208.25,41
8628,Original Frozen Frozen Pizza,129.49,45
8629,Salted Produce Garlic Bulb,82.25,49
8630,Spicy Meat Lamb Chops,200.99,53
8631,Deluxe Bath Mouthwash,163.99,57
8632,Imported Clean Floor Wax,426.0,61
8633,Natural Office Highlighter,74.25,65
8634,Organic Tech Earphones,1572.5,69
8635,Premium Pet Cat Food 1kg,182.49,73
8636,Roasted Coffee Espresso Beans,376.0,77
8637,Sweet Tea Hibiscus Leaves,476.99,81
8638,Light Snack Popcorn Bag,109.25,85
8639,Special Drink Juice Box,187.49,89
8640,Local Bakery Banana Bread,220.75,93
8641,Roasted Coffee Cappuccino Sticks,657.5,37
8642,Sweet Tea Jasmine Pearls,500.74,41
8643,Light Snack Trail Mix,155.24,45
8644,Special Drink Sports Drink,189.24,49
8645,Local Bakery Cinnamon Roll,180.75,53
8646,Fresh Dairy Greek Yogurt,247.74,57
8647,Classic Pantry Soy Sauce 1L,211.5,61
8648,Original Frozen Frozen Pizza,132.74,65
8649,Salted Produce Garlic Bulb,85.5,69
8650,Spicy Meat Lamb Chops,204.24,73
8651,Deluxe Bath Mouthwash,167.24,77
8652,Imported Clean Floor Wax,429.25,81
8653,Natural Office Highlighter,77.5,85
8654,Organic Tech Earphones,1575.75,89
8655,Premium Pet Cat Food 1kg,185.74,93
8656,Roasted Coffee Espresso Beans,379.25,97
8657,Sweet Tea Hibiscus Leaves,480.24,2
8658,Light Snack Popcorn Bag,112.5,6
8659,Special Drink Juice Box,190.74,10
8660,Local Bakery Banana Bread,224.0,14
8661,Roasted Coffee Cappuccino Sticks,660.75,57
8662,Sweet Tea Jasmine Pearls,503.99,61
8663,Light Snack Trail Mix,158.49,65
8664,Special Drink Sports Drink,192.49,69
8665,Local Bakery Cinnamon Roll,184.0,73
8666,Fresh Dairy Greek Yogurt,250.99,77
8667,Classic Pantry Soy Sauce 1L,214.75,81
8668,Original Frozen Frozen Pizza,135.99,85
8669,Salted Produce Garlic Bulb,88.75,89
8670,Spicy Meat Lamb Chops,207.49,93
8671,Deluxe Bath Mouthwash,170.49,97
8672,Imported Clean Floor Wax,432.5,2
8673,Natural Office Highlighter,80.75,6
8674,Organic Tech Earphones,1579.0,10
8675,Premium Pet Cat Food 1kg,188.99,14
8676,Roasted Coffee Espresso Beans,382.5,18
8677,Sweet Tea Hibiscus Leaves,483.49,22
8678,Light Snack Popcorn Bag,115.75,26
8679,Special Drink Juice Box,193.99,30
8680,Local Bakery Banana Bread,204.5,34
8681,Roasted Coffee Cappuccino Sticks,641.25,77
8682,Sweet Tea Jasmine Pearls,484.49,81
8683,Light Snack Trail Mix,138.99,85
8684,Special Drink Sports Drink,172.99,89
8685,Local Bakery Cinnamon Roll,164.5,93
8686,Fresh Dairy Greek Yogurt,231.49,97
8687,Classic Pantry Soy Sauce 1L,195.25,2
8688,Original Frozen Frozen Pizza,116.49,6
8689,Salted Produce Garlic Bulb,69.25,10
8690,Spicy Meat Lamb Chops,187.99,14
8691,Deluxe Bath Mouthwash,150.99,18
8692,Imported Clean Floor Wax,413.0,22
8693,Natural Office Highlighter,61.25,26
8694,Organic Tech Earphones,1559.5,30
8695,Premium Pet Cat Food 1kg,169.49,34
8696,Roasted Coffee Espresso Beans,363.0,38
8697,Sweet Tea Hibiscus Leaves,463.99,42
8698,Light Snack Popcorn Bag,96.25,46
8699,Special Drink Juice Box,174.49,50
8700,Local Bakery Banana Bread,207.75,54
8701,Roasted Coffee Cappuccino Sticks,644.5,97
8702,Sweet Tea Jasmine Pearls,487.74,2
8703,Light Snack Trail Mix,142.24,6
8704,Special Drink Sports Drink,176.24,10
8705,Local Bakery Cinnamon Roll,167.75,14
8706,Fresh Dairy Greek Yogurt,234.74,18
8707,Classic Pantry Soy Sauce 1L,198.5,22
8708,Original Frozen Frozen Pizza,119.74,26
8709,Salted Produce Garlic Bulb,72.5,30
8710,Spicy Meat Lamb Chops,191.24,34
8711,Deluxe Bath Mouthwash,154.24,38
8712,Imported Clean Floor Wax,416.25,42
8713,Natural Office Highlighter,64.5,46
8714,Organic Tech Earphones,1562.75,50
8715,Premium Pet Cat Food 1kg,172.74,54
8716,Roasted Coffee Espresso Beans,366.25,58
8717,Sweet Tea Hibiscus Leaves,467.24,62
8718,Light Snack Popcorn Bag,99.5,66
8719,Special Drink Juice Box,177.74,70
8720,Local Bakery Banana Bread,211.0,74
8721,Roasted Coffee Cappuccino Sticks,647.75,18
8722,Sweet Tea Jasmine Pearls,490.99,22
8723,Light Snack Trail Mix,145.49,26
8724,Special Drink Sports Drink,179.49,30
8725,Local Bakery Cinnamon Roll,171.0,34
8726,Fresh Dairy Greek Yogurt,237.99,38
8727,Classic Pantry Soy Sauce 1L,201.75,42
8728,Original Frozen Frozen Pizza,122.99,46
8729,Salted Produce Garlic Bulb,75.75,50
8730,Spicy Meat Lamb Chops,194.49,54
8731,Deluxe Bath Mouthwash,157.49,58
8732,Imported Clean Floor Wax,419.5,62
8733,Natural Office Highlighter,67.75,66
8734,Organic Tech Earphones,1566.0,70
8735,Premium Pet Cat Food 1kg,175.99,74
8736,Roasted Coffee Espresso Beans,369.5,78
8737,Sweet Tea Hibiscus Leaves,470.49,82
8738,Light Snack Popcorn Bag,102.75,86
8739,Special Drink Juice Box,180.99,90
8740,Local Bakery Banana Bread,214.25,94
8741,Roasted Coffee Cappuccino Sticks,651.0,38
8742,Sweet Tea Jasmine Pearls,494.24,42
8743,Light Snack Trail Mix,148.74,46
8744,Special Drink Sports Drink,182.74,50
8745,Local Bakery Cinnamon Roll,174.25,54
8746,Fresh Dairy Greek Yogurt,241.24,58
8747,Classic Pantry Soy Sauce 1L,205.0,62
8748,Original Frozen Frozen Pizza,126.24,66
8749,Salted Produce Garlic Bulb,79.0,70
8750,Spicy Meat Lamb Chops,197.74,74
8751,Deluxe Bath Mouthwash,160.74,78
8752,Imported Clean Floor Wax,422.75,82
8753,Natural Office Highlighter,71.0,86
8754,Organic Tech Earphones,1569.25,90
8755,Premium Pet Cat Food 1kg,179.24,94
8756,Roasted Coffee Espresso Beans,372.75,98
8757,Sweet Tea Hibiscus Leaves,473.74,3
8758,Light Snack Popcorn Bag,106.0,7
8759,Special Drink Juice Box,184.24,11
8760,Local Bakery Banana Bread,217.5,15
8761,Roasted Coffee Cappuccino Sticks,654.25,58
8762,Sweet Tea Jasmine Pearls,497.49,62
8763,Light Snack Trail Mix,151.99,66
8764,Special Drink Sports Drink,185.99,70
8765,Local Bakery Cinnamon Roll,177.5,74
8766,Fresh Dairy Greek Yogurt,244.49,78
8767,Classic Pantry Soy Sauce 1L,208.25,82
8768,Original Frozen Frozen Pizza,129.49,86
8769,Salted Produce Garlic Bulb,82.25,90
8770,Spicy Meat Lamb Chops,200.99,94
8771,Deluxe Bath Mouthwash,163.99,98
8772,Imported Clean Floor Wax,426.0,3
8773,Natural Office Highlighter,74.25,7
8774,Organic Tech Earphones,1572.5,11
8775,Premium Pet Cat Food 1kg,182.49,15
8776,Roasted Coffee Espresso Beans,376.0,19
8777,Sweet Tea Hibiscus Leaves,476.99,23
8778,Light Snack Popcorn Bag,109.25,27
8779,Special Drink Juice Box,187.49,31
8780,Local Bakery Banana Bread,220.75,35
8781,Roasted Coffee Cappuccino Sticks,657.5,78
8782,Sweet Tea Jasmine Pearls,500.74,82
8783,Light Snack Trail Mix,155.24,86
8784,Special Drink Sports Drink,189.24,90
8785,Local Bakery Cinnamon Roll,180.75,94
8786,Fresh Dairy Greek Yogurt,247.74,98
8787,Classic Pantry Soy Sauce 1L,211.5,3
8788,Original Frozen Frozen Pizza,132.74,7
8789,Salted Produce Garlic Bulb,85.5,11
8790,Spicy Meat Lamb Chops,204.24,15
8791,Deluxe Bath Mouthwash,167.24,19
8792,Imported Clean Floor Wax,429.25,23
8793,Natural Office Highlighter,77.5,27
8794,Organic Tech Earphones,1575.75,31
8795,Premium Pet Cat Food 1kg,185.74,35
8796,Roasted Coffee Espresso Beans,379.25,39
8797,Sweet Tea Hibiscus Leaves,480.24,43
8798,Light Snack Popcorn Bag,112.5,47
8799,Special Drink Juice Box,190.74,51
8800,Local Bakery Banana Bread,224.0,55
8801,Roasted Coffee Cappuccino Sticks,660.75,98
8802,Sweet Tea Jasmine Pearls,503.99,3
8803,Light Snack Trail Mix,158.49,7
8804,Special Drink Sports Drink,192.49,11
8805,Local Bakery Cinnamon Roll,184.0,15
8806,Fresh Dairy Greek Yogurt,250.99,19
8807,Classic Pantry Soy Sauce 1L,214.75,23
8808,Original Frozen Frozen Pizza,135.99,27
8809,Salted Produce Garlic Bulb,88.75,31
8810,Spicy Meat Lamb Chops,207.49,35
8811,Deluxe Bath Mouthwash,170.49,39
8812,Imported Clean Floor Wax,432.5,43
8813,Natural Office Highlighter,80.75,47
8814,Organic Tech Earphones,1579.0,51
8815,Premium Pet Cat Food 1kg,188.99,55
8816,Roasted Coffee Espresso Beans,382.5,59
8817,Sweet Tea Hibiscus Leaves,483.49,63
8818,Light Snack Popcorn Bag,115.75,67
8819,Special Drink Juice Box,193.99,71
8820,Local Bakery Banana Bread,204.5,75
8821,Roasted Coffee Cappuccino Sticks,641.25,19
8822,Sweet Tea Jasmine Pearls,484.49,23
8823,Light Snack Trail Mix,138.99,27
8824,Special Drink Sports Drink,172.99,31
8825,Local Bakery Cinnamon Roll,164.5,35
8826,Fresh Dairy Greek Yogurt,231.49,39
8827,Classic Pantry Soy Sauce 1L,195.25,43
8828,Original Frozen Frozen Pizza,116.49,47
8829,Salted Produce Garlic Bulb,69.25,51
8830,Spicy Meat Lamb Chops,187.99,55
8831,Deluxe Bath Mouthwash,150.99,59
8832,Imported Clean Floor Wax,413.0,63
8833,Natural Office Highlighter,61.25,67
8834,Organic Tech Earphones,1559.5,71
8835,Premium Pet Cat Food 1kg,169.49,75
8836,Roasted Coffee Espresso Beans,363.0,79
8837,Sweet Tea Hibiscus Leaves,463.99,83
8838,Light Snack Popcorn Bag,96.25,87
8839,Special Drink Juice Box,174.49,91
8840,Local Bakery Banana Bread,207.75,95
8841,Roasted Coffee Cappuccino Sticks,644.5,39
8842,Sweet Tea Jasmine Pearls,487.74,43
8843,Light Snack Trail Mix,142.24,47
8844,Special Drink Sports Drink,176.24,51
8845,Local Bakery Cinnamon Roll,167.75,55
8846,Fresh Dairy Greek Yogurt,234.74,59
8847,Classic Pantry Soy Sauce 1L,198.5,63
8848,Original Frozen Frozen Pizza,119.74,67
8849,Salted Produce Garlic Bulb,72.5,71
8850,Spicy Meat Lamb Chops,191.24,75
8851,Deluxe Bath Mouthwash,154.24,79
8852,Imported Clean Floor Wax,416.25,83
8853,Natural Office Highlighter,64.5,87
8854,Organic Tech Earphones,1562.75,91
8855,Premium Pet Cat Food 1kg,172.74,95
8856,Roasted Coffee Espresso Beans,366.25,99
8857,Sweet Tea Hibiscus Leaves,467.24,4
8858,Light Snack Popcorn Bag,99.5,8
8859,Special Drink Juice Box,177.74,12
8860,Local Bakery Banana Bread,211.0,16
8861,Roasted Coffee Cappuccino Sticks,647.75,59
8862,Sweet Tea Jasmine Pearls,490.99,63
8863,Light Snack Trail Mix,145.49,67
8864,Special Drink Sports Drink,179.49,71
8865,Local Bakery Cinnamon Roll,171.0,75
8866,Fresh Dairy Greek Yogurt,237.99,79
8867,Classic Pantry Soy Sauce 1L,201.75,83
8868,Original Frozen Frozen Pizza,122.99,87
8869,Salted Produce Garlic Bulb,75.75,91
8870,Spicy Meat Lamb Chops,194.49,95
8871,Deluxe Bath Mouthwash,157.49,99
8872,Imported Clean Floor Wax,419.5,4
8873,Natural Office Highlighter,67.75,8
8874,Organic Tech Earphones,1566.0,12
8875,Premium Pet Cat Food 1kg,175.99,16
8876,Roasted Coffee Espresso Beans,369.5,20
8877,Sweet Tea Hibiscus Leaves,470.49,24
8878,Light Snack Popcorn Bag,102.75,28
8879,Special Drink Juice Box,180.99,32
8880,Local Bakery Banana Bread,214.25,36
8881,Roasted Coffee Cappuccino Sticks,651.0,79
8882,Sweet Tea Jasmine Pearls,494.24,83
8883,Light Snack Trail Mix,148.74,87
8884,Special Drink Sports Drink,182.74,91
8885,Local Bakery Cinnamon Roll,174.25,95
8886,Fresh Dairy Greek Yogurt,241.24,99
8887,Classic Pantry Soy Sauce 1L,205.0,4
8888,Original Frozen Frozen Pizza,126.24,8
8889,Salted Produce Garlic Bulb,79.0,12
8890,Spicy Meat Lamb Chops,197.74,16
8891,Deluxe Bath Mouthwash,160.74,20
8892,Imported Clean Floor Wax,422.75,24
8893,Natural Office Highlighter,71.0,28
8894,Organic Tech Earphones,1569.25,32
8895,Premium Pet Cat Food 1kg,179.24,36
8896,Roasted Coffee Espresso Beans,372.75,40
8897,Sweet Tea Hibiscus Leaves,473.74,44
8898,Light Snack Popcorn Bag,106.0,48
8899,Special Drink Juice Box,184.24,52
8900,Local Bakery Banana Bread,217.5,56
8901,Roasted Coffee Cappuccino Sticks,654.25,99
8902,Sweet Tea Jasmine Pearls,497.49,4
8903,Light Snack Trail Mix,151.99,8
8904,Special Drink Sports Drink,185.99,12
8905,Local Bakery Cinnamon Roll,177.5,16
8906,Fresh Dairy Greek Yogurt,244.49,20
8907,Classic Pantry Soy Sauce 1L,208.25,24
8908,Original Frozen Frozen Pizza,129.49,28
8909,Salted Produce Garlic Bulb,82.25,32
8910,Spicy Meat Lamb Chops,200.99,36
8911,Deluxe Bath Mouthwash,163.99,40
8912,Imported Clean Floor Wax,426.0,44
8913,Natural Office Highlighter,74.25,48
8914,Organic Tech Earphones,1572.5,52
8915,Premium Pet Cat Food 1kg,182.49,56
8916,Roasted Coffee Espresso Beans,376.0,60
8917,Sweet Tea Hibiscus Leaves,476.99,64
8918,Light Snack Popcorn Bag,109.25,68
8919,Special Drink Juice Box,187.49,72
8920,Local Bakery Banana Bread,220.75,76
8921,Roasted Coffee Cappuccino Sticks,657.5,20
8922,Sweet Tea Jasmine Pearls,500.74,24
8923,Light Snack Trail Mix,155.24,28
8924,Special Drink Sports Drink,189.24,32
8925,Local Bakery Cinnamon Roll,180.75,36
8926,Fresh Dairy Greek Yogurt,247.74,40
8927,Classic Pantry Soy Sauce 1L,211.5,44
8928,Original Frozen Frozen Pizza,132.74,48
8929,Salted Produce Garlic Bulb,85.5,52
8930,Spicy Meat Lamb Chops,204.24,56
8931,Deluxe Bath Mouthwash,167.24,60
8932,Imported Clean Floor Wax,429.25,64
8933,Natural Office Highlighter,77.5,68
8934,Organic Tech Earphones,1575.75,72
8935,Premium Pet Cat Food 1kg,185.74,76
8936,Roasted Coffee Espresso Beans,379.25,80
8937,Sweet Tea Hibiscus Leaves,480.24,84
8938,Light Snack Popcorn Bag,112.5,88
8939,Special Drink Juice Box,190.74,92
8940,Local Bakery Banana Bread,224.0,96
8941,Roasted Coffee Cappuccino Sticks,660.75,40
8942,Sweet Tea Jasmine Pearls,503.99,44
8943,Light Snack Trail Mix,158.49,48
8944,Special Drink Sports Drink,192.49,52
8945,Local Bakery Cinnamon Roll,184.0,56
8946,Fresh Dairy Greek Yogurt,250.99,60
8947,Classic Pantry Soy Sauce 1L,214.75,64
8948,Original Frozen Frozen Pizza,135.99,68
8949,Salted Produce Garlic Bulb,88.75,72
8950,Spicy Meat Lamb Chops,207.49,76
8951,Deluxe Bath Mouthwash,170.49,80
8952,Imported Clean Floor Wax,432.5,84
8953,Natural Office Highlighter,80.75,88
8954,Organic Tech Earphones,1579.0,92
8955,Premium Pet Cat Food 1kg,188.99,96
8956,Roasted Coffee Espresso Beans,382.5,1
8957,Sweet Tea Hibiscus Leaves,483.49,5
8958,Light Snack Popcorn Bag,115.75,9
8959,Special Drink Juice Box,193.99,13
8960,Local Bakery Banana Bread,204.5,17
8961,Roasted Coffee Cappuccino Sticks,641.25,60
8962,Sweet Tea Jasmine Pearls,484.49,64
8963,Light Snack Trail Mix,138.99,68
8964,Special Drink Sports Drink,172.99,72
8965,Local Bakery Cinnamon Roll,164.5,76
8966,Fresh Dairy Greek Yogurt,231.49,80
8967,Classic Pantry Soy Sauce 1L,195.25,84
8968,Original Frozen Frozen Pizza,116.49,88
8969,Salted Produce Garlic Bulb,69.25,92
8970,Spicy Meat Lamb Chops,187.99,96
8971,Deluxe Bath Mouthwash,150.99,1
8972,Imported Clean Floor Wax,413.0,5
8973,Natural Office Highlighter,61.25,9
8974,Organic Tech Earphones,1559.5,13
8975,Premium Pet Cat Food 1kg,169.49,17
8976,Roasted Coffee Espresso Beans,363.0,21
8977,Sweet Tea Hibiscus Leaves,463.99,25
8978,Light Snack Popcorn Bag,96.25,29
8979,Special Drink Juice Box,174.49,33
8980,Local Bakery Banana Bread,207.75,37
8981,Roasted Coffee Cappuccino Sticks,644.5,80
8982,Sweet Tea Jasmine Pearls,487.74,84
8983,Light Snack Trail Mix,142.24,88
8984,Special Drink Sports Drink,176.24,92
8985,Local Bakery Cinnamon Roll,167.75,96
8986,Fresh Dairy Greek Yogurt,234.74,1
8987,Classic Pantry Soy Sauce 1L,198.5,5
8988,Original Frozen Frozen Pizza,119.74,9
8989,Salted Produce Garlic Bulb,72.5,13
8990,Spicy Meat Lamb Chops,191.24,17
8991,Deluxe Bath Mouthwash,154.24,21
8992,Imported Clean Floor Wax,416.25,25
8993,Natural Office Highlighter,64.5,29
8994,Organic Tech Earphones,1562.75,33
8995,Premium Pet Cat Food 1kg,172.74,37
8996,Roasted Coffee Espresso Beans,366.25,41
8997,Sweet Tea Hibiscus Leaves,467.24,45
8998,Light Snack Popcorn Bag,99.5,49
8999,Special Drink Juice Box,177.74,53
9000,Local Bakery Banana Bread,211.0,57
9001,Roasted Coffee Cappuccino Sticks,647.75,1
9002,Sweet Tea Jasmine Pearls,490.99,5
9003,Light Snack Trail Mix,145.49,9
9004,Special Drink Sports Drink,179.49,13
9005,Local Bakery Cinnamon Roll,171.0,17
9006,Fresh Dairy Greek Yogurt,237.99,21
9007,Classic Pantry Soy Sauce 1L,201.75,25
9008,Original Frozen Frozen Pizza,122.99,29
9009,Salted Produce Garlic Bulb,75.75,33
9010,Spicy Meat Lamb Chops,194.49,37
9011,Deluxe Bath Mouthwash,157.49,41
9012,Imported Clean Floor Wax,419.5,45
9013,Natural Office Highlighter,67.75,49
9014,Organic Tech Earphones,1566.0,53
9015,Premium Pet Cat Food 1kg,175.99,57
9016,Roasted Coffee Espresso Beans,369.5,61
9017,Sweet Tea Hibiscus Leaves,470.49,65
9018,Light Snack Popcorn Bag,102.75,69
9019,Special Drink Juice Box,180.99,73
9020,Local Bakery Banana Bread,214.25,77
9021,Roasted Coffee Cappuccino Sticks,651.0,21
9022,Sweet Tea Jasmine Pearls,494.24,25
9023,Light Snack Trail Mix,148.74,29
9024,Special Drink Sports Drink,182.74,33
9025,Local Bakery Cinnamon Roll,174.25,37
9026,Fresh Dairy Greek Yogurt,241.24,41
9027,Classic Pantry Soy Sauce 1L,205.0,45
9028,Original Frozen Frozen Pizza,126.24,49
9029,Salted Produce Garlic Bulb,79.0,53
9030,Spicy Meat Lamb Chops,197.74,57
9031,Deluxe Bath Mouthwash,160.74,61
9032,Imported Clean Floor Wax,422.75,65
9033,Natural Office Highlighter,71.0,69
9034,Organic Tech Earphones,1569.25,73
9035,Premium Pet Cat Food 1kg,179.24,77
9036,Roasted Coffee Espresso Beans,372.75,81
9037,Sweet Tea Hibiscus Leaves,473.74,85
9038,Light Snack Popcorn Bag,106.0,89
9039,Special Drink Juice Box,184.24,93
9040,Local Bakery Banana Bread,217.5,97
9041,Roasted Coffee Cappuccino Sticks,654.25,41
9042,Sweet Tea Jasmine Pearls,497.49,45
9043,Light Snack Trail Mix,151.99,49
9044,Special Drink Sports Drink,185.99,53
9045,Local Bakery Cinnamon Roll,177.5,57
9046,Fresh Dairy Greek Yogurt,244.49,61
9047,Classic Pantry Soy Sauce 1L,208.25,65
9048,Original Frozen Frozen Pizza,129.49,69
9049,Salted Produce Garlic Bulb,82.25,73
9050,Spicy Meat Lamb Chops,200.99,77
9051,Deluxe Bath Mouthwash,163.99,81
9052,Imported Clean Floor Wax,426.0,85
9053,Natural Office Highlighter,74.25,89
9054,Organic Tech Earphones,1572.5,93
9055,Premium Pet Cat Food 1kg,182.49,97
9056,Roasted Coffee Espresso Beans,376.0,2
9057,Sweet Tea Hibiscus Leaves,476.99,6
9058,Light Snack Popcorn Bag,109.25,10
9059,Special Drink Juice Box,187.49,14
9060,Local Bakery Banana Bread,220.75,18
9061,Roasted Coffee Cappuccino Sticks,657.5,61
9062,Sweet Tea Jasmine Pearls,500.74,65
9063,Light Snack Trail Mix,155.24,69
9064,Special Drink Sports Drink,189.24,73
9065,Local Bakery Cinnamon Roll,180.75,77
9066,Fresh Dairy Greek Yogurt,247.74,81
9067,Classic Pantry Soy Sauce 1L,211.5,85
9068,Original Frozen Frozen Pizza,132.74,89
9069,Salted Produce Garlic Bulb,85.5,93
9070,Spicy Meat Lamb Chops,204.24,97
9071,Deluxe Bath Mouthwash,167.24,2
9072,Imported Clean Floor Wax,429.25,6
9073,Natural Office Highlighter,77.5,10
9074,Organic Tech Earphones,1575.75,14
9075,Premium Pet Cat Food 1kg,185.74,18
9076,Roasted Coffee Espresso Beans,379.25,22
9077,Sweet Tea Hibiscus Leaves,480.24,26
9078,Light Snack Popcorn Bag,112.5,30
9079,Special Drink Juice Box,190.74,34
9080,Local Bakery Banana Bread,224.0,38
9081,Roasted Coffee Cappuccino Sticks,660.75,81
9082,Sweet Tea Jasmine Pearls,503.99,85
9083,Light Snack Trail Mix,158.49,89
9084,Special Drink Sports Drink,192.49,93
9085,Local Bakery Cinnamon Roll,184.0,97
9086,Fresh Dairy Greek Yogurt,250.99,2
9087,Classic Pantry Soy Sauce 1L,214.75,6
9088,Original Frozen Frozen Pizza,135.99,10
9089,Salted Produce Garlic Bulb,88.75,14
9090,Spicy Meat Lamb Chops,207.49,18
9091,Deluxe Bath Mouthwash,170.49,22
9092,Imported Clean Floor Wax,432.5,26
9093,Natural Office Highlighter,80.75,30
9094,Organic Tech Earphones,1579.0,34
9095,Premium Pet Cat Food 1kg,188.99,38
9096,Roasted Coffee Espresso Beans,382.5,42
9097,Sweet Tea Hibiscus Leaves,483.49,46
9098,Light Snack Popcorn Bag,115.75,50
9099,Special Drink Juice Box,193.99,54
9100,Local Bakery Banana Bread,204.5,58
9101,Roasted Coffee Cappuccino Sticks,641.25,2
9102,Sweet Tea Jasmine Pearls,484.49,6
9103,Light Snack Trail Mix,138.99,10
9104,Special Drink Sports Drink,172.99,14
9105,Local Bakery Cinnamon Roll,164.5,18
9106,Fresh Dairy Greek Yogurt,231.49,22
9107,Classic Pantry Soy Sauce 1L,195.25,26
9108,Original Frozen Frozen Pizza,116.49,30
9109,Salted Produce Garlic Bulb,69.25,34
9110,Spicy Meat Lamb Chops,187.99,38
9111,Deluxe Bath Mouthwash,150.99,42
9112,Imported Clean Floor Wax,413.0,46
9113,Natural Office Highlighter,61.25,50
9114,Organic Tech Earphones,1559.5,54
9115,Premium Pet Cat Food 1kg,169.49,58
9116,Roasted Coffee Espresso Beans,363.0,62
9117,Sweet Tea Hibiscus Leaves,463.99,66
9118,Light Snack Popcorn Bag,96.25,70
9119,Special Drink Juice Box,174.49,74
9120,Local Bakery Banana Bread,207.75,78
9121,Roasted Coffee Cappuccino Sticks,644.5,22
9122,Sweet Tea Jasmine Pearls,487.74,26
9123,Light Snack Trail Mix,142.24,30
9124,Special Drink Sports Drink,176.24,34
9125,Local Bakery Cinnamon Roll,167.75,38
9126,Fresh Dairy Greek Yogurt,234.74,42
9127,Classic Pantry Soy Sauce 1L,198.5,46
9128,Original Frozen Frozen Pizza,119.74,50
9129,Salted Produce Garlic Bulb,72.5,54
9130,Spicy Meat Lamb Chops,191.24,58
9131,Deluxe Bath Mouthwash,154.24,62
9132,Imported Clean Floor Wax,416.25,66
9133,Natural Office Highlighter,64.5,70
9134,Organic Tech Earphones,1562.75,74
9135,Premium Pet Cat Food 1kg,172.74,78
9136,Roasted Coffee Espresso Beans,366.25,82
9137,Sweet Tea Hibiscus Leaves,467.24,86
9138,Light Snack Popcorn Bag,99.5,90
9139,Special Drink Juice Box,177.74,94
9140,Local Bakery Banana Bread,211.0,98
9141,Roasted Coffee Cappuccino Sticks,647.75,42
9142,Sweet Tea Jasmine Pearls,490.99,46
9143,Light Snack Trail Mix,145.49,50
9144,Special Drink Sports Drink,179.49,54
9145,Local Bakery Cinnamon Roll,171.0,58
9146,Fresh Dairy Greek Yogurt,237.99,62
9147,Classic Pantry Soy Sauce 1L,201.75,66
9148,Original Frozen Frozen Pizza,122.99,70
9149,Salted Produce Garlic Bulb,75.75,74
9150,Spicy Meat Lamb Chops,194.49,78
9151,Deluxe Bath Mouthwash,157.49,82
9152,Imported Clean Floor Wax,419.5,86
9153,Natural Office Highlighter,67.75,90
9154,Organic Tech Earphones,1566.0,94
9155,Premium Pet Cat Food 1kg,175.99,98
9156,Roasted Coffee Espresso Beans,369.5,3
9157,Sweet Tea Hibiscus Leaves,470.49,7
9158,Light Snack Popcorn Bag,102.75,11
9159,Special Drink Juice Box,180.99,15
9160,Local Bakery Banana Bread,214.25,19
9161,Roasted Coffee Cappuccino Sticks,651.0,62
9162,Sweet Tea Jasmine Pearls,494.24,66
9163,Light Snack Trail Mix,148.74,70
9164,Special Drink Sports Drink,182.74,74
9165,Local Bakery Cinnamon Roll,174.25,78
9166,Fresh Dairy Greek Yogurt,241.24,82
9167,Classic Pantry Soy Sauce 1L,205.0,86
9168,Original Frozen Frozen Pizza,126.24,90
9169,Salted Produce Garlic Bulb,79.0,94
9170,Spicy Meat Lamb Chops,197.74,98
9171,Deluxe Bath Mouthwash,160.74,3
9172,Imported Clean Floor Wax,422.75,7
9173,Natural Office Highlighter,71.0,11
9174,Organic Tech Earphones,1569.25,15
9175,Premium Pet Cat Food 1kg,179.24,19
9176,Roasted Coffee Espresso Beans,372.75,23
9177,Sweet Tea Hibiscus Leaves,473.74,27
9178,Light Snack Popcorn Bag,106.0,31
9179,Special Drink Juice Box,184.24,35
9180,Local Bakery Banana Bread,217.5,39
9181,Roasted Coffee Cappuccino Sticks,654.25,82
9182,Sweet Tea Jasmine Pearls,497.49,86
9183,Light Snack Trail Mix,151.99,90
9184,Special Drink Sports Drink,185.99,94
9185,Local Bakery Cinnamon Roll,177.5,98
9186,Fresh Dairy Greek Yogurt,244.49,3
9187,Classic Pantry Soy Sauce 1L,208.25,7
9188,Original Frozen Frozen Pizza,129.49,11
9189,Salted Produce Garlic Bulb,82.25,15
9190,Spicy Meat Lamb Chops,200.99,19
9191,Deluxe Bath Mouthwash,163.99,23
9192,Imported Clean Floor Wax,426.0,27
9193,Natural Office Highlighter,74.25,31
9194,Organic Tech Earphones,1572.5,35
9195,Premium Pet Cat Food 1kg,182.49,39
9196,Roasted Coffee Espresso Beans,376.0,43
9197,Sweet Tea Hibiscus Leaves,476.99,47
9198,Light Snack Popcorn Bag,109.25,51
9199,Special Drink Juice Box,187.49,55
9200,Local Bakery Banana Bread,220.75,59
9201,Roasted Coffee Cappuccino Sticks,657.5,3
9202,Sweet Tea Jasmine Pearls,500.74,7
9203,Light Snack Trail Mix,155.24,11
9204,Special Drink Sports Drink,189.24,15
9205,Local Bakery Cinnamon Roll,180.75,19
9206,Fresh Dairy Greek Yogurt,247.74,23
9207,Classic Pantry Soy Sauce 1L,211.5,27
9208,Original Frozen Frozen Pizza,132.74,31
9209,Salted Produce Garlic Bulb,85.5,35
9210,Spicy Meat Lamb Chops,204.24,39
9211,Deluxe Bath Mouthwash,167.24,43
9212,Imported Clean Floor Wax,429.25,47
9213,Natural Office Highlighter,77.5,51
9214,Organic Tech Earphones,1575.75,55
9215,Premium Pet Cat Food 1kg,185.74,59
9216,Roasted Coffee Espresso Beans,379.25,63
9217,Sweet Tea Hibiscus Leaves,480.24,67
9218,Light Snack Popcorn Bag,112.5,71
9219,Special Drink Juice Box,190.74,75
9220,Local Bakery Banana Bread,224.0,79
9221,Roasted Coffee Cappuccino Sticks,660.75,23
9222,Sweet Tea Jasmine Pearls,503.99,27
9223,Light Snack Trail Mix,158.49,31
9224,Special Drink Sports Drink,192.49,35
9225,Local Bakery Cinnamon Roll,184.0,39
9226,Fresh Dairy Greek Yogurt,250.99,43
9227,Classic Pantry Soy Sauce 1L,214.75,47
9228,Original Frozen Frozen Pizza,135.99,51
9229,Salted Produce Garlic Bulb,88.75,55
9230,Spicy Meat Lamb Chops,207.49,59
9231,Deluxe Bath Mouthwash,170.49,63
9232,Imported Clean Floor Wax,432.5,67
9233,Natural Office Highlighter,80.75,71
9234,Organic Tech Earphones,1579.0,75
9235,Premium Pet Cat Food 1kg,188.99,79
9236,Roasted Coffee Espresso Beans,382.5,83
9237,Sweet Tea Hibiscus Leaves,483.49,87
9238,Light Snack Popcorn Bag,115.75,91
9239,Special Drink Juice Box,193.99,95
9240,Local Bakery Banana Bread,204.5,99
9241,Roasted Coffee Cappuccino Sticks,641.25,43
9242,Sweet Tea Jasmine Pearls,484.49,47
9243,Light Snack Trail Mix,138.99,51
9244,Special Drink Sports Drink,172.99,55
9245,Local Bakery Cinnamon Roll,164.5,59
9246,Fresh Dairy Greek Yogurt,231.49,63
9247,Classic Pantry Soy Sauce 1L,195.25,67
9248,Original Frozen Frozen Pizza,116.49,71
9249,Salted Produce Garlic Bulb,69.25,75
9250,Spicy Meat Lamb Chops,187.99,79
9251,Deluxe Bath Mouthwash,150.99,83
9252,Imported Clean Floor Wax,413.0,87
9253,Natural Office Highlighter,61.25,91
9254,Organic Tech Earphones,1559.5,95
9255,Premium Pet Cat Food 1kg,169.49,99
9256,Roasted Coffee Espresso Beans,363.0,4
9257,Sweet Tea Hibiscus Leaves,463.99,8
9258,Light Snack Popcorn Bag,96.25,12
9259,Special Drink Juice Box,174.49,16
9260,Local Bakery Banana Bread,207.75,20
9261,Roasted Coffee Cappuccino Sticks,644.5,63
9262,Sweet Tea Jasmine Pearls,487.74,67
9263,Light Snack Trail Mix,142.24,71
9264,Special Drink Sports Drink,176.24,75
9265,Local Bakery Cinnamon Roll,167.75,79
9266,Fresh Dairy Greek Yogurt,234.74,83
9267,Classic Pantry Soy Sauce 1L,198.5,87
9268,Original Frozen Frozen Pizza,119.74,91
9269,Salted Produce Garlic Bulb,72.5,95
9270,Spicy Meat Lamb Chops,191.24,99
9271,Deluxe Bath Mouthwash,154.24,4
9272,Imported Clean Floor Wax,416.25,8
9273,Natural Office Highlighter,64.5,12
9274,Organic Tech Earphones,1562.75,16
9275,Premium Pet Cat Food 1kg,172.74,20
9276,Roasted Coffee Espresso Beans,366.25,24
9277,Sweet Tea Hibiscus Leaves,467.24,28
9278,Light Snack Popcorn Bag,99.5,32
9279,Special Drink Juice Box,177.74,36
9280,Local Bakery Banana Bread,211.0,40
9281,Roasted Coffee Cappuccino Sticks,647.75,83
9282,Sweet Tea Jasmine Pearls,490.99,87
9283,Light Snack Trail Mix,145.49,91
9284,Special Drink Sports Drink,179.49,95
9285,Local Bakery Cinnamon Roll,171.0,99
9286,Fresh Dairy Greek Yogurt,237.99,4
9287,Classic Pantry Soy Sauce 1L,201.75,8
9288,Original Frozen Frozen Pizza,122.99,12
9289,Salted Produce Garlic Bulb,75.75,16
9290,Spicy Meat Lamb Chops,194.49,20
9291,Deluxe Bath Mouthwash,157.49,24
9292,Imported Clean Floor Wax,419.5,28
9293,Natural Office Highlighter,67.75,32
9294,Organic Tech Earphones,1566.0,36
9295,Premium Pet Cat Food 1kg,175.99,40
9296,Roasted Coffee Espresso Beans,369.5,44
9297,Sweet Tea Hibiscus Leaves,470.49,48
9298,Light Snack Popcorn Bag,102.75,52
9299,Special Drink Juice Box,180.99,56
9300,Local Bakery Banana Bread,214.25,60
9301,Roasted Coffee Cappuccino Sticks,651.0,4
9302,Sweet Tea Jasmine Pearls,494.24,8
9303,Light Snack Trail Mix,148.74,12
9304,Special Drink Sports Drink,182.74,16
9305,Local Bakery Cinnamon Roll,174.25,20
9306,Fresh Dairy Greek Yogurt,241.24,24
9307,Classic Pantry Soy Sauce 1L,205.0,28
9308,Original Frozen Frozen Pizza,126.24,32
9309,Salted Produce Garlic Bulb,79.0,36
9310,Spicy Meat Lamb Chops,197.74,40
9311,Deluxe Bath Mouthwash,160.74,44
9312,Imported Clean Floor Wax,422.75,48
9313,Natural Office Highlighter,71.0,52
9314,Organic Tech Earphones,1569.25,56
9315,Premium Pet Cat Food 1kg,179.24,60
9316,Roasted Coffee Espresso Beans,372.75,64
9317,Sweet Tea Hibiscus Leaves,473.74,68
9318,Light Snack Popcorn Bag,106.0,72
9319,Special Drink Juice Box,184.24,76
9320,Local Bakery Banana Bread,217.5,80
9321,Roasted Coffee Cappuccino Sticks,654.25,24
9322,Sweet Tea Jasmine Pearls,497.49,28
9323,Light Snack Trail Mix,151.99,32
9324,Special Drink Sports Drink,185.99,36
9325,Local Bakery Cinnamon Roll,177.5,40
9326,Fresh Dairy Greek Yogurt,244.49,44
9327,Classic Pantry Soy Sauce 1L,208.25,48
9328,Original Frozen Frozen Pizza,129.49,52
9329,Salted Produce Garlic Bulb,82.25,56
9330,Spicy Meat Lamb Chops,200.99,60
9331,Deluxe Bath Mouthwash,163.99,64
9332,Imported Clean Floor Wax,426.0,68
9333,Natural Office Highlighter,74.25,72
9334,Organic Tech Earphones,1572.5,76
9335,Premium Pet Cat Food 1kg,182.49,80
9336,Roasted Coffee Espresso Beans,376.0,84
9337,Sweet Tea Hibiscus Leaves,476.99,88
9338,Light Snack Popcorn Bag,109.25,92
9339,Special Drink Juice Box,187.49,96
9340,Local Bakery Banana Bread,220.75,1
9341,Roasted Coffee Cappuccino Sticks,657.5,44
9342,Sweet Tea Jasmine Pearls,500.74,48
9343,Light Snack Trail Mix,155.24,52
9344,Special Drink Sports Drink,189.24,56
9345,Local Bakery Cinnamon Roll,180.75,60
9346,Fresh Dairy Greek Yogurt,247.74,64
9347,Classic Pantry Soy Sauce 1L,211.5,68
9348,Original Frozen Frozen Pizza,132.74,72
9349,Salted Produce Garlic Bulb,85.5,76
9350,Spicy Meat Lamb Chops,204.24,80
9351,Deluxe Bath Mouthwash,167.24,84
9352,Imported Clean Floor Wax,429.25,88
9353,Natural Office Highlighter,77.5,92
9354,Organic Tech Earphones,1575.75,96
9355,Premium Pet Cat Food 1kg,185.74,1
9356,Roasted Coffee Espresso Beans,379.25,5
9357,Sweet Tea Hibiscus Leaves,480.24,9
9358,Light Snack Popcorn Bag,112.5,13
9359,Special Drink Juice Box,190.74,17
9360,Local Bakery Banana Bread,224.0,21
9361,Roasted Coffee Cappuccino Sticks,660.75,64
9362,Sweet Tea Jasmine Pearls,503.99,68
9363,Light Snack Trail Mix,158.49,72
9364,Special Drink Sports Drink,192.49,76
9365,Local Bakery Cinnamon Roll,184.0,80
9366,Fresh Dairy Greek Yogurt,250.99,84
9367,Classic Pantry Soy Sauce 1L,214.75,88
9368,Original Frozen Frozen Pizza,135.99,92
9369,Salted Produce Garlic Bulb,88.75,96
9370,Spicy Meat Lamb Chops,207.49,1
9371,Deluxe Bath Mouthwash,170.49,5
9372,Imported Clean Floor Wax,432.5,9
9373,Natural Office Highlighter,80.75,13
9374,Organic Tech Earphones,1579.0,17
9375,Premium Pet Cat Food 1kg,188.99,21
9376,Roasted Coffee Espresso Beans,382.5,25
9377,Sweet Tea Hibiscus Leaves,483.49,29
9378,Light Snack Popcorn Bag,115.75,33
9379,Special Drink Juice Box,193.99,37
9380,Local Bakery Banana Bread,204.5,41
9381,Roasted Coffee Cappuccino Sticks,641.25,84
9382,Sweet Tea Jasmine Pearls,484.49,88
9383,Light Snack Trail Mix,138.99,92
9384,Special Drink Sports Drink,172.99,96
9385,Local Bakery Cinnamon Roll,164.5,1
9386,Fresh Dairy Greek Yogurt,231.49,5
9387,Classic Pantry Soy Sauce 1L,195.25,9
9388,Original Frozen Frozen Pizza,116.49,13
9389,Salted Produce Garlic Bulb,69.25,17
9390,Spicy Meat Lamb Chops,187.99,21
9391,Deluxe Bath Mouthwash,150.99,25
9392,Imported Clean Floor Wax,413.0,29
9393,Natural Office Highlighter,61.25,33
9394,Organic Tech Earphones,1559.5,37
9395,Premium Pet Cat Food 1kg,169.49,41
9396,Roasted Coffee Espresso Beans,363.0,45
9397,Sweet Tea Hibiscus Leaves,463.99,49
9398,Light Snack Popcorn Bag,96.25,53
9399,Special Drink Juice Box,174.49,57
9400,Local Bakery Banana Bread,207.75,61
9401,Roasted Coffee Cappuccino Sticks,644.5,5
9402,Sweet Tea Jasmine Pearls,487.74,9
9403,Light Snack Trail Mix,142.24,13
9404,Special Drink Sports Drink,176.24,17
9405,Local Bakery Cinnamon Roll,167.75,21
9406,Fresh Dairy Greek Yogurt,234.74,25
9407,Classic Pantry Soy Sauce 1L,198.5,29
9408,Original Frozen Frozen Pizza,119.74,33
9409,Salted Produce Garlic Bulb,72.5,37
9410,Spicy Meat Lamb Chops,191.24,41
9411,Deluxe Bath Mouthwash,154.24,45
9412,Imported Clean Floor Wax,416.25,49
9413,Natural Office Highlighter,64.5,53
9414,Organic Tech Earphones,1562.75,57
9415,Premium Pet Cat Food 1kg,172.74,61
9416,Roasted Coffee Espresso Beans,366.25,65
9417,Sweet Tea Hibiscus Leaves,467.24,69
9418,Light Snack Popcorn Bag,99.5,73
9419,Special Drink Juice Box,177.74,77
9420,Local Bakery Banana Bread,211.0,81
9421,Roasted Coffee Cappuccino Sticks,647.75,25
9422,Sweet Tea Jasmine Pearls,490.99,29
9423,Light Snack Trail Mix,145.49,33
9424,Special Drink Sports Drink,179.49,37
9425,Local Bakery Cinnamon Roll,171.0,41
9426,Fresh Dairy Greek Yogurt,237.99,45
9427,Classic Pantry Soy Sauce 1L,201.75,49
9428,Original Frozen Frozen Pizza,122.99,53
9429,Salted Produce Garlic Bulb,75.75,57
9430,Spicy Meat Lamb Chops,194.49,61
9431,Deluxe Bath Mouthwash,157.49,65
9432,Imported Clean Floor Wax,419.5,69
9433,Natural Office Highlighter,67.75,73
9434,Organic Tech Earphones,1566.0,77
9435,Premium Pet Cat Food 1kg,175.99,81
9436,Roasted Coffee Espresso Beans,369.5,85
9437,Sweet Tea Hibiscus Leaves,470.49,89
9438,Light Snack Popcorn Bag,102.75,93
9439,Special Drink Juice Box,180.99,97
9440,Local Bakery Banana Bread,214.25,2
9441,Roasted Coffee Cappuccino Sticks,651.0,45
9442,Sweet Tea Jasmine Pearls,494.24,49
9443,Light Snack Trail Mix,148.74,53
9444,Special Drink Sports Drink,182.74,57
9445,Local Bakery Cinnamon Roll,174.25,61
9446,Fresh Dairy Greek Yogurt,241.24,65
9447,Classic Pantry Soy Sauce 1L,205.0,69
9448,Original Frozen Frozen Pizza,126.24,73
9449,Salted Produce Garlic Bulb,79.0,77
9450,Spicy Meat Lamb Chops,197.74,81
9451,Deluxe Bath Mouthwash,160.74,85
9452,Imported Clean Floor Wax,422.75,89
9453,Natural Office Highlighter,71.0,93
9454,Organic Tech Earphones,1569.25,97
9455,Premium Pet Cat Food 1kg,179.24,2
9456,Roasted Coffee Espresso Beans,372.75,6
9457,Sweet Tea Hibiscus Leaves,473.74,10
9458,Light Snack Popcorn Bag,106.0,14
9459,Special Drink Juice Box,184.24,18
9460,Local Bakery Banana Bread,217.5,22
9461,Roasted Coffee Cappuccino Sticks,654.25,65
9462,Sweet Tea Jasmine Pearls,497.49,69
9463,Light Snack Trail Mix,151.99,73
9464,Special Drink Sports Drink,185.99,77
9465,Local Bakery Cinnamon Roll,177.5,81
9466,Fresh Dairy Greek Yogurt,244.49,85
9467,Classic Pantry Soy Sauce 1L,208.25,89
9468,Original Frozen Frozen Pizza,129.49,93
9469,Salted Produce Garlic Bulb,82.25,97
9470,Spicy Meat Lamb Chops,200.99,2
9471,Deluxe Bath Mouthwash,163.99,6
9472,Imported Clean Floor Wax,426.0,10
9473,Natural Office Highlighter,74.25,14
9474,Organic Tech Earphones,1572.5,18
9475,Premium Pet Cat Food 1kg,182.49,22
9476,Roasted Coffee Espresso Beans,376.0,26
9477,Sweet Tea Hibiscus Leaves,476.99,30
9478,Light Snack Popcorn Bag,109.25,34
9479,Special Drink Juice Box,187.49,38
9480,Local Bakery Banana Bread,220.75,42
9481,Roasted Coffee Cappuccino Sticks,657.5,85
9482,Sweet Tea Jasmine Pearls,500.74,89
9483,Light Snack Trail Mix,155.24,93
9484,Special Drink Sports Drink,189.24,97
9485,Local Bakery Cinnamon Roll,180.75,2
9486,Fresh Dairy Greek Yogurt,247.74,6
9487,Classic Pantry Soy Sauce 1L,211.5,10
9488,Original Frozen Frozen Pizza,132.74,14
9489,Salted Produce Garlic Bulb,85.5,18
9490,Spicy Meat Lamb Chops,204.24,22
9491,Deluxe Bath Mouthwash,167.24,26
9492,Imported Clean Floor Wax,429.25,30
9493,Natural Office Highlighter,77.5,34
9494,Organic Tech Earphones,1575.75,38
9495,Premium Pet Cat Food 1kg,185.74,42
9496,Roasted Coffee Espresso Beans,379.25,46
9497,Sweet Tea Hibiscus Leaves,480.24,50
9498,Light Snack Popcorn Bag,112.5,54
9499,Special Drink Juice Box,190.74,58
9500,Local Bakery Banana Bread,224.0,62
9501,Roasted Coffee Cappuccino Sticks,660.75,6
9502,Sweet Tea Jasmine Pearls,503.99,10
9503,Light Snack Trail Mix,158.49,14
9504,Special Drink Sports Drink,192.49,18
9505,Local Bakery Cinnamon Roll,184.0,22
9506,Fresh Dairy Greek Yogurt,250.99,26
9507,Classic Pantry Soy Sauce 1L,214.75,30
9508,Original Frozen Frozen Pizza,135.99,34
9509,Salted Produce Garlic Bulb,88.75,38
9510,Spicy Meat Lamb Chops,207.49,42
9511,Deluxe Bath Mouthwash,170.49,46
9512,Imported Clean Floor Wax,432.5,50
9513,Natural Office Highlighter,80.75,54
9514,Organic Tech Earphones,1579.0,58
9515,Premium Pet Cat Food 1kg,188.99,62
9516,Roasted Coffee Espresso Beans,382.5,66
9517,Sweet Tea Hibiscus Leaves,483.49,70
9518,Light Snack Popcorn Bag,115.75,74
9519,Special Drink Juice Box,193.99,78
9520,Local Bakery Banana Bread,204.5,82
9521,Roasted Coffee Cappuccino Sticks,641.25,26
9522,Sweet Tea Jasmine Pearls,484.49,30
9523,Light Snack Trail Mix,138.99,34
9524,Special Drink Sports Drink,172.99,38
9525,Local Bakery Cinnamon Roll,164.5,42
9526,Fresh Dairy Greek Yogurt,231.49,46
9527,Classic Pantry Soy Sauce 1L,195.25,50
9528,Original Frozen Frozen Pizza,116.49,54
9529,Salted Produce Garlic Bulb,69.25,58
9530,Spicy Meat Lamb Chops,187.99,62
9531,Deluxe Bath Mouthwash,150.99,66
9532,Imported Clean Floor Wax,413.0,70
9533,Natural Office Highlighter,61.25,74
9534,Organic Tech Earphones,1559.5,78
9535,Premium Pet Cat Food 1kg,169.49,82
9536,Roasted Coffee Espresso Beans,363.0,86
9537,Sweet Tea Hibiscus Leaves,463.99,90
9538,Light Snack Popcorn Bag,96.25,94
9539,Special Drink Juice Box,174.49,98
9540,Local Bakery Banana Bread,207.75,3
9541,Roasted Coffee Cappuccino Sticks,644.5,46
9542,Sweet Tea Jasmine Pearls,487.74,50
9543,Light Snack Trail Mix,142.24,54
9544,Special Drink Sports Drink,176.24,58
9545,Local Bakery Cinnamon Roll,167.75,62
9546,Fresh Dairy Greek Yogurt,234.74,66
9547,Classic Pantry Soy Sauce 1L,198.5,70
9548,Original Frozen Frozen Pizza,119.74,74
9549,Salted Produce Garlic Bulb,72.5,78
9550,Spicy Meat Lamb Chops,191.24,82
9551,Deluxe Bath Mouthwash,154.24,86
9552,Imported Clean Floor Wax,416.25,90
9553,Natural Office Highlighter,64.5,94
9554,Organic Tech Earphones,1562.75,98
9555,Premium Pet Cat Food 1kg,172.74,3
9556,Roasted Coffee Espresso Beans,366.25,7
9557,Sweet Tea Hibiscus Leaves,467.24,11
9558,Light Snack Popcorn Bag,99.5,15
9559,Special Drink Juice Box,177.74,19
9560,Local Bakery Banana Bread,211.0,23
9561,Roasted Coffee Cappuccino Sticks,647.75,66
9562,Sweet Tea Jasmine Pearls,490.99,70
9563,Light Snack Trail Mix,145.49,74
9564,Special Drink Sports Drink,179.49,78
9565,Local Bakery Cinnamon Roll,171.0,82
9566,Fresh Dairy Greek Yogurt,237.99,86
9567,Classic Pantry Soy Sauce 1L,201.75,90
9568,Original Frozen Frozen Pizza,122.99,94
9569,Salted Produce Garlic Bulb,75.75,98
9570,Spicy Meat Lamb Chops,194.49,3
9571,Deluxe Bath Mouthwash,157.49,7
9572,Imported Clean Floor Wax,419.5,11
9573,Natural Office Highlighter,67.75,15
9574,Organic Tech Earphones,1566.0,19
9575,Premium Pet Cat Food 1kg,175.99,23
9576,Roasted Coffee Espresso Beans,369.5,27
9577,Sweet Tea Hibiscus Leaves,470.49,31
9578,Light Snack Popcorn Bag,102.75,35
9579,Special Drink Juice Box,180.99,39
9580,Local Bakery Banana Bread,214.25,43
9581,Roasted Coffee Cappuccino Sticks,651.0,86
9582,Sweet Tea Jasmine Pearls,494.24,90
9583,Light Snack Trail Mix,148.74,94
9584,Special Drink Sports Drink,182.74,98
9585,Local Bakery Cinnamon Roll,174.25,3
9586,Fresh Dairy Greek Yogurt,241.24,7
9587,Classic Pantry Soy Sauce 1L,205.0,11
9588,Original Frozen Frozen Pizza,126.24,15
9589,Salted Produce Garlic Bulb,79.0,19
9590,Spicy Meat Lamb Chops,197.74,23
9591,Deluxe Bath Mouthwash,160.74,27
9592,Imported Clean Floor Wax,422.75,31
9593,Natural Office Highlighter,71.0,35
9594,Organic Tech Earphones,1569.25,39
9595,Premium Pet Cat Food 1kg,179.24,43
9596,Roasted Coffee Espresso Beans,372.75,47
9597,Sweet Tea Hibiscus Leaves,473.74,51
9598,Light Snack Popcorn Bag,106.0,55
9599,Special Drink Juice Box,184.24,59
9600,Local Bakery Banana Bread,217.5,63
9601,Roasted Coffee Cappuccino Sticks,654.25,7
9602,Sweet Tea Jasmine Pearls,497.49,11
9603,Light Snack Trail Mix,151.99,15
9604,Special Drink Sports Drink,185.99,19
9605,Local Bakery Cinnamon Roll,177.5,23
9606,Fresh Dairy Greek Yogurt,244.49,27
9607,Classic Pantry Soy Sauce 1L,208.25,31
9608,Original Frozen Frozen Pizza,129.49,35
9609,Salted Produce Garlic Bulb,82.25,39
9610,Spicy Meat Lamb Chops,200.99,43
9611,Deluxe Bath Mouthwash,163.99,47
9612,Imported Clean Floor Wax,426.0,51
9613,Natural Office Highlighter,74.25,55
9614,Organic Tech Earphones,1572.5,59
9615,Premium Pet Cat Food 1kg,182.49,63
9616,Roasted Coffee Espresso Beans,376.0,67
9617,Sweet Tea Hibiscus Leaves,476.99,71
9618,Light Snack Popcorn Bag,109.25,75
9619,Special Drink Juice Box,187.49,79
9620,Local Bakery Banana Bread,220.75,83
9621,Roasted Coffee Cappuccino Sticks,657.5,27
9622,Sweet Tea Jasmine Pearls,500.74,31
9623,Light Snack Trail Mix,155.24,35
9624,Special Drink Sports Drink,189.24,39
9625,Local Bakery Cinnamon Roll,180.75,43
9626,Fresh Dairy Greek Yogurt,247.74,47
9627,Classic Pantry Soy Sauce 1L,211.5,51
9628,Original Frozen Frozen Pizza,132.74,55
9629,Salted Produce Garlic Bulb,85.5,59
9630,Spicy Meat Lamb Chops,204.24,63
9631,Deluxe Bath Mouthwash,167.24,67
9632,Imported Clean Floor Wax,429.25,71
9633,Natural Office Highlighter,77.5,75
9634,Organic Tech Earphones,1575.75,79
9635,Premium Pet Cat Food 1kg,185.74,83
9636,Roasted Coffee Espresso Beans,379.25,87
9637,Sweet Tea Hibiscus Leaves,480.24,91
9638,Light Snack Popcorn Bag,112.5,95
9639,Special Drink Juice Box,190.74,99
9640,Local Bakery Banana Bread,224.0,4
9641,Roasted Coffee Cappuccino Sticks,660.75,47
9642,Sweet Tea Jasmine Pearls,503.99,51
9643,Light Snack Trail Mix,158.49,55
9644,Special Drink Sports Drink,192.49,59
9645,Local Bakery Cinnamon Roll,184.0,63
9646,Fresh Dairy Greek Yogurt,250.99,67
9647,Classic Pantry Soy Sauce 1L,214.75,71
9648,Original Frozen Frozen Pizza,135.99,75
9649,Salted Produce Garlic Bulb,88.75,79
9650,Spicy Meat Lamb Chops,207.49,83
9651,Deluxe Bath Mouthwash,170.49,87
9652,Imported Clean Floor Wax,432.5,91
9653,Natural Office Highlighter,80.75,95
9654,Organic Tech Earphones,1579.0,99
9655,Premium Pet Cat Food 1kg,188.99,4
9656,Roasted Coffee Espresso Beans,382.5,8
9657,Sweet Tea Hibiscus Leaves,483.49,12
9658,Light Snack Popcorn Bag,115.75,16
9659,Special Drink Juice Box,193.99,20
9660,Local Bakery Banana Bread,204.5,24
9661,Roasted Coffee Cappuccino Sticks,641.25,67
9662,Sweet Tea Jasmine Pearls,484.49,71
9663,Light Snack Trail Mix,138.99,75
9664,Special Drink Sports Drink,172.99,79
9665,Local Bakery Cinnamon Roll,164.5,83
9666,Fresh Dairy Greek Yogurt,231.49,87
9667,Classic Pantry Soy Sauce 1L,195.25,91
9668,Original Frozen Frozen Pizza,116.49,95
9669,Salted Produce Garlic Bulb,69.25,99
9670,Spicy Meat Lamb Chops,187.99,4
9671,Deluxe Bath Mouthwash,150.99,8
9672,Imported Clean Floor Wax,413.0,12
9673,Natural Office Highlighter,61.25,16
9674,Organic Tech Earphones,1559.5,20
9675,Premium Pet Cat Food 1kg,169.49,24
9676,Roasted Coffee Espresso Beans,363.0,28
9677,Sweet Tea Hibiscus Leaves,463.99,32
9678,Light Snack Popcorn Bag,96.25,36
9679,Special Drink Juice Box,174.49,40
9680,Local Bakery Banana Bread,207.75,44
9681,Roasted Coffee Cappuccino Sticks,644.5,87
9682,Sweet Tea Jasmine Pearls,487.74,91
9683,Light Snack Trail Mix,142.24,95
9684,Special Drink Sports Drink,176.24,99
9685,Local Bakery Cinnamon Roll,167.75,4
9686,Fresh Dairy Greek Yogurt,234.74,8
9687,Classic Pantry Soy Sauce 1L,198.5,12
9688,Original Frozen Frozen Pizza,119.74,16
9689,Salted Produce Garlic Bulb,72.5,20
9690,Spicy Meat Lamb Chops,191.24,24
9691,Deluxe Bath Mouthwash,154.24,28
9692,Imported Clean Floor Wax,416.25,32
9693,Natural Office Highlighter,64.5,36
9694,Organic Tech Earphones,1562.75,40
9695,Premium Pet Cat Food 1kg,172.74,44
9696,Roasted Coffee Espresso Beans,366.25,48
9697,Sweet Tea Hibiscus Leaves,467.24,52
9698,Light Snack Popcorn Bag,99.5,56
9699,Special Drink Juice Box,177.74,60
9700,Local Bakery Banana Bread,211.0,64
9701,Roasted Coffee Cappuccino Sticks,647.75,8
9702,Sweet Tea Jasmine Pearls,490.99,12
9703,Light Snack Trail Mix,145.49,16
9704,Special Drink Sports Drink,179.49,20
9705,Local Bakery Cinnamon Roll,171.0,24
9706,Fresh Dairy Greek Yogurt,237.99,28
9707,Classic Pantry Soy Sauce 1L,201.75,32
9708,Original Frozen Frozen Pizza,122.99,36
9709,Salted Produce Garlic Bulb,75.75,40
9710,Spicy Meat Lamb Chops,194.49,44
9711,Deluxe Bath Mouthwash,157.49,48
9712,Imported Clean Floor Wax,419.5,52
9713,Natural Office Highlighter,67.75,56
9714,Organic Tech Earphones,1566.0,60
9715,Premium Pet Cat Food 1kg,175.99,64
9716,Roasted Coffee Espresso Beans,369.5,68
9717,Sweet Tea Hibiscus Leaves,470.49,72
9718,Light Snack Popcorn Bag,102.75,76
9719,Special Drink Juice Box,180.99,80
9720,Local Bakery Banana Bread,214.25,84
9721,Roasted Coffee Cappuccino Sticks,651.0,28
9722,Sweet Tea Jasmine Pearls,494.24,32
9723,Light Snack Trail Mix,148.74,36
9724,Special Drink Sports Drink,182.74,40
9725,Local Bakery Cinnamon Roll,174.25,44
9726,Fresh Dairy Greek Yogurt,241.24,48
9727,Classic Pantry Soy Sauce 1L,205.0,52
9728,Original Frozen Frozen Pizza,126.24,56
9729,Salted Produce Garlic Bulb,79.0,60
9730,Spicy Meat Lamb Chops,197.74,64
9731,Deluxe Bath Mouthwash,160.74,68
9732,Imported Clean Floor Wax,422.75,72
9733,Natural Office Highlighter,71.0,76
9734,Organic Tech Earphones,1569.25,80
9735,Premium Pet Cat Food 1kg,179.24,84
9736,Roasted Coffee Espresso Beans,372.75,88
9737,Sweet Tea Hibiscus Leaves,473.74,92
9738,Light Snack Popcorn Bag,106.0,96
9739,Special Drink Juice Box,184.24,1
9740,Local Bakery Banana Bread,217.5,5
9741,Roasted Coffee Cappuccino Sticks,654.25,48
9742,Sweet Tea Jasmine Pearls,497.49,52
9743,Light Snack Trail Mix,151.99,56
9744,Special Drink Sports Drink,185.99,60
9745,Local Bakery Cinnamon Roll,177.5,64
9746,Fresh Dairy Greek Yogurt,244.49,68
9747,Classic Pantry Soy Sauce 1L,208.25,72
9748,Original Frozen Frozen Pizza,129.49,76
9749,Salted Produce Garlic Bulb,82.25,80
9750,Spicy Meat Lamb Chops,200.99,84
9751,Deluxe Bath Mouthwash,163.99,88
9752,Imported Clean Floor Wax,426.0,92
9753,Natural Office Highlighter,74.25,96
9754,Organic Tech Earphones,1572.5,1
9755,Premium Pet Cat Food 1kg,182.49,5
9756,Roasted Coffee Espresso Beans,376.0,9
9757,Sweet Tea Hibiscus Leaves,476.99,13
9758,Light Snack Popcorn Bag,109.25,17
9759,Special Drink Juice Box,187.49,21
9760,Local Bakery Banana Bread,220.75,25
9761,Roasted Coffee Cappuccino Sticks,657.5,68
9762,Sweet Tea Jasmine Pearls,500.74,72
9763,Light Snack Trail Mix,155.24,76
9764,Special Drink Sports Drink,189.24,80
9765,Local Bakery Cinnamon Roll,180.75,84
9766,Fresh Dairy Greek Yogurt,247.74,88
9767,Classic Pantry Soy Sauce 1L,211.5,92
9768,Original Frozen Frozen Pizza,132.74,96
9769,Salted Produce Garlic Bulb,85.5,1
9770,Spicy Meat Lamb Chops,204.24,5
9771,Deluxe Bath Mouthwash,167.24,9
9772,Imported Clean Floor Wax,429.25,13
9773,Natural Office Highlighter,77.5,17
9774,Organic Tech Earphones,1575.75,21
9775,Premium Pet Cat Food 1kg,185.74,25
9776,Roasted Coffee Espresso Beans,379.25,29
9777,Sweet Tea Hibiscus Leaves,480.24,33
9778,Light Snack Popcorn Bag,112.5,37
9779,Special Drink Juice Box,190.74,41
9780,Local Bakery Banana Bread,224.0,45
9781,Roasted Coffee Cappuccino Sticks,660.75,88
9782,Sweet Tea Jasmine Pearls,503.99,92
9783,Light Snack Trail Mix,158.49,96
9784,Special Drink Sports Drink,192.49,1
9785,Local Bakery Cinnamon Roll,184.0,5
9786,Fresh Dairy Greek Yogurt,250.99,9
9787,Classic Pantry Soy Sauce 1L,214.75,13
9788,Original Frozen Frozen Pizza,135.99,17
9789,Salted Produce Garlic Bulb,88.75,21
9790,Spicy Meat Lamb Chops,207.49,25
9791,Deluxe Bath Mouthwash,170.49,29
9792,Imported Clean Floor Wax,432.5,33
9793,Natural Office Highlighter,80.75,37
9794,Organic Tech Earphones,1579.0,41
9795,Premium Pet Cat Food 1kg,188.99,45
9796,Roasted Coffee Espresso Beans,382.5,49
9797,Sweet Tea Hibiscus Leaves,483.49,53
9798,Light Snack Popcorn Bag,115.75,57
9799,Special Drink Juice Box,193.99,61
9800,Local Bakery Banana Bread,204.5,65
9801,Roasted Coffee Cappuccino Sticks,641.25,9
9802,Sweet Tea Jasmine Pearls,484.49,13
9803,Light Snack Trail Mix,138.99,17
9804,Special Drink Sports Drink,172.99,21
9805,Local Bakery Cinnamon Roll,164.5,25
9806,Fresh Dairy Greek Yogurt,231.49,29
9807,Classic Pantry Soy Sauce 1L,195.25,33
9808,Original Frozen Frozen Pizza,116.49,37
9809,Salted Produce Garlic Bulb,69.25,41
9810,Spicy Meat Lamb Chops,187.99,45
9811,Deluxe Bath Mouthwash,150.99,49
9812,Imported Clean Floor Wax,413.0,53
9813,Natural Office Highlighter,61.25,57
9814,Organic Tech Earphones,1559.5,61
9815,Premium Pet Cat Food 1kg,169.49,65
9816,Roasted Coffee Espresso Beans,363.0,69
9817,Sweet Tea Hibiscus Leaves,463.99,73
9818,Light Snack Popcorn Bag,96.25,77
9819,Special Drink Juice Box,174.49,81
9820,Local Bakery Banana Bread,207.75,85
9821,Roasted Coffee Cappuccino Sticks,644.5,29
9822,Sweet Tea Jasmine Pearls,487.74,33
9823,Light Snack Trail Mix,142.24,37
9824,Special Drink Sports Drink,176.24,41
9825,Local Bakery Cinnamon Roll,167.75,45
9826,Fresh Dairy Greek Yogurt,234.74,49
9827,Classic Pantry Soy Sauce 1L,198.5,53
9828,Original Frozen Frozen Pizza,119.74,57
9829,Salted Produce Garlic Bulb,72.5,61
9830,Spicy Meat Lamb Chops,191.24,65
9831,Deluxe Bath Mouthwash,154.24,69
9832,Imported Clean Floor Wax,416.25,73
9833,Natural Office Highlighter,64.5,77
9834,Organic Tech Earphones,1562.75,81
9835,Premium Pet Cat Food 1kg,172.74,85
9836,Roasted Coffee Espresso Beans,366.25,89
9837,Sweet Tea Hibiscus Leaves,467.24,93
9838,Light Snack Popcorn Bag,99.5,97
9839,Special Drink Juice Box,177.74,2
9840,Local Bakery Banana Bread,211.0,6
9841,Roasted Coffee Cappuccino Sticks,647.75,49
9842,Sweet Tea Jasmine Pearls,490.99,53
9843,Light Snack Trail Mix,145.49,57
9844,Special Drink Sports Drink,179.49,61
9845,Local Bakery Cinnamon Roll,171.0,65
9846,Fresh Dairy Greek Yogurt,237.99,69
9847,Classic Pantry Soy Sauce 1L,201.75,73
9848,Original Frozen Frozen Pizza,122.99,77
9849,Salted Produce Garlic Bulb,75.75,81
9850,Spicy Meat Lamb Chops,194.49,85
9851,Deluxe Bath Mouthwash,157.49,89
9852,Imported Clean Floor Wax,419.5,93
9853,Natural Office Highlighter,67.75,97
9854,Organic Tech Earphones,1566.0,2
9855,Premium Pet Cat Food 1kg,175.99,6
9856,Roasted Coffee Espresso Beans,369.5,10
9857,Sweet Tea Hibiscus Leaves,470.49,14
9858,Light Snack Popcorn Bag,102.75,18
9859,Special Drink Juice Box,180.99,22
9860,Local Bakery Banana Bread,214.25,26
9861,Roasted Coffee Cappuccino Sticks,651.0,69
9862,Sweet Tea Jasmine Pearls,494.24,73
9863,Light Snack Trail Mix,148.74,77
9864,Special Drink Sports Drink,182.74,81
9865,Local Bakery Cinnamon Roll,174.25,85
9866,Fresh Dairy Greek Yogurt,241.24,89
9867,Classic Pantry Soy Sauce 1L,205.0,93
9868,Original Frozen Frozen Pizza,126.24,97
9869,Salted Produce Garlic Bulb,79.0,2
9870,Spicy Meat Lamb Chops,197.74,6
9871,Deluxe Bath Mouthwash,160.74,10
9872,Imported Clean Floor Wax,422.75,14
9873,Natural Office Highlighter,71.0,18
9874,Organic Tech Earphones,1569.25,22
9875,Premium Pet Cat Food 1kg,179.24,26
9876,Roasted Coffee Espresso Beans,372.75,30
9877,Sweet Tea Hibiscus Leaves,473.74,34
9878,Light Snack Popcorn Bag,106.0,38
9879,Special Drink Juice Box,184.24,42
9880,Local Bakery Banana Bread,217.5,46
9881,Roasted Coffee Cappuccino Sticks,654.25,89
9882,Sweet Tea Jasmine Pearls,497.49,93
9883,Light Snack Trail Mix,151.99,97
9884,Special Drink Sports Drink,185.99,2
9885,Local Bakery Cinnamon Roll,177.5,6
9886,Fresh Dairy Greek Yogurt,244.49,10
9887,Classic Pantry Soy Sauce 1L,208.25,14
9888,Original Frozen Frozen Pizza,129.49,18
9889,Salted Produce Garlic Bulb,82.25,22
9890,Spicy Meat Lamb Chops,200.99,26
9891,Deluxe Bath Mouthwash,163.99,30
9892,Imported Clean Floor Wax,426.0,34
9893,Natural Office Highlighter,74.25,38
9894,Organic Tech Earphones,1572.5,42
9895,Premium Pet Cat Food 1kg,182.49,46
9896,Roasted Coffee Espresso Beans,376.0,50
9897,Sweet Tea Hibiscus Leaves,476.99,54
9898,Light Snack Popcorn Bag,109.25,58
9899,Special Drink Juice Box,187.49,62
9900,Local Bakery Banana Bread,220.75,66
9901,Roasted Coffee Cappuccino Sticks,657.5,10
9902,Sweet Tea Jasmine Pearls,500.74,14
9903,Light Snack Trail Mix,155.24,18
9904,Special Drink Sports Drink,189.24,22
9905,Local Bakery Cinnamon Roll,180.75,26
9906,Fresh Dairy Greek Yogurt,247.74,30
9907,Classic Pantry Soy Sauce 1L,211.5,34
9908,Original Frozen Frozen Pizza,132.74,38
9909,Salted Produce Garlic Bulb,85.5,42
9910,Spicy Meat Lamb Chops,204.24,46
9911,Deluxe Bath Mouthwash,167.24,50
9912,Imported Clean Floor Wax,429.25,54
9913,Natural Office Highlighter,77.5,58
9914,Organic Tech Earphones,1575.75,62
9915,Premium Pet Cat Food 1kg,185.74,66
9916,Roasted Coffee Espresso Beans,379.25,70
9917,Sweet Tea Hibiscus Leaves,480.24,74
9918,Light Snack Popcorn Bag,112.5,78
9919,Special Drink Juice Box,190.74,82
9920,Local Bakery Banana Bread,224.0,86
9921,Roasted Coffee Cappuccino Sticks,660.75,30
9922,Sweet Tea Jasmine Pearls,503.99,34
9923,Light Snack Trail Mix,158.49,38
9924,Special Drink Sports Drink,192.49,42
9925,Local Bakery Cinnamon Roll,184.0,46
9926,Fresh Dairy Greek Yogurt,250.99,50
9927,Classic Pantry Soy Sauce 1L,214.75,54
9928,Original Frozen Frozen Pizza,135.99,58
9929,Salted Produce Garlic Bulb,88.75,62
9930,Spicy Meat Lamb Chops,207.49,66
9931,Deluxe Bath Mouthwash,170.49,70
9932,Imported Clean Floor Wax,432.5,74
9933,Natural Office Highlighter,80.75,78
9934,Organic Tech Earphones,1579.0,82
9935,Premium Pet Cat Food 1kg,188.99,86
9936,Roasted Coffee Espresso Beans,382.5,90
9937,Sweet Tea Hibiscus Leaves,483.49,94
9938,Light Snack Popcorn Bag,115.75,98
9939,Special Drink Juice Box,193.99,3
9940,Local Bakery Banana Bread,204.5,7
9941,Roasted Coffee Cappuccino Sticks,641.25,50
9942,Sweet Tea Jasmine Pearls,484.49,54
9943,Light Snack Trail Mix,138.99,58
9944,Special Drink Sports Drink,172.99,62
9945,Local Bakery Cinnamon Roll,164.5,66
9946,Fresh Dairy Greek Yogurt,231.49,70
9947,Classic Pantry Soy Sauce 1L,195.25,74
9948,Original Frozen Frozen Pizza,116.49,78
9949,Salted Produce Garlic Bulb,69.25,82
9950,Spicy Meat Lamb Chops,187.99,86
9951,Deluxe Bath Mouthwash,150.99,90
9952,Imported Clean Floor Wax,413.0,94
9953,Natural Office Highlighter,61.25,98
9954,Organic Tech Earphones,1559.5,3
9955,Premium Pet Cat Food 1kg,169.49,7
9956,Roasted Coffee Espresso Beans,363.0,11
9957,Sweet Tea Hibiscus Leaves,463.99,15
9958,Light Snack Popcorn Bag,96.25,19
9959,Special Drink Juice Box,174.49,23
9960,Local Bakery Banana Bread,207.75,27
9961,Roasted Coffee Cappuccino Sticks,644.5,70
9962,Sweet Tea Jasmine Pearls,487.74,74
9963,Light Snack Trail Mix,142.24,78
9964,Special Drink Sports Drink,176.24,82
9965,Local Bakery Cinnamon Roll,167.75,86
9966,Fresh Dairy Greek Yogurt,234.74,90
9967,Classic Pantry Soy Sauce 1L,198.5,94
9968,Original Frozen Frozen Pizza,119.74,98
9969,Salted Produce Garlic Bulb,72.5,3
9970,Spicy Meat Lamb Chops,191.24,7
9971,Deluxe Bath Mouthwash,154.24,11
9972,Imported Clean Floor Wax,416.25,15
9973,Natural Office Highlighter,64.5,19
9974,Organic Tech Earphones,1562.75,23
9975,Premium Pet Cat Food 1kg,172.74,27
9976,Roasted Coffee Espresso Beans,366.25,31
9977,Sweet Tea Hibiscus Leaves,467.24,35
9978,Light Snack Popcorn Bag,99.5,39
9979,Special Drink Juice Box,177.74,43
9980,Local Bakery Banana Bread,211.0,47
9981,Roasted Coffee Cappuccino Sticks,647.75,90
9982,Sweet Tea Jasmine Pearls,490.99,94
9983,Light Snack Trail Mix,145.49,98
9984,Special Drink Sports Drink,179.49,3
9985,Local Bakery Cinnamon Roll,171.0,7
9986,Fresh Dairy Greek Yogurt,237.99,11
9987,Classic Pantry Soy Sauce 1L,201.75,15
9988,Original Frozen Frozen Pizza,122.99,19
9989,Salted Produce Garlic Bulb,75.75,23
9990,Spicy Meat Lamb Chops,194.49,27
9991,Deluxe Bath Mouthwash,157.49,31
9992,Imported Clean Floor Wax,419.5,35
9993,Natural Office Highlighter,67.75,39
9994,Organic Tech Earphones,1566.0,43
9995,Premium Pet Cat Food 1kg,175.99,47
9996,Roasted Coffee Espresso Beans,369.5,51
9997,Sweet Tea Hibiscus Leaves,470.49,55
9998,Light Snack Popcorn Bag,102.75,59
9999,Special Drink Juice Box,180.99,63
10000,Local Bakery Banana Bread,214.25,67
